alert_adolescent_needs_focus_delayed;The following Children need an Education Focus:\n$LIST$;Les enfants suivants ont besoin d'un intérêt d'éducation :\n$LIST$;Folgende Kinder haben noch keinen Bildungsschwerpunkt:\n$LIST$;;A los niños siguientes les falta un Enfoque de educación:\n$LIST$;;;;;;;;;x
alert_adolescent_needs_focus_instant;§Y$NUM$ Children Lack an Education Focus§!;§YEnfants sans intérêt d'éducation ($NUM$)§!;§YKinder haben noch keinen Bildungsschwerpunkt: $NUM$§!;;§Y$NUM$ niños les falta un Enfoque de educación§!;;;;;;;;;x
alert_adolescent_needs_focus_name;Children lack an Edcuation Focus;Des enfants n'ont pas d'intérêt d'éducation;Es gibt Kinder ohne Bildungsschwerpunkt;;A los niños le falta un Enfoque de educación;;;;;;;;;x
alert_adult_sons_notitle_delayed;The following adult sons do not hold any land:\n$LIST$;Les fils adultes suivants n'ont pas de terres : \n$LIST$;Folgende erwachsene Söhne haben keinerlei Landbesitz:\n$LIST$;;Los siguientes hijos adultos no poseen ninguna tierra:\n$LIST$;;;;;;;;;x
alert_adult_sons_notitle_instant;§YUnlanded Sons§!;§YFils sans terres§!;§YLandlose Söhne§!;;§YHijos sin tierra§!;;;;;;;;;x
alert_adult_sons_notitle_name;Unlanded sons;Fils sans terres;Söhne besitzen kein Land;;Hijos sin tierras;;;;;;;;;x
alert_adventurer_threat_delayed;The following adventurers are targeting me:\n$LIST$;Ces aventuriers m'ont pris pour cible :\n$LIST$;Die folgenden Abenteurer haben mich zum Ziel auserkoren:\n$LIST$;;Los siguientes aventureros me han elegido como objetivo:\n$LIST$;;;;;;;;;x
alert_adventurer_threat_instant;§YAdventurer Threats§!;§YMenaces d'aventuriers§!;§YAbenteurerbedrohung§!;;Amenazas de Adventurero;;;;;;;;;x
alert_adventurer_threat_name;Adventurers Targeting me;Les aventuriers qui me ciblent;Abenteurer, die mich zum Ziel haben;;Los aventureros me tienen como objectivo;;;;;;;;;x
alert_allies_not_called_in_delayed;We can ask the following allies to support us:\n$LIST$;Nous pouvons demander aux alliés suivants de nous venir en aide : \n$LIST$;Wir können die folgenden Verbündeten um Hilfe bitten:\n$LIST$;;Podemos pedir ayuda a los siguientes aliados:\n$LIST$;;;;;;;;;x
alert_allies_not_called_in_instant;§YWe can Call in Allies§!;§YNous pouvons faire appel aux alliés§!;§YWir können Verbündete rufen§!;;§YPodemos llamar a aliados§!;;;;;;;;;x
alert_allies_not_called_in_name;We can call in allies;Nous pouvons solliciter de l'aide à nos alliés;Es können Verbündete um Beistand gebeten werden;;Podemos llamar a nuestros aliados;;;;;;;;;x
alert_at_peace_prestige_loss_delayed;As a §Y$RELIGION$ Pagan§!, you lose §R$PRESTIGE$§! Prestige every month for being at peace and doing no raiding.;Puisque vous êtes de religion païenne §Y$RELIGION$§!, vous perdez §R$PRESTIGE$§! de prestige chaque mois où vous êtes en paix et ne faites pas de pillages.;Als ein §Y$RELIGION$-Heide§! verliert Ihr §R$PRESTIGE$§! Prestige in jedem Monat, in dem Ihr Euch im Frieden befindet und niemanden plündert.;;Como Pagano §Y$RELIGION$§!, pierdes §R$PRESTIGE$§! prestigio cada mes por estar en paz y no hacer ningún ataque.;;;;;;;;;x
alert_at_peace_prestige_loss_instant;§YYou have been at peace for too long!§!;§YVous avez été en paix pendant trop longtemps !§!;§YIhr befindet Euch zu lange in Friedenszeiten!§!;;§YLlevas en paz demasiado tiempo!§!;;;;;;;;;x
alert_at_peace_prestige_loss_name;Long Peace;Longue paix;Langer Frieden;;Larga Paz;;;;;;;;;x
alert_available_decision_delayed;The following important Decisions are available:\n$LIST$;Les décisions importantes suivantes sont disponibles : \n$LIST$;Folgende wichtige Entscheidungen sind verfügbar:\n$LIST$;;Están disponibles las siguientes decisiones importantes:\n$LIST$;;;;;;;;;x
alert_available_decision_instant;§YNew Important Decisions are Available§!;§YDe nouvelles décisions importantes sont disponibles§!;§YNeue wichtige Entscheidungen verfügbar§!;;§YHay disponibles nuevas decisiones importantes§!;;;;;;;;;x
alert_available_decision_name;Important Decisions;Décisions importantes;Wichtige Entscheidungen;;Decisiones Importantes;;;;;;;;;x
alert_available_minor_title_delayed;The following Special Minor Titles can be granted:\n$LIST$;Les titres mineurs suivants peuvent être décernés :\n$LIST$;Folgende spezielle niedere Titel können vergeben werden:\n$LIST$;;Se pueden conceder los siguientes títulos menores especiales:\n$LIST$ ;;;;;;;;x
alert_available_minor_title_instant;§YSpecial Minor Titles Grantable§!;§YTitres mineurs spéciaux décernables§!;§YSpezielle niedere Titel zu vergeben§!;;§YTítulos menores especiales concedidos§!;;;;;;;;x
alert_available_minor_title_name;Available Minor Title;Titre mineur disponible;Niederer Titel verfügbar;;Título menor disponible;;;;;;;;;x
alert_available_plot_delayed;The following Plots have become available:\n$LIST$;Les complots suivants sont désormais disponibles : \n$LIST$;Folgende Verschwörungen sind jetzt verfügbar:\n$LIST$;;Están disponibles los siguientes complots:\n$LIST$;;;;;;;;;x
alert_available_plot_instant;§YNew Plots are Available§!;§YDe nouveaux complots sont disponibles.§!;§YNeue Verschwörungen verfügbar§!;;§YHay nuevos complots disponibles§!;;;;;;;;;x
alert_available_plot_name;New plots available;De nouveaux complots sont disponibles;Neue Verschwörung möglich;;Nuevos complots disponibles;;;;;;;;;x
alert_available_settlement_decision_delayed;The following Special Holding Actions are available:\n$LIST$;Les actions spéciales de propriété suivantes sont disponibles :\n$LIST$;Folgende Sonderaktionen sind verfügbar:\n$LIST$;;Están disponibles las siguientes acciones especiales de asentamiento: \n$LIST$;;;;;;;;;x
alert_available_settlement_decision_instant;§YSpecial Holding Actions Possible§!;§YActions spéciales de propriété possibles§!;§YSpezielle Besitztumsaktionen möglich§!;;¡§YPosibles acciones especiales de asentamiento§!;;;;;;;;;x
alert_available_settlement_decision_name;Special Holding Actions Possible;Actions spéciales de propriétés possibles;Spezielle Besitztumsaktionen möglich;;Acciones especiales de la posesión posibles;;;;;;;;;x
alert_available_targetted_decision_delayed;The following Special Character Actions are available:\n$LIST$;Les actions spéciales de personnage suivantes sont disponibles :\n$LIST$;Folgende Sonderaktionen sind verfügbar:\n$LIST$;;Están disponibles las siguientes acciones especiales de personaje: \n$LIST$;;;;;;;;;x
alert_available_targetted_decision_instant;§YSpecial Character Actions Possible§!;§YActions spéciales de personnage possibles§!;§YSpezielle Personenaktionen möglich§!;;¡§YPosibles acciones especiales de personaje§!;;;;;;;;;x
alert_available_targetted_decision_name;Special Character Actions Possible;Actions spéciales de personnage possibles;Spezielle Charakteraktionen möglich;;Acciones especiales de personaje posibles;;;;;;;;;x
alert_available_title_decision_delayed;The following Special Title Actions are available:\n$LIST$;Les actions spéciales de titre suivantes sont disponibles :\n$LIST$;Folgende Sonderaktionen sind verfügbar:\n$LIST$;;Están disponibles las siguientes acciones especiales de título: \n$LIST$;;;;;;;;;x
alert_available_title_decision_instant;§YSpecial Title Actions Possible§!;§YActions spéciales de titre possibles§!;§YSpezielle Titelaktionen möglich§!;;¡§YPosibles acciones especiales de título§!;;;;;;;;;x
alert_available_title_decision_name;Special Title Actions Possible;Actions spéciales de titre possibles;Spezielle Titelaktionen möglich;;Acciones especiales del título posibles;;;;;;;;;x
alert_beneficiary_needed_delayed;As a participant in the ongoing Crusade, a beneficiary should be selected so that when the inevitable victory occurs, our dynasty may share in the spoils.;Puisque vous participez à la croisade en cours, un bénéficiaire devrait être choisi afin que lorsque l'inévitable victoire se produira, votre dynastie puisse se partager le butin.;Als Teilnehmer am andauernden Kreuzzug sollte ein Begünstigter ausgewählt werden, damit unsere Dynastie, wenn der unvermeidliche Sieg eintritt, einen Teil der Beute erhalten kann.;;Como participante en la Cruzada en curso, debes seleccionar un beneficiario para que nuestra dinastía pueda compartir el botín cuando llegue la inevitable victoria.;;;;;;;;;x
alert_beneficiary_needed_instant;§YCrusade Beneficiary not Selected§!;§YLe bénéficiaire de la croisade n'a pas été choisi§!;§YKein Begünstigter des Kreuzzugs ausgewählt§!;;§YNo se seleccionó beneficiario de la cruzada§!;;;;;;;;;x
alert_betrothed_should_marry_delayed;The following betrothed characters can get married:\n$LIST$;Les fiancés suivants peuvent se marier : \n$LIST$;Folgende verlobte Charaktere können heiraten:\n$LIST$;;Los siguientes personajes prometidos pueden casarse:\n$LIST$;;;;;;;;;x
alert_betrothed_should_marry_instant;§YBetrothed can Marry§!;§YLes fiancés peuvent se marier§!;§YVerlobte können heiraten§!;;§YLos prometidos pueden casarse§!;;;;;;;;;x
alert_betrothed_should_marry_name;Betrothed can marry;Les fiancés peuvent se marier;Verlobte können heiraten;;Prometido se puede casar;;;;;;;;;x
alert_build_province_improvement_delayed;$LIST$;$LIST$;$LIST$;$LIST$;$LIST$;$LIST$;$LIST$;$LIST$;;;;;;x
alert_build_province_improvement_instant;§YYou can build county improvements!§!;§YVous pouvez procéder à des améliorations comtales !§!;§YIhr könnt Provinzverbesserungen bauen!§!;§YMo¿esz budowaæ ulepszenia w prowincji!§!;§YPodéis construir mejoras de la provincia§!;§YPuoi costruire miglioramenti per la provincia!§!;§YFejlesztheted a tartományaidat!§!;§YMùžete budovat provinciální vylepšení!§!;;;;;;x
alert_build_province_improvement_name;Can build county improvements;Peut contruire des améliorations comtales;Es können Provinzverbesserungen gebaut werden;;Podemos construir mejoras en nuestras provincias;;;;;;;;;x
alert_can_call_vassals_to_arms_delayed;The following vassals can join our war against our former liege:\n$LIST$;Les vassaux suivants peuvent se joindre à notre guerre contre notre ancien seigneur lige : \n$LIST$;Folgende Vasallen können unserem Krieg gegen unseren ehemaligen Lehnsherrn beitreten:\n$LIST$;;Los siguientes vasallos pueden unirse a nuestra guerra contra nuestro antiguo señor:\n$LIST$;;;;;;;;;x
alert_can_call_vassals_to_arms_instant;§YWe can call in vassals of our former liege§!;§YNous pouvons faire appel à des vassaux de notre ancien seigneur lige.§!;§YVasallen unseres ehemaligen Lehnsherrn können uns unterstützen§!;;§YPodemos convocar a los vasallos de nuestro antiguo señor§!;;;;;;;;;x
alert_can_call_vassals_to_arms_name;Can call vassals of former liege;Nous pouvons faire appel à des vassaux de notre ancien seigneur lige;Vasallen unseres früheren Lehnsherrn können um Beistand ersucht werden;;Puedes llamar a los vasallos de tu antiguo señor;;;;;;;;;x
alert_can_imprison_delayed;You can imprison subjects without incurring tyranny. Note that an empowered council might still object.\n$LIST$;Vous pouvez emprisonner des sujets sans passer pour un tyran. Cependant, le Conseil pourrait s'y opposer, s'il y est habilité.\n$LIST$;Ihr könnt Untertanen einkerkern, ohne dabei Tyrannei hervorzurufen. Beachtet, dass ein ermächtigter Rat Einwände erheben könnte.\n$LIST$;;Puedes encarcelar súbditos sin caer en la tiranía. Ten en cuenta que un consejo con poder pude seguir oponiéndose. Lista:\n$LIST$;;;;;;;;;x
alert_can_imprison_instant;§YRighteous Imprisonment§!;§YEmprisonnement justifié§!;§YRechtmäßige Einkerkerung§!;;§YEncarcelamiento justo§!;;;;;;;;;x
alert_can_imprison_name;Righteous imprisonment;Emprisonnement justifié;Rechtmäßige Inhaftierung;;Arresto legítimo;;;;;;;;;x
alert_can_press_weak_claims_delayed;The following Weak Claims can be pressed:\n$LIST$;Les faibles revendications suivantes peuvent être soutenues : \n$LIST$;Die folgenden schwachen Ansprüche können erzwungen werden:\n$LIST$;;Las siguientes reclamaciones débiles pueden presionarse:\n$LIST$;;;;;;;;;x
alert_can_press_weak_claims_instant;§Y$NUM$ Weak Claim(s) can be pressed§!;§YFaibles revendications pouvant être soutenues ($NUM$)§!;§YSchwache Ansprüche, die erzwungen werden können: $NUM$§!;;§Y$NUM$ reclamación(es) débil(es) pueden presionarse§!;;;;;;;;;x
alert_can_press_weak_claims_name;Can press weak claim;Peut appuyer une revendication faible;Kann schwachen Anspruch durchsetzen;;Puede presionar una reclamación débil;;;;;;;;;x
alert_can_reform_religion_delayed;The §Y$RELIGION$§! faith can be reformed into an organized religion;La foi §Y$RELIGION$§! peut être réformée en une religion organisée;Der §Y$RELIGION$§!e-Glauben kann in eine organisierte Religion reformiert werden;;La fe §Y$RELIGION$§! puede ser reformada a una religión organizada;;;;;;;;;x
alert_can_reform_religion_instant;§YReligion can be Reformed§!;§YLa religion peut être réformée§!;§YReligion kann reformiert werden§!;;§YLa Religión puede ser Reformada§!;;;;;;;;;x
alert_can_reform_religion_name;§YReligion can be Reformed§!;§YLa religion peut être réformée§!;§YReligion kann reformiert werden§!;;§YLa Religión puede ser Reformada§!;;;;;;;;;x
alert_can_tech_delayed;You have enough Technology Points in a Technology Group to invest in any of its advances;Vous avez suffisamment de points de technologie dans l'un des groupes de technologie pour investir dans l'une de ses avancées;Ihr habt genug Technologiepunkte in einer Technologie-Gruppe, um in einen ihrer Fortschritte zu investieren;;Tienes suficientes Puntos Tecnológicos en un Grupo Tecnológico para invertir en cualquiera de sus avances;;;;;;;;;x
alert_can_tech_instant;§YYou should Invest in a Technological Advance§!;§YVous devriez investir dans des avancées technologiques§!;§YIhr solltet in einen technologischen Fortschritt investieren§!;;§YDeberías Invertir en un Avance Tecnológico§!;;;;;;;;;x
alert_can_tech_name;You can invest in technology;Vous pouvez investir en technologie.;Du kannst in Technologien investieren;;Puedes invertir en tecnología;;;;;;;;;x
alert_casus_belli_will_expire_delayed;$LIST$.;$LIST$.;$LIST$.;$LIST$.;$LIST$.;$LIST$.;$LIST$ Casus Bellije hamarosan lejár.;$LIST$.;;;;;;x
alert_casus_belli_will_expire_instant;§YTemporary Casus belli against:§!;§YCasus belli temporaire contre : §!;§YTemporärer Kriegsgrund gegen:§!;§YCasus belli§!;§YCasus belli temporal contra§!;§YCasus belli§!;§YA Casus belli lejár:§!;§YDoèasná záminka k válce proti:§!;;;;;;x
alert_casus_belli_will_expire_name;Temporary Casus belli;Casus belli temporaire;Temporärer Casus Belli;;Casus Belli temporal;;;;;;;;;x
alert_child_needs_focus_delayed;The following Children need a Childhood Focus:\n$LIST$;Les enfants suivants ont besoin d'un intérêt d'enfance :\n$LIST$;Folgende Kinder haben noch keinen Kindheitsfokus:\n$LIST$;;A los niños siguientes les falta un Enfoque de Infancia:\n$LIST$;;;;;;;;;x
alert_child_needs_focus_instant;§Y$NUM$ Children Lack a Childhood Focus§!;§YEnfants sans intérêt d'enfance ($NUM$)§!;§YKinder haben noch keinen Kindheitsfokus: $NUM$§!;;§Y$NUM$ al niño le falta un Enfoque de infancia§!;;;;;;;;;x
alert_child_needs_focus_name;Children lack a Childhood Focus;Des enfants n'ont pas d'intérêt d'enfance;Es gibt Kinder ohne Kindheitsfokus;;A los niños le falta un Enfoque de infancia;;;;;;;;;x
alert_close_gates_delayed;When an epidemic is threatening your court, you can shut the gates. Characters in seclusion will have a hard time communicating with the outside world but should avoid infection from outside sources.;Lorsqu'une épidémie menace votre Cour, vous pouvez fermer les portes. Les personnages en réclusion auront du mal à communiquer avec le reste du monde, mais devraient éviter une infection venue de l'extérieur.;Wenn eine Epidemie Euren Hof bedroht, könnt Ihr die Tore schließen lassen. Charaktere in Klausur haben Schwierigkeiten bei der Kommunikation mit der Außenwelt, dürften allerdings vor einer Ansteckung durch Fremde sicher sein.;;Cuando una epidemia amenaza a tu corte, puedes cerrar las puertas. Los personajes en reclusión tienen dificultades de comunicarse con el mundo exterior, pero evitarían la infección de fuentes externas.;;;;;;;;;x
alert_close_gates_instant;§YYou can Shut the Gates§!;§YVous pouvez fermer les portes§!;§YIhr könnt die Tore schließen§!;;§YPuedes Cerrar las puertas§!;;;;;;;;;x
alert_close_gates_name;Close the Gates;Fermer les portes;Tore schließen;;Cerrar las puertas;;;;;;;;;x
alert_coronation_needed_delayed;A [Root.Religion.GetName] ruler who has not been officially crowned by a notable member of the Church will never be fully accepted by [Root.GetHerHis] vassals as legitimate.\nThe more years an adult [Root.Religion.GetName] [Root.GetTitle] wastes before being anointed, the more likely [Root.GetHerHis] vassals will be to doubt the validity of [Root.GetHerHis] divine right to rule.;Un seigneur de foi [Root.Religion.GetName] qui n'a pas été officiellement couronné par un membre notable du clergé ne sera jamais pleinement considéré par ses vassaux comme légitime.\nPlus un[Root.Get_E] [Root.GetTitle] adulte [Root.GetReligionMascFem] passe du temps sans être oint[Root.Get_E], plus ses vassaux douteront de son droit divin à régner.;Ein [Root.Religion.GetName]er Herrscher der nicht offiziell von einem namenhaften Mitglied der Kirche gekrönt wurde, wird von [Root.GetHerHis]en Vasallen niemals als legitim akzeptiert werden.\nJe länger [Root.Geteineine] erwachsene[Root.GetrMale] [Root.Religion.GetName]e[Root.GetrMale] [Root.GetTitle] damit wartet, bevor er gesalbt wird, desto wahrscheinlicher ist es, dass [Root.GetHerHis]e Vasallen die Gültigkeit des göttlichen Rechtsanspruchs anzweifeln.;;Un gobernante [Root.Religion.GetName] no coronado oficialmente por un miembro notable de la Iglesia jamás será totalmente legítimo para sus vasallos.\nCuantos más años pase sin ungir un[Root.GetXA] [Root.GetTitle] [Root.Religion.GetName] adult[Root.GetOA], más dudarán sus vasallos de su derecho divino a reinar.;;;;;;;;;x
alert_coronation_needed_instant;§YRuler Uncrowned§!;§YDirigeant non couronné§!;§YUngekrönter Herrscher§!;;§YGobernante no coronado§!;;;;;;;;;x
alert_council_discontent_delayed;Your Council has been Discontent for $DISCONTENT_DURATION|Y$ month(s), and will be until §Y$DISCONTENT_END_DATE$§!. This means that if Councillors were prohibited by law from forming and joining factions, they may now do so. This could potentially destabilize the realm.;Votre Conseil est insatisfait depuis $DISCONTENT_DURATION|Y$ mois et le sera jusqu'au §Y$DISCONTENT_END_DATE$§!. Cela signifie que les conseillers peuvent dorénavant légalement former et rejoindre des factions, et potentiellement déstabiliser le pays.;Euer Rat ist seit $DISCONTENT_DURATION|Y$ Monat(en) unzufrieden und wird dies bis §Y$DISCONTENT_END_DATE$§! sein. Dies bedeutet, dass Ratsmitglieder Fraktionen gründen und ihnen beitreten können, wodurch sich das Reich eventuell destabilisiert.;;Tu Consejo lleva Descontento desde hace $DISCONTENT_DURATION$ mes(es), y lo estará hasta §Y$DISCONTENT_END_DATE$§!. Esto significa que si consejeros si los consejeros tenían prohibido por ley unirse y formar facciones, ahora pueden. Esto puede potencialmente desestabilizar el reino.;;;;;;;;;x
alert_council_discontent_instant;§YCouncil is Discontent§!;§YLe Conseil est insatisfait§!;Rat ist unzufrieden;;Consejo está descontento;;;;;;;;;x
alert_council_discontent_name;Council Discontent;Insatisfaction du Conseil;Rat unzufrieden;;Consejo Descontento;;;;;;;;;x
alert_councillor_no_job_delayed;The following councillors are currently not on a job:\n$LIST$\n§GClick to go to Court View§!;Les membres du Conseil suivants sont actuellement inoccupés:\n$LIST$\n§GCliquez pour afficher la Vue de la Cour§!;Die folgenden Ratsmitglieder sind derzeit nicht mit einem Auftrag beschäftigt:\n$LIST$\n§GKlickt zum Aufruf der Hofansicht§!;;Los siguientes consejeros no tienen ocupación actualmente:\n$LIST$\n§GHaz clic para ir a la vista de corte§!;;;;;;;;;x
alert_councillor_no_job_instant;§YIdle Council Members§!;§YMembres du Conseil inoccupés§!;§YUntätige Ratsmitglieder§!;;§YMiembros del consejo desocupados§!;;;;;;;;;x
alert_country_at_war_name;Country at war;Pays en guerre;Land befindet sich im Krieg;;País en Guerra;;;;;;;;;x
alert_court_not_filled_delayed;The following spots need to be filled:\n$LIST$\n§GClick to go to Court View§!;Les postes suivants doivent être occupés : \n$LIST$\n§GCliquez pour accéder à la vue Cour.§!;Folgende Posten müssen besetzt werden:\n$LIST$\n§GKlickt zum Aufruf der Hofansicht§!;;Deben cubrirse las siguientes posiciones:\n$LIST$\n§GClic para ir a vista de corte§!;;;;;;;;;x
alert_court_not_filled_instant;§YOpen Council Positions§!;§YPostes vacants au Conseil§!;§YOffene Ratspositionen§!;;§YPuestos en el consejo§!;;;;;;;;;x
alert_court_not_filled_name;Open council positions;Postes vacants au Conseil;Ratspositionen nicht besetzt;;Puestos disponibles en el Consejo;;;;;;;;;x
alert_decadence_delayed;You have decadent relatives. You should ask them to straighten up or in other ways take care of them.;Vous avez des proches parents décadents. Vous devriez leur demander de se reprendre en main, ou bien trouver une autre façon de remédier au problème.;Ihr habt dekadente Verwandte. Ihr müsst dafür sorgen, dass sie sich bessern, oder eine andere Lösung finden.;;¿Tienes parientes decadentes. Debes pedir que se reformen u ocuparte de ellos de otros modos.;;;;;;;;;x
alert_decadence_instant;§YDecadent Relatives§!;§YParents décadents§!;§YDekadente Verwandte§!;;§YParientes decadentes§!;;;;;;;;;x
alert_deficits_delayed;Your coffers are empty and you owe your subjects money. The morale of your armies will suffer, and the longer this goes on, the more corruption and criminals will plague your counties.;Vos coffres sont vides et vous avez contracté des dettes envers vos sujets. Le moral de vos armées en sera affecté. Plus cette situation s'éternisera, plus la corruption et le crime nuiront à vos comtés.;Eure Staatskasse ist leer und Ihr schuldet Euren Untertanen Geld. Die Moral Eurer Truppen wird leiden und je länger das anhält, umso mehr werden Korruption und Kriminalität Eure Ländereien heimsuchen.;;Tus arcas están vacías y debes dinero a tus súbditos. La moral de los ejércitos se verá afectada y, cuanto más tiempo transcurra, más afectarán la corrupción y la delincuencia a tus condados.;;;;;;;;;x
alert_deficits_instant;§YBudget Deficit§!;§YCoffres vides§!;§YHaushaltsdefizit§!;;§YDéficit presupuestario§!;;;;;;;;;x
alert_deficits_name;Deficits;Déficits;Defizite;;Déficits;;;;;;;;;x
alert_dejure_claim_delayed;The following de jure ducal claims can be pressed: $LIST$;Les revendications ducales de jure suivantes peuvent être appuyées : $LIST$;Die folgenden De-jure-Herzogsansprüche können durchgesetzt werden: $LIST$;;Las siguientes reivindicaciones por ducado de iure pueden ser reclamadas: $LIST$;;;;;;;;;x
alert_dejure_claim_instant;§YYou can Press de jure Ducal Claims§!;§YVous pouvez appuyer des revendications ducales de jure§!;§YDe-jure-Herzogsansprüche können durchgesetzt werden§!;;§YPuedes reclamar reivindicaciones por ducado de iure§!;;;;;;;;;x
alert_dejure_claim_name;Can press de jure claim;Peut revendiquer des titres de jure;Es können De-jure-Ansprüche durchgesetzt werden;;Puedes ejercer una reclamación de ducado de iure;;;;;;;;;x
alert_demesne_too_big_delayed;Your demesne has §Y$NUM$§!/§Y$MAX$§! holdings, causing inefficient taxation, troop recruitment and resentment among your vassals.;Votre domaine possède §R$NUM$§!/§Y$MAX$§! propriétés, ce qui affecte le prélèvement de l'impôt et le recrutement des troupes, et cause un ressentiment parmi vos vassaux.;Eure Domäne umfasst §Y$NUM$§!/§Y$MAX$§! Besitztümer, wodurch die Besteuerung und die Truppenaushebung ineffizient sind und Unmut unter Euren Vasallen verursacht wird.;;¡Tu heredad tiene §Y$NUM$§!/§Y$MAX$§! propiedades, causando tributación ineficiente, reclutamiento de tropas y resentimiento entre tus vasallos.;;;;;;;;;x
alert_demesne_too_big_instant;§YDemesne too Big§!;§YDomaine personnel trop vaste§!;§YDomäne zu groß§!;;¡Heredad demasiado grande! ;;;;;;;;;x
alert_demesne_too_big_name;Demesne too big;Domaine trop vaste;Domäne zu groß;;Heredad demasiado grande;;;;;;;;;x
alert_enemy_invasion_planned_delayed;Enemy rulers are preparing invasions against us:\n$LIST$;Des souverains ennemis se préparent à nous envahir :\n$LIST$;Feindliche Herrscher bereiten Invasionen gegen uns vor:\n$LIST$;;Gobernantes enemigos están preparando invasiones contra nosotros:\n$LIST$;;;;;;;;;x
alert_enemy_invasion_planned_instant;§YEnemy Planning to Invade§!;§YL'ennemi prépare une invasion§!;§YFeindliche Invasionsvorbereitung§!;;§YEnemigo Planeando Invadir§!;;;;;;;;;x
alert_has_favor_delayed;The following Characters owe you a Favor:\n$LIST$\n\nFavors can be used for the following:\n$ACTIONS$;Les personnages suivants vous doivent une faveur :\n$LIST$\n\nLes faveurs peuvent être utilisées pour les actions suivantes :\n$ACTIONS$;Folgende Charaktere schulden Euch einen Gefallen:\n$LIST$\n\nGefallen können für folgende Maßnahmen eingesetzt werden:\n$ACTIONS$;;Los siguientes personajeste deben un Favor:\n$LIST$\n\nlos nFavores se pueden utilizar para lo siguiente:\n$ACTIONS$;;;;;;;;;x
alert_has_favor_instant;§Y$NUM$ Characters owe you a Favor§!;§YPersonnages vous devant une faveur ($NUM$)§!;§Y$NUM$ Charaktere schulden Euch einen Gefallen§!;;¡§Y$NUM$ personajes le deben un Favor§!;;;;;;;;;x
alert_has_favor_name;Characters owe you Favors;Personnages vous devant une faveur;Charaktere schulden Euch einen Gefallen;;Personajes te deben favores;;;;;;;;;x
alert_heir_should_marry_delayed;$HEIR$ should get married\n§GClick to go to Character View§!;$HEIR$ devrait se marier.\n§GCliquez pour accéder à la vue Personnage.§!;$HEIR$ sollte heiraten\n§GKlickt zum Aufruf der Charakteransicht§!;;$HEIR$ debería casarse\n§GClic para ir a vista de personajes§!;;;;;;;;;x
alert_heir_should_marry_instant;§YUnmarried Heir§!;§YHéritier non marié§!;§YUnverheirateter Erbe§!;;§YHeredero soltero§!;;;;;;;;;x
alert_heir_should_marry_name;Heir unmarried;Héritier célibataire;Erbe ist nicht vermählt;;Heredero soltero;;;;;;;;;x
alert_high_infamy_delayed;Effects of §YThreat§!:\n\n- With over $COALITION_INFAMY_LIMIT|%Y0$ §YThreat§! other realms can form §YDefensive Pacts§! to protect themselves from you. Each religious group has their own separate §YDefensive Pact§! and will only defend members belonging to that same §YDefensive Pact§!.\n\n- With over $OTHER_COALITION_JOIN_INFAMY|%Y0$ §YThreat§! all §YDefensive Pacts§! of other religious groups band together if you attack one of them.\n\n- With over $EVERY_COALITION_EXCEPT_HEADS_JOIN_INFAMY|%Y0$ §YThreat§! all §YDefensive Pacts§! including that of your own religious group will band together if you attack one of them.\n\n- With over $EVERY_COALITION_JOIN_INFAMY|%Y0$ §YThreat§! you are considered threatening enough that even your own religious head and holy orders from your religious group will defend other §YDefensive Pacts§! from you.\n\n- As your §YThreat§! increases, larger and more distant realms are allowed to join the §YDefensive Pacts§! opposing you.\n\n- As your §YThreat§! decreases, larger or more distant realms are forced to leave the §YDefensive Pacts§! opposing you.\n\n--------------\n§YThreat§! will decline slowly over time but you can manually lower it by granting independence to land not part of your De Jure realm.;Effets de la §YMenace§! :\n\n- Avec une §YMenace§! de plus de $COALITION_INFAMY_LIMIT|%Y0$, les autres pays peuvent former un §Ypacte défensif§! pour se protéger de vous. Chaque groupe religieux possède son propre §Ypacte défensif§! et défendra uniquement les membres appartenant au même §Ypacte défensif§!.\n\n- Avec une §YMenace§! de plus de $OTHER_COALITION_JOIN_INFAMY|%Y0$, tous les §Ypactes défensifs§! des autres groupes religieux s'unissent si vous attaquez l'un d'eux.\n\n- Avec une §YMenace§! de plus de $EVERY_COALITION_EXCEPT_HEADS_JOIN_INFAMY|%Y0$, tous les §Ypactes défensifs§!, dont celui de votre propre groupe religieux, s'unissent si vous attaquez l'un d'eux.\n\n- Avec une §YMenace§! de plus de $EVERY_COALITION_JOIN_INFAMY|%Y0$, vous représentez une menace suffisamment importante pour que votre propre chef religieux et les ordres sacrés de votre groupe religieux défendent les autres §Ypactes défensifs§! contre vous.\n\n- À mesure que votre §YMenace§! augmente, les pays les plus vastes ou les plus distants sont autorisés à rallier le §Ypacte défensif§! contre vous.\n\n- À mesure que votre §YMenace§! diminue, les pays les plus vastes ou les plus distants sont contraints de quitter le §Ypacte défensif§! contre vous.\n\n--------------\nVotre §YMenace§! diminuera progressivement, mais vous pouvez accélérer le processus en accordant l'indépendance aux terres ne faisant pas partie de votre territoire de jure.;Effekte der §YBedrohung§!:\n\nMit mehr als $COALITION_INFAMY_LIMIT|%Y0$ §YBedrohungen§! können andere Reiche einen §YVerteidigungspakt§! schließen, um sich vor Euch zu schützen. Jede religiöse Gruppierung hat ihren eigenen §YVerteidigungspakt§! und wird nur Mitglieder des gleichen Paktes verteidigen.\n- Bei über $OTHER_COALITION_JOIN_INFAMY|%Y0$ §YBedrohungen§! werden sich alle §YVerteidigungspakte§! anderer Religionen zusammenschließen, sobald Ihr einen von ihnen angreift.\n- Bei mehr als $EVERY_COALITION_EXCEPT_HEADS_JOIN_INFAMY|%Y0$ §YBedrohungen§! wird sich sogar Eure eigene religiöse Gruppierung anschließen, sobald Ihr angreift.\n- Bei mehr als $EVERY_COALITION_JOIN_INFAMY|%Y0$ §YBedrohungen§! seid Ihr bedrohlich genug, dass sogar das religiöse Oberhaupt Eurer Religion heilige Order gegen andere §YVerteidigungspakte§! rechtfertigt.\n- Je mehr Eure §YBedrohung§! ansteigt, umso eher werden Euch größere und weiter entfernte Reiche in §YVerteidigungspakten§! gegenüberstehen.\n- Je mehr sich Eure §YBedrohung§! verringert, umso mehr große und weit entfernte Reiche werden die §YVerteidigungspakte§! gegen Euch verlassen müssen.\n\n--------------\n§YBedrohung§! nimmt mit der Zeit ab, kann aber auch manuell verringert werden durch die Gewährung der Unabhängigkeit von Ländern, die nicht Teil Eures De-jure-Reiches sind.;;Efectos de la §YAmenaza§!:\n\n- Con una §YAmenaza§! por encima de $COALITION_INFAMY_LIMIT|%Y0$ Otros reinos pueden formar §YPactos Defensivos§!  para protegerse contra ti. Cada grupo religioso tiene tu propio §YPacto Defensivo§!  separado y solo defenderá a miembros que pertenezcan a ese mismo §YPacto Defensivo§!. \n\n- Con §YAmenaza§! por encima de $OTHER_COALITION_JOIN_INFAMY|%Y0$! todos los §YPactos Defensivos§!  de otros grupos religiosos se unirán si atacas a uno de ellos. \n\n. Con una §YAmenaza§! por encima de $EVERY_COALITION_EXCEPT_HEADS_JOIN_INFAMY|%Y0$! todos los §YPacto Defensivos§! incluyendo el de tu propio grupo religioso se unirá si atacas a uno de ellos.\n\n- Con una §YAmenaza§! por encima de $EVERY_COALITION_JOIN_INFAMY|%Y0$! se te considerará tan amenazante que incluso propio líder religioso defenderá órdenes religiosas de tu grupo religioso de otros §YPacto Defensivos§!\n\nSegún aumente tu §YAmenaza§! mayores reinos y más lejanos podrán unirse a un §YPacto Defensivo§! en tu contra.\n\n- Según se reduzca tu §YAmenaza§!, los reinos mayores o más lejanos serán obligados a salir del §YPacto Defensivo§! en tu contra. \n\n--------------\n§YAmenaza§! disminuirá despacio con el paso del tiempo, pero puedes reducirla manualmente concediendo independencia a tierras que no pertenezcan a tu reino De Jure.;;;;;;;;;x
alert_high_infamy_instant;§YYou are Threatening!§!;§YVous êtes une menace !§!;§YIhr seid bedrohlich!§!;;§YEstás Amenazando!§!;;;;;;;;;x
alert_high_infamy_name;Threatening;Menace;Bedrohlich;;Amenazante;;;;;;;;;x
alert_incoming_crusade_delayed;A Crusade is targeting our religion. We should consider how to best defend against it.;Une croisade cible notre religion. Nous devrions réfléchir à la meilleure façon d'y faire face.;Ein Kreuzzug zielt auf unsere Religion ab. Wir sollten darüber nachdenken, wie wir am besten dagegen vorgehen können.;;Se dirige una cruzada contra nuestra religión. Debemos pensar en cómo defendernos mejor contra ella.;;;;;;;;;x
alert_incoming_crusade_instant;§YCrusade Against Our Religion§!;§YCroisade contre notre religion§!;§YKreuzzug gegen unsere Religion§!;;§YCruzada contra nuestra religión§!;;;;;;;;;x
alert_inefficent_land_management_delayed;You have too many holdings in your personal demesne. As a nomad you can only have one holding without penalties. However you might want to keep the land yourself so you can pillage it...$LIST$;Vous avez trop de propriétés dans votre domaine personnel. En tant que nomade, vous ne pouvez posséder qu'une seule propriété sans souffrir de pénalités. Cependant, il pourrait être avantageux de garder ces terres pour vous-même, de sorte que vous puissiez les piller...$LIST$;Ihr habt zu viele Besitztümer in Eurer Domäne. Als Nomade könnt Ihr nur ein Besitztum ohne Abzüge haben. Trotzdem wollt Ihr das Land vielleicht für Euch behalten, damit Ihr es plündern könnt ...$LIST$;;Tienes demasiadas posesiones en tu dominio personal. Como nómada, solo puedes tener una posesión sin penalizaciones. Sin embargo es posible que desees mantener la tierra para poder saquearla...$LIST$;;;;;;;;;x
alert_inefficent_land_management_instant;§YInefficient Land Management§!;§YGestion des terres inefficaces§!;§YIneffiziente Landverwaltung§!;;§YIneficaz gestión de la tierra§!;;;;;;;;;x
alert_inefficent_land_management_name;Inefficient Land Management;Gestion des terres inefficace;Ineffiziente Landverwaltung;;Ineficaz gestión de la tierra;;;;;;;;;x
alert_liege_council_discontent_delayed;Your Liege's Council has been Discontent for $DISCONTENT_DURATION$ month(s), and will be until §Y$DISCONTENT_END_DATE$§!. This means that if Councillors were prohibited by law from forming and joining Factions, they may now do so. This could potentially destabilize the realm.;Le Conseil de votre seigneur lige est insatisfait depuis $DISCONTENT_DURATION$ mois et le sera jusqu'au §Y$DISCONTENT_END_DATE$§!. Cela signifie que les conseillers peuvent dorénavant légalement former et rejoindre des factions, et potentiellement déstabiliser le pays.;Der Rat Eures Lehnsherrn ist seit $DISCONTENT_DURATION$ Monat(en) unzufrieden und wird dies bis §Y$DISCONTENT_END_DATE$§! sein. Dies bedeutet, dass Ratsmitglieder Fraktionen gründen und ihnen beitreten können, wodurch sich das Reich eventuell destabilisiert.;;El Consejo de tu señor lleva Descontento desde hace $DISCONTENT_DURATION$ mes(es), y lo estará hasta §Y$DISCONTENT_END_DATE$§!. Esto significa que si consejeros si los consejeros tenían prohibido por ley unirse y formar facciones, ahora pueden. Esto puede potencialmente desestabilizar el reino.;;;;;;;;;x
alert_liege_council_discontent_instant;§YYour Liege's Council is Discontent§!;§YLe Conseil de votre seigneur lige est insatisfait§!;Der Rat Eures Lehnsherrn ist unzufrieden.;;El Consejo de tu señor está Descontento.;;;;;;;;;x
alert_liege_council_discontent_name;Liege Council Discontent;Insatisfaction du Conseil du seigneur lige;Rat des Lehnsherrn unzufrieden;;Señor del Consejo Descontento;;;;;;;;;x
alert_lose_title_on_succ_delayed;The following titles will be lost on succession:\n$LIST$;Les titres suivants seront perdus lors de la succession : \n$LIST$;Folgende Titel gehen bei Nachfolge verloren:\n$LIST$;;Se perderán los siguientes títulos en la sucesión:\n$LIST$;;;;;;;;;x
alert_lose_title_on_succ_instant;§YTitle Loss on Succession§!;§YPerte de titre lors de la succession§!;§YTitelverlust bei Nachfolge§!;;§YPérdida de títulos en la sucesión§!;;;;;;;;;x
alert_lose_title_on_succ_name;Title loss on succession;Perte de titre lors de la succession;Titel geht bei Nachfolge verloren;;Título perdido en la Sucesión;;;;;;;;;x
alert_my_peace_being_enforced_delayed;Your Council has declared that peace shall rule the realm! \nYour vassals are unable to wage war on each other for another $MONTHS|Y$ months!;Votre Conseil a décrété que la paix doit régner au sein du pays !\nVos vassaux ne pourront pas mener de guerres entre eux pendant encore $MONTHS|Y$ mois !;Euer Rat hat verkündet, dass Frieden im Reich herrschen soll!\nEure Vasallen können weitere $MONTHS|Y$ Monate lang keine Kriege gegeneinander führen!;;¡Tu Consejo ha declarado que la paz debe reinar en el reino!\nTus vasallos no podrán guerrear entre sí durante $MONTHS|Y$ meses más!;;;;;;;;;x
alert_my_peace_being_enforced_delayed_days;Your Council has declared that peace shall rule the realm! \nYour vassals are unable to wage war on each other for another $DAYS|Y$ days!;Votre Conseil a décrété que la paix doit régner au sein du pays !\nVos vassaux ne pourront pas mener de guerres entre eux pendant encore $DAYS|Y$ jours !;Euer Rat hat verkündet, dass Frieden im Reich herrschen soll!\nEure Vasallen können weitere $DAYS|Y$ Tage lang keine Kriege gegeneinander führen!;;¡Tu Consejo ha declarado que la paz debe reinar en el reino!\nTus vasallos no podrán guerrear entre sí durante $DAYS|Y$ días más!;;;;;;;;;x
alert_my_peace_being_enforced_instant;§YRealm Peace Enforced!§!;§YPaix dans le pays décrétée !§!;§YReichsfrieden durchgesetzt!§!;;§YPaz del Reino impuesta!§!;;;;;;;;;x
alert_my_peace_soon_enforced_delayed;Your Council has declared that peace shall rule the realm! \nAll internal wars waged between your vassals will end with a §YWhite Peace§! in $MONTHS|Y$ months!;Votre Conseil a décrété que la paix doit régner au sein du pays !\nToutes les guerres internes entre vos vassaux prendront fin par un cessez-le-feu dans $MONTHS|Y$ mois !;Der Rat hat verkündet, dass Frieden im Reich herrschen soll! \nDie reichsinternen Kriege zwischen Euren Vasallen werden in $MONTHS|Y$ Monaten in einem §YWeißen Frieden§! enden!;;¡Tu Consejo ha declarado que la paz debe reinar en el reino!\nTodas las guerras internas entre tus vasallos terminarán en una §YPaz blanca§! dentro de $MONTHS|Y$ meses!;;;;;;;;;x
alert_my_peace_soon_enforced_delayed_days;Your Council has declared that peace shall rule the realm! \nAll internal wars waged between your vassals will end with a §YWhite Peace§! in $DAYS|Y$ days!;Votre Conseil a décrété que la paix doit régner au sein du pays !\nToutes les guerres internes entre vos vassaux prendront fin par un cessez-le-feu dans $DAYS|Y$ jours !;Der Rat hat verkündet, dass Frieden im Reich herrschen soll! \nDie reichsinternen Kriege zwischen Euren Vasallen werden in $DAYS|Y$ Tagen in einem §YWeißen Frieden§! enden!;;¡Tu Consejo ha declarado que la paz debe reinar en el reino!\nTodas las guerras internas entre tus vasallos terminarán en una §YPaz blanca§! dentro de $DAYS|Y$ días!;;;;;;;;;x
alert_my_peace_soon_enforced_instant;§YYou are enforcing Realm Peace!§!;§YVous avez imposé la paix dans le pays !§!;§YReichsfrieden wird von Euch durchgesetzt!§!;;§Y¡Estás imponiendo la Paz del Reino!§!;;;;;;;;;x
alert_my_peace_soon_enforced_name;My Realm will soon be at Peace;Mon pays sera bientôt en paix;In meinem Reich wird bald Frieden herrschen;;Mi reino pronto estará en Paz;;;;;;;;;x
alert_no_ambition_delayed;You should pick an Ambition;Vous devriez choisir une ambition.;Ihr solltet eine Ambition wählen;;Deberías elegir una ambición;;;;;;;;;x
alert_no_ambition_instant;§YPick an Ambition§!;§YChoisissez une ambition§!;§YWählt eine Ambition§!;;§YSelecciona una ambición§!;;;;;;;;;x
alert_no_ambition_name;Pick an ambition;Choisissez une ambition;Wähle eine Ambition;;Escoge una ambición;;;;;;;;;x
alert_no_focus_delayed;You should pick a Focus for your character;Vous devriez choisir un intérêt pour votre personnage;Ihr solltet einen Fokus für Euren Charakter auswählen;;Debes elegir un enfoque para tu personaje;;;;;;;;;x
alert_no_focus_instant;§YPick a Character Focus§!;§YChoisir un intérêt de personnage§!;§YWählt einen Charakterfokus§!;;§YEscoge un enfoque de carácter§! ;;;;;;;;;x
alert_no_focus_name;Pick a Focus;Choisir un objectif;Wählt einen Fokus;;Escoge un enfoque;;;;;;;;;x
alert_noheir_delayed;If your ruler dies now the game will end!;Si votre personnage mourait maintenant, la partie prendrait fin !;Wenn Euer Herrscher jetzt stirbt, endet das Spiel!;;¡Si tu gobernante muere ahora terminará la partida!;;;;;;;;;x
alert_noheir_instant;§YNo heir of your dynasty!§!;§YPas d'héritier de votre dynastie !§!;§YEure Dynastie hat keinen Erben!§!;;§Y¡No es heredero de tu dinastía!§!;;;;;;;;;x
alert_noheir_name;No heir;Pas d'héritier;Kein Erbe;;No tienes Heredero;;;;;;;;;x
alert_nomad_agitation_delayed;Unless we construct a §YCastle§! or §YCity§! in the following Counties, they will revert to Nomad control on Succession:\n$LIST$;À moins de construire un §Ychâteau§! ou une §Ycité§! dans les comtés suivants, ceux-ci retourneront au nomadisme à la succession :\n$LIST$;Falls wir keine §YBurg§! oder §YStadt§! in den folgenden Grafschaften errichten, wird die Kontrolle dort im Nachfolgefall wieder von Nomaden übernommen:\n$LIST$;;A menos que construyamos un §YCastillo§! o §YCiudad§! en los siguientes condados, regresarán al control nómada en la Sucesión:\n$LIST$;;;;;;;;;x
alert_nomad_agitation_delayed_tribal;Unless we have at least §Y$NUM$§! Buildings in the Tribal Holdings of the following Counties, they will revert to Nomad control on Succession:\n$LIST$;À moins d'avoir au moins §Y$NUM$§! bâtiments dans la propriété tribale des comtés suivants, ces derniers retourneront au nomadisme à la succession :\n$LIST$;Falls wir nicht über mindestens §Y$NUM$§! Gebäude in den Stammesliegenschaften der folgenden Grafschaften verfügen, wird die Kontrolle dort im Nachfolgefall wieder von Nomaden übernommen:\n$LIST$;;Si no tenemos al menos §Y$NUM$§! Edificios en los Dominios Tribales de los siguientes condados, regresarán al control nómada en la Sucesión:\n$LIST$;;;;;;;;;x
alert_nomad_agitation_instant;§YNomad Agitation§!;§YAgitation de nomades§!;§YAufgebrachte Nomaden§!;;¡§YInquietud nómada§!;;;;;;;;;x
alert_nomad_agitation_name;Nomad Agitation;Agitation de nomades;Aufgebrachte Nomaden;;Inquietud nómada;;;;;;;;;x
alert_non_playable_heir_delayed;Your heir, $HEIR$, currently follows a religion you are not allowed to play. Upon succession they will convert to the religion of your previous character.;Votre héritier, $HEIR$, suit une religion que vous n'êtes pas autorisé à jouer. Lors de la succession, il se convertira à la religion de votre précédent personnage.;Euer Thronfolger $HEIR$ folgt derzeit einer Religion, die Ihr nicht spielen dürft. Bei Erbfolge wird er zur Religion Eures vorherigen Charakters wechseln.;;Tu heredero, $HEIR$, sigue una religión con la que no puedes jugar. Cuando ascienda al trono se convertirá a la religión de tu personaje anterior.;;;;;;;;;x
alert_non_playable_heir_instant;§YHeir Religion Change on Succession§!;§YLa religion de l'héritier change à la succession§!;§YReligion des Erben ändert sich bei Nachfolge§!;;§YHeredero cambia de religión en la sucesión§!;;;;;;;;;x
alert_northern_crusade_active_delayed;There is currently an ongoing war between the Teutons and the pagans;Une guerre entre les Teutons et les païens est en cours;Zwischen den Germanen und Heiden herrscht momentan Krieg;;Ya hay una guerra en marcha entre teutónicos y paganos;;;;;x
alert_northern_crusade_active_instant;Northern Crusade;Croisade balte;Nördlicher Kreuzzug;;Cruzada del Norte;;;;;x
alert_northern_crusade_help_delayed;You can ask the Teutons to target a pagan ruler for their northern campaigns;Vous pouvez demander aux Tentons de cibler un chef païen dans le cadre de leurs campagnes au nord;Ihr könnt die Germanen darum bitten einen heidnischen Herrscher für Ihre nördlichen Kriege auszuwählen;;Puedes pedir a los teutónicos que dirijan sus campañas del norte contra un gobernante pagano;;;;;x
alert_northern_crusade_help_instant;Northern Crusade Target;Cible d'une croisade balte;Ziel des Nördlichen Kreuzzugs;;Objetivo de Cruzada del Norte;;;;;x
alert_open_gates_delayed;When you feel safe you can reopen your gates and welcome the outside world once again.;Lorsque vous vous sentez hors de danger, vous pouvez rouvrir les portes et accueillir le monde extérieur de nouveau.;Wenn Ihr Euch sicher fühlt, könnt Ihr die Tore wieder öffnen und die Außenwelt wieder willkommen heißen.;;Cuando te sientas seguro puede volver a abrir las puertas y dar de nuevo la bienvenida al mundo exterior.;;;;;;;;;x
alert_open_gates_instant;§YYou can Open the Gates§!;§YVous pouvez ouvrir les portes§!;§YIhr könnt die Tore öffnen§!;;§YPuedes Abrir las puertas§!;;;;;;;;;x
alert_open_gates_name;Open the Gates;Ouvrir les portes;Tore öffnen;;Abrir las puertas;;;;;;;;;x
alert_over_clan_limit_delayed;You have §R$NUM$§!/§Y$MAX$§! Clans, giving you a Clan Sentiment penalty towards all Clan vassals.;Vous avez §R$NUM$§!/§Y$MAX$§! clans, ce qui vous donne une pénalité de sentiment de clan envers vos clans vassaux.;Ihr habt §R$NUM$§!/§Y$MAX$§! Klans. Ihr erhaltet bei allen Klanvasallen einen Meinungsabzug.;;Tienes §R$NUM$§!/§Y$MAX$§! clanes, proporcionándote una penalización de sentimiento de clan hacia todos vasallos del clan.;;;;;;;;x
alert_over_clan_limit_instant;§YOver Clan Limit§!;§YLimite de clans dépassée§!;§YKlanlimit überschritten§!;;¡§YLímite de clan superado!§!;;;;;;;;x
alert_over_clan_limit_name;Over Clan Limit;Limite de clans dépassée;Klanlimit überschritten;;Límite de clan superado;;;;;;;;x
alert_over_vassal_limit_delayed;You have §R$NUM$§!/§Y$MAX$§! vassals, giving you less taxes and levies from your vassals. You risk losing vassals if your character dies.;Vous avez §R$NUM$§!/§Y$MAX$§! vassaux et obtenez donc moins d'impôt et de troupes. Vous risquez de perdre des vassaux si votre personnage meurt.;Ihr habt §R$NUM$§!/§Y$MAX$§! Vasallen, sodass Ihr von Euren Vasallen weniger Steuern und Abgaben erhaltet. Ihr riskiert den Verlust von Vasallen, wenn Euer Charakter stirbt.;;Tienes §R$NUM$§!/§Y$MAX$§! de vasallos, obteniendo así un menor número de levas e impuestos. Te arriesgas a perder vasallos si tu personaje muere.;;;;;;;;;x
alert_over_vassal_limit_instant;§YOver Vassal Limit§!;§YNombre limite de vassaux dépassé§!;§YVasallenlimit überschritten§!;;¡§YLímite de Vasallos Superado§!;;;;;;;;;x
alert_over_vassal_limit_name;Over Vassal Limit;Nombre limite de vassaux dépassé;Vasallenlimit überschritten;;Límite de Vasallos Superado;;;;;;;;x
alert_owns_wrong_settlement_type_delayed;Depending on your circumstances, you might want to '§YCreate New Vassal§!' in the Holding menu, or give the title away.\n\nThe following Holdings are of the wrong type:\n$LIST$;En fonction de votre situation, vous souhaiterez peut-être §YCréer un nouveau vassal§! dans le menu de la propriété ou distribuer le titre.\n\nLes propriétés suivantes sont du mauvais type :\n$LIST$;Abhängig von Euren Umständen möchtet Ihr vielleicht §YNeue Vasallen§! im Menü für Besitztümer erstellen oder die Titel abgeben.\n\nDie folgenden Besitztümer haben den falschen Typ:\n$LIST$;;Dependiendo de las circunstancias, puedes querer '§YCrear nuevo vasallo§!' en el menú de Posesiones, o librarte del título.\n\nLas siguientes posesiones son del tipo equivocado:\n$LIST$;;;;;;;;x
alert_owns_wrong_settlement_type_instant;§YWrong type of Holding in Demesne§!;§YMauvais type de propriété dans le domaine§!;§YFalscher Besitztumstyp in Domäne§!;;§Ytipo de posesión errónea en el feudo§!;;;;;;;;;x
alert_owns_wrong_settlement_type_name;Wrong type of holding in demesne;Mauvais type de possession dans le domaine;Falscher Besitztumstyp in Domäne;;Tipo de población erróneo en la heredad;;;;;;;;;x
alert_peace_being_enforced_delayed;The Council of $LIEGE|Y$ has declared that peace shall reign in all the realm! \nVassals of $LIEGE|Y$ are unable to wage war on each other for another $MONTHS|Y$ months!;Le Conseil de $LIEGE|Y$ a décrété que la paix doit régner au sein du Royaume !\nLes vassaux de $LIEGE|Y$ ne pourront pas mener de guerres entre eux pendant encore $MONTHS|Y$ mois !;Der Rat von $LIEGE|Y$ hat verkündet, dass Frieden im Reich herrschen soll! \nDie Vasallen von $LIEGE|Y$ können weitere $MONTHS|Y$ Monate lang keine Kriege gegeneinander führen!;;El Consejo de $LIEGE|Y$ ha declarado que la paz reinará en todo el Reino!\nLos vasallos de+C736 $LIEGE|Y$ no podrán emprender la guerra unos contra otros durante $MONTHS|Y$ meses!;;;;;;;;;x
alert_peace_being_enforced_delayed_days;The Council of $LIEGE|Y$ has declared that peace shall rein in all the realm! \nVassals of $LIEGE|Y$ are unable to wage war on each other for another $DAYS|Y$ days!;Le Conseil de $LIEGE|Y$ a décrété que la paix doit régner au sein du pays !\nLes vassaux de $LIEGE|Y$ ne pourront pas mener de guerres entre eux pendant encore $DAYS|Y$ jours !;Der Rat von $LIEGE|Y$ hat verkündet, dass Frieden im Reich herrschen soll! \nDie Vasallen von $LIEGE|Y$ können weitere $DAYS|Y$ Tage lang keine Kriege gegeneinander führen!;;El Consejo de $LIEGE|Y$ ha declarado que la paz reinará en todo el Reino!\nLos vasallos de $LIEGE|Y$ no podrán emprender la guerra unos contra otros durante $DAYS|Y$ días!;;;;;;;;;x
alert_peace_being_enforced_instant;§YLiege has Enforced Realm Peace!§!;§YLe seigneur lige a imposé la paix dans le pays !§!;§YLehnsherr hat den Reichsfrieden durchgesetzt!§!;;¡§YSeñor ha hecho cumplir Paz del Reino!§!;;;;;;;;;x
alert_peace_being_enforced_name;Realm Peace Enforced;Paix dans le pays décrétée;Reichsfrieden durchgesetzt;;Reino de Paz impuesta;;;;;;;;;x
alert_peace_soon_enforced_delayed;The Council of $LIEGE|Y$ has declared that peace shall reign in all the realm! \nAll internal wars waged between vassals of $LIEGE|Y$ will end with a §YWhite Peace§! in $MONTHS|Y$ months!\n\nIf you are on the Council you can call in a §YFavor§! from $LIEGE|Y$ to prevent the §YRealm Peace§! from being enforced.;Le Conseil de $LIEGE|Y$ a décrété que la paix doit régner au sein du Royaume !\nToutes les guerres internes entre les vassaux de $LIEGE|Y$ prendront fin par une §Ypaix blanche§! dans $MONTHS|Y$ mois !\n\nSi vous êtes présent au conseil, vous pouvez demander une §Yfaveur§! auprès de $LIEGE|Y$ pour empêcher la §Ypaix dans le pays§! d'être décrétée.;Der Rat von $LIEGE|Y$ hat verkündet, dass Frieden im Reich herrschen soll! \nDie reichsinternen Kriege aller Vasallen von $LIEGE|Y$ werden in $MONTHS|Y$ Monaten in einem §YWeißen Frieden§! enden!\n\nWenn Ihr Ratsmitglied seid, könnt Ihr einen §YGefallen§! einsetzen, um zu vermeiden, dass $LIEGE|Y$ den §YReichsfrieden§! durchsetzt.;;¡El Consejo de $LIEGE|$Y ha declarado que la paz reinará en todo el Reino!\nTodas las guerras internas entre vasallos de $LIEGE|Y$ acabarán con una §YPaz blanca§! en $MONTHS|Y$ Meses!\n\nSi estás en el Consejo puede reclamar un §YFavor§! de $LIEGE|Y$ para evitar que §Yla Paz del Reino§! se aplique.;;;;;;;;;x
alert_peace_soon_enforced_delayed_days;The Council of $LIEGE|Y$ has declared that peace shall rein in all the realm! \nAll internal wars waged between vassals of $LIEGE|Y$ will end with a §YWhite Peace§! in $DAYS|Y$ days!\n\nIf you are on the Council you can call in a §YFavor§! from $LIEGE|Y$ to prevent the §YRealm Peace§! from being enforced.;Le Conseil de $LIEGE|Y$ a décrété que la paix doit régner au sein du pays !\nToutes les guerres internes entre les vassaux de $LIEGE|Y$ prendront fin par une §Ypaix blanche§! dans $DAYS|Y$ jours !\n\nSi vous êtes membre du Conseil, vous pouvez demander une §Yfaveur§! auprès de $LIEGE|Y$ pour empêcher la §Ypaix dans le pays§! d'être décrétée.;Der Rat von $LIEGE|Y$ hat verkündet, dass Frieden im Reich herrschen soll! \nDie reichsinternen Kriege aller Vasallen von $LIEGE|Y$ werden in $DAYS|Y$ Tagen in einem §YWeißen Frieden§! enden!\n\nWenn Ihr Ratsmitglied seid, könnt Ihr einen §YGefallen§! einsetzen, um zu vermeiden, dass $LIEGE|Y$ den §YReichsfrieden§! durchsetzt.;;¡El Consejo de $LIEGE|Y$ ha declarado que la paz reinará en todo el reino!\nTodas las guerras internas entre vasallos de $LIEGE|Y$ acabarán con una §YPaz blanca§! en $DAYS|Y$ días!\n\nSi estás en el Consejo puedes reclamar un §YFavor§! de $LIEGE|Y$ para evitar que §Yla Paz del Reino§! se aplique.;;;;;;;;;x
alert_peace_soon_enforced_instant;§YLiege enforcing Realm Peace!§!;§YLe seigneur lige a imposé la paix dans le pays !§!;§YLehnsherr setzt Reichsfrieden durch!§!;;§Yseñor que hace cumplir Paz del Reino!§!;;;;;;;;;x
alert_peace_soon_enforced_name;Realm Peace Imminent;Paix dans le pays imminente;Reichsfrieden steht bevor;;Paz del Reino inminente;;;;;;;;;x
alert_planning_invasion_delayed;We are preparing to invade §Y$TARGET$§! before §Y$DATE$§!;Nous nous préparons à envahir §Y$TARGET$§! avant le §Y$DATE$§!;Wir bereiten eine Invasion gegen §Y$TARGET$§! noch vor dem §Y$DATE$§! vor;;Nos estamos preparando para invadir §Y$TARGET$§! antes de §Y$DATE$§!;;;;;;;;;x
alert_planning_invasion_instant;§YPreparing to Invade§!;§YPréparation d'une invasion§!;§YInvasionsvorbereitung§!;;§YPreparando para Invadir§!;;;;;;;;;x
alert_powerful_factions_delayed;There are powerful dissident Factions in your realm:\n$LIST$;Votre Royaume abrite des factions dissidentes très puissantes : \n$LIST$;Es gibt mächtige Fraktionen in Eurem Gebiet:\n$LIST$;;Existen poderosas facciones disidentes en tu territorio:\n$LIST$;;;;;;;;;x
alert_powerful_factions_instant;§YDangerous Factions§!;§YFactions dangereuses§!;§YGefährliche Fraktionen§!;;§YFacciones peligrosas§! ;;;;;;;;;x
alert_powerful_factions_name;Dangerous Factions;Factions dangereuses;Gefährliche Fraktionen;;Facciones peligrosas;;;;;;;;;x
alert_reconquista_active_delayed;There is currently an ongoing Reconquest war at the Iberian Peninsula;Une guerre de reconquête est en cours dans la péninsule ibérique;Auf der Iberischen Halbinsel findet derzeit ein Rückeroberungskrieg statt;;Ya hay una Reconquista en marcha en la Península Ibérica;;;;;x
alert_reconquista_active_instant;Reconquest;Reconquête;Rückeroberung;;Reconquista;;;;;x
alert_reconquista_timer_delayed;You have until [Root.reconquista_preparation_left.GetExpiryDate] to declare a Reconquest War;Vous avez jusqu'au [Root.reconquista_preparation_left.GetExpiryDate] pour déclarer une guerre de reconquête;Ihr habt bis zum [Root.reconquista_preparation_left.GetExpiryDate] Zeit, um Euren Rückeroberungskrieg zu planen;;Tienes hasta [Root.reconquista_preparation_left.GetExpiryDate] para declarar una guerra de reconquista.;;;;;x
alert_reconquista_timer_instant;Planning a Reconquest;Prépare une reconquête;Rückeroberung planen;;Planeando una Reconquista;;;;;x
alert_revoltrisk_in_provinces_delayed;The following counties run a risk of having a revolt:\n$LIST$;Les comtés suivants courent un risque de révolte.\n$LIST$.;In folgenden Provinzen gibt es die Gefahr einer Rebellion:\n$LIST$ ;Nastêpuj¹ce prowincje s¹ zagro¿one buntem.\n$LIST$;Las siguientes provincias corren el riego de sufrir una rebelión.\n$LIST$;Le seguenti province sono a rischio di rivolta.\n$LIST$;A következõ provinciákon áll fent lázadás esélye.\n$LIST$;V*následujících provinciích mùže propuknout revolta.\n$LIST$;;;;;;x
alert_revoltrisk_in_provinces_instant;§YRevolts Possible§!;§YRévoltes possibles§!;§YRevolten möglich§!;§YMo¿liwoœæ buntu§!;§YPosibles rebeliones§!;Possibili rivolte;§YLázadás lehetséges§!;§YMožné revolty§!;;;;;;x
alert_revoltrisk_in_provinces_name;Revolts possible;Révoltes possibles;Es sind Revolten möglich;;Posibles revueltas;;;;;;;;;x
alert_ruler_should_marry_delayed;You should get married\n§GClick to go to Character View§!;Vous devriez vous marier.\n§GCliquez pour accéder à la vue Personnage.§!;Ihr solltet heiraten\n§GKlickt zum Aufruf der Charakteransicht§!;;Deberías casarte\n§GClic para ir a vista de personajes§!;;;;;;;;;x
alert_ruler_should_marry_instant;§YRuler Unmarried§!;§YDirigeant non marié§!;§YHerrscher ist unverheiratet§!;;§YGobernante soltero§!;;;;;;;;;x
alert_ruler_should_marry_name;Ruler unmarried;Souverain célibataire;Herrscher ist nicht vermählt;;Gobernante soltero;;;;;;;;;x
alert_should_appoint_guardian_delayed;The following children need a guardian:\n$LIST$;Les enfants suivants ont besoin d'un tuteur : \n$LIST$;Folgende Kinder benötigen einen Vormund:\n$LIST$;;Los siguientes niños necesitan un guardián:\n$LIST$;;;;;;;;;x
alert_should_appoint_guardian_instant;§Y$NUM$ Children Lack a Guardian§!;§YEnfants sans tuteur ($NUM$)§!;§Y$NUM$ Kindern fehlt ein Vormund§!;;§YHay $NUM$ niños sin guardián§!;;;;;;;;;x
alert_should_appoint_guardian_name;Children lack guardian;Enfants sans tuteur;Kein Vormund für Kinder;;Infante sin tutor;;;;;;;;;x
alert_should_nominate_heir_delayed;You should nominate successors for these titles:\n$LIST$;Vous devriez nommer des successeurs pour les titres suivants : \n$LIST$;Ihr solltet für diese Titel Nachfolger nominieren:\n$LIST$;;Deberías nombrar sucesores para estos títulos:\n$LIST$;;;;;;;;;x
alert_should_nominate_heir_instant;§YSuccessor Nomination§!;§YNomination d'un successeur§!;§YNachfolgernominierung§!;;§YDesignación de sucesores§!;;;;;;;;;x
alert_should_nominate_heir_name;Succession nomination;Nomination d'un successeur;Nachfolgenominierung;;Nominar Sucesor;;;;;;;;;x
alert_society_rank_up_possible_delayed;You have gained enough influence within your society that you can request promotion to the next rank.;Vous avez gagné assez d'influence au sein de votre société pour pouvoir demander de monter en grade.;Ihr habt innerhalb Eures Zirkels genug Einfluss gewonnen, um eine Beförderung auf den nächsten Rang verlangen zu können.;;Has ganado la influencia suficiente dentro de tu sociedad como para solicitar un ascenso al siguiente rango.;;;;;;;;;x
alert_society_rank_up_possible_instant;§YPossible to rank up in society§!;§YMontée en grade possible dans la société§!;§YMöglich, im Zirkel aufzusteigen§!;;§YPosibilidad de subir de rango en la sociedad§!;;;;;;;;;x
alert_titles_may_pass_from_realm_delayed;There are vassals with worrisome lines of succession.\nOn death, their titles might pass from your Realm:\n$LIST$;Les lignes de succession de certains vassaux sont préoccupantes.\nÀ leur mort, leurs titres risquent de quitter votre pays : \n$LIST$;Die Nachfolgesituation mancher Vasallen ist beunruhigend.\nNach ihrem Tod könnten ihre Titel aus Eurem Reich verschwinden:\n$LIST$;;Hay vasallos con inquietantes líneas de sucesión.\nA su muerte, sus títulos podrían salir de tu reino:\n$LIST$;;;;;;;;;x
alert_titles_may_pass_from_realm_instant;§YVassal Inheritance Warning§!;§YAvertissement sur la succession de certains vassaux§!;§YVasallen-Nachfolgewarnung§!;;§YAviso de herencia de vasallos§!;;;;;;;;;x
alert_titles_may_pass_from_realm_name;Vassal inheritance warning;Avertissement sur la succession de certains vassaux;Titel fällt möglicherweise an eine Person außerhalb des Reiches;;Aviso de herencia de vasallos;;;;;;;;;x
alert_too_few_clans_delayed;You hold too much land compared to the other Clans. Hand out §Y$NUM$§! counties or you might face revolts from the existing Clans as it negatively affects their §YClan Sentiment§! of you. You can also face a §YMinor Clan Rising§! revolt to seize its rightful position among the major Clans...;Nous possédons trop de terres comparé aux autres clans. Nous devons céder §Y$NUM$§! contés ou faire face à une révolte des autres clans, et peut-être même voir un clan mineur accéder à un statut de clan majeur...;Ihr besitzt im Verhältnis zu anderen Klans zu viel Land. Ihr müsst §Y$NUM$§! Grafschaften vergeben, denn sonst lauft Ihr das Risiko, dass bestehende Klans revoltieren oder kleinere Klans sich erheben, um ihren rechtmäßigen Platz an der Seite der größeren Klans einzufordern ...;;Posees demasiada tierra comparado con los otros clanes. Entrega §Y$NUM$§! condados o podrías enfrentarte a rebeliones de los clanes existentes o incluso ver un clan menor en alza apoderarse de su legítima posición entre los principales clanes...;;;;;;;;x
alert_too_few_clans_instant;§YClans Want More Land§!;§YLes clans veulent davantage de terres§!;§YKlans fordern mehr Land§!;;§YLos clanes quieren más tierra§!;;;;;;;;x
alert_too_few_clans_name;Clans Want More Land;Les clans veulent davantage de terres;Klans verlangen mehr Land;;Los clanes quieren más tierra;;;;;;;;x
alert_troops_in_foreign_territory_delayed;In $LIST$.;En $LIST$.;In $LIST$.;W $LIST$.;En $LIST$.;In $LIST$.;Itt: $LIST$.;V $LIST$.;;;;;;x
alert_troops_in_foreign_territory_instant;§YYou have troops in foreign territory.§!;§YVous avez des troupes à l'étranger.§!;§YIhr habt Truppen auf fremdem Territorium.§!;§YMasz oddzia³y na terytorium obcego pañstwa.§!;§YTenéis tropas en territorio extranjero.§!;§YHai truppe in territorio straniero.§!;§YCsapataid vannak idegen területen.§!;§YVaši vojáci se nacházejí v cizím teritoriu.§!;;;;;;x
alert_troops_in_foreign_territory_name;Troops in foreign territory;Troupes en territoire étranger;Truppen im fremden Gebiet;;Tropas en tierras extranjeras;;;;;;;;;x
alert_truce_expiring_delayed;The Following Truces are Expiring:$LIST$;Les trêves suivantes expirent : $LIST$;Die folgenden Waffenstillstände laufen aus:$LIST$;;Las siguientes treguas están expirando: $LIST$;;;;;;;;;x
alert_truce_expiring_instant;§YTruces are Expiring§!;§YDes trêves expirent§!;§YWaffenstillstände laufen aus§!;;§YLas treguas van a expirar§!;;;;;;;;;x
alert_truce_expiring_name;Truces are expiring;Des trêves s'achèvent;Waffenstillstand läuft aus;;Finalizando treguas;;;;;;;;;x
alert_vassal_levies_raised_long_delayed;The following Vassals are upset about their levies:\n$LIST$;Les vassaux suivants sont en colère à cause de leur mobilisation : \n$LIST$;Die folgenden Vasallen sind erbost darüber, wie lange ihre Aufgebote Euch bereits dienen:\n$LIST$;;Los siguientes vasallos están preocupados por sus levas:\n$LIST$;;;;;;;;;x
alert_vassal_levies_raised_long_instant;§YVassal Levies Raised too Long§!;§YLes troupes des vassaux ont été mobilisées pendant trop longtemps§!;§YAufgebot Eurer Vasallen schon zu lange in Heerfolge§!;;§YLas levas de los vasallos llevan demasiado tiempo activas§!;;;;;;;;;x
alert_vassal_levies_raised_long_name;Vassal levies raised too long;Les troupes des vassaux sont levées depuis trop longtemps;Wir beanspruchen die Streitkräfte unserer Vasallen zu lang;;Levas de los vasallos reclutadas durante mucho tiempo;;;;;;;;;x
alert_wonder_construction_paused_delayed;The following great works have paused construction:\n\n$LIST$;Construction de grands ouvrages interrompue:\n\n$LIST$;Der Bau folgender Großer Bauwerke wurde pausiert:\n\n$LIST$;;Se ha detenido la construcción de estas grandes obras:\n\n$LIST$;;;;;;;;x
alert_wonder_construction_paused_instant;§YGreat Work Construction Paused§!;§YConstruction de grand ouvrage interrompue§!;§YKonstruktion des Großen Bauwerks pausiert§!;;§YConstrucción de gran obra detenida§!;;;;;;;;x
alert_wonder_construction_paused_name;Paused great work construction;Construction de grand ouvrage interrompue;Bau des Großen Bauwerks pausiert;;Construcción de gran obra detenida;;;;;;;;x
alert_you_can_create_titles_delayed;The following titles can be created:\n$LIST$;Les titres suivants peuvent être créés : \n$LIST$;Folgende Titel können geschaffen werden:\n$LIST$;;Pueden crearse los siguientes títulos:\n$LIST$;;;;;;;;;x
alert_you_can_create_titles_instant;§Y$NUM$ Title(s) can be Created§!;§YTitres pouvant être créés ($NUM$)§!;§YTitel können erstellt werden: $NUM$§!;;§YPueden crearse $NUM$ título(s)§!;;;;;;;;;x
alert_you_can_create_titles_name;Can create titles;Des titres peuvent être créés;Es können Titel geschaffen werden;;Puedes crear títulos;;;;;;;;;x
alert_you_can_usurp_titles_delayed;The following titles can be usurped:\n$LIST$;Les titres suivants peuvent être usurpés : \n$LIST$;Folgende Titel können übernommen werden:\n$LIST$;;Pueden usurparse los siguientes títulos:\n$LIST$;;;;;;;;;x
alert_you_can_usurp_titles_instant;§Y$NUM$ Title(s) can be Usurped§!;§YTitres pouvant être usurpés ($NUM$)§!;§YTitel können übernommen werden: $NUM$§!;;§YPueden usurparse $NUM$ título(s)§!;;;;;;;;;x
alert_you_can_usurp_titles_name;Can usurp titles;Des titres peuvent être usurpés;Es können Titel usurpiert werden;;Puedes usurpar títulos;;;;;;;;;x