#CODE;ENGLISH;FRENCH;GERMAN;;SPANISH;;;;;;;;;x

# job_chancellor.txt

#########################
#
#	Chancellor events
#
#########################

# Attempt to improve relations with lord
evt_chancellor_001_title;Improved Relations with Lord;Meilleures relations avec le seigneur;Verbesserte Beziehungen zu Fürst;;La relación con el obispo mejora;;;;;;;;;x
evt_chancellor_001_desc_a;During my stay at the court of a noble in [Root.Location.GetName], I have done my utmost to present my liege in a more favourable light and have him recognized as the benevolent and peaceful ruler [Root.Liege.GetSheHe] is.;Lors de mon séjour à la Cour d'un noble de [Root.Location.GetName], j'ai tout mis en oeuvre pour présenter m[Root.Liege.GetOnA] [Root.Liege.GetLordLady] lige sous un jour des plus flatteurs et faire ressortir sa nature bienveillante et pieuse.;Während meines Besuches am Hofe eines lokalen Adligen in [Root.Location.GetName] tat ich mein Möglichstes, meinen Lehnsherrn in einem günstigeren Licht erscheinen zu lassen und ihn als gütigen Herrscher und frommen [Root.Liege.Religion.GetName] darzustellen.;;Durante mi estancia en la corte de un noble de [Root.Location.GetName], hice todo lo posible por hablar bien de mi señoría en reconocimiento a la bondad y al carácter pacífico con la que [Root.Liege.GetSheHe] gobierna.;;;;;;;;;x
evt_chancellor_001_option_a;It seems as if I have succeeded!;Je pense avoir réussi !;Es scheint, ich hatte Erfolg!;;¡Parece que lo he logrado!;;;;;;;;;x

# Inform the noble
evt_chancellor_002_desc_a;During [From.GetHerHis] visit to my court, the [From.GetJobTitle] of [From.Host.PrimaryTitle.GetName], [From.GetTitledName], has really convinced me of what a benevolent and peaceful ruler [From.GetHerHis] liege [From.Host.GetTitledName] is.;Lors de sa venue au sein de ma Cour, [From.Get_le_JobTitle] [From.Host.PrimaryTitle.Get_du_Realm], [From.Get_le_TitledName], a réussi à me convaincre de la bienveillance et de la piété de s[From.Host.GetOnA] [From.Host.GetLordLady] lige, [From.Host.Get_le_TitledName].;Während [From.GetHerHis]es Besuchs an meinem Hof überzeugte mich der [From.GetJobTitle] von [From.Host.PrimaryTitle.GetName], [From.GetTitledName], was für ein gütiger und frommer Herrscher [From.GetHerHis] Lehnsherr [From.Host.GetTitledName] doch ist.;;Durante su visita a la corte, el [From.GetJobTitle] de [From.Host.PrimaryTitle.GetName], [From.GetTitledName], realmente me ha convencido de la benevolencia y el carácter pacífico de su monarca [From.Host.GetTitledName].;;;;;;;;;x
evt_chancellor_002_option_a;I feel a new appreciation for [From.Host.GetTitledName]!;J'apprécie davantage [From.Host.Get_le_TitledName]!;Ich sehe [From.Host.GetTitledName] nun in viel hellerem Licht!;;¡Creo que empiezo a apreciar a [From.Host.GetTitledName]!;;;;;;;;;x

# The liege is informed of the success
evt_chancellor_003_desc_a;My liege, my mission to [FromFrom.Location.GetName] has so far been a success! During my visit to the court of [From.GetBestName], I seem to have managed to make [From.GetHerHim] understand what a benevolent and peaceful ruler you really are and [From.GetSheHe] sends [From.GetHerHis] regards.\n\nYour humble [Root.GetChancellorName],\n[Root.job_chancellor.GetTitledFirstName];M[Root.GetOnA][Root.GetLordLady],\nMa mission en [FromFrom.Location.GetName] est un succès ! Lors de ma visite à la Cour [From.Get_only_du_Title][From.GetBestName], j'ai réussi à lui faire comprendre que vous régnez avec bienveillance, et [From.GetIlElle] vous transmet son bon souvenir.\n\nVotre humble [Root.GetChancellorName],\n[Root.job_chancellor.GetTitledFirstName];Mein Lehnsherr,\nmeine Mission in [FromFrom.Location.GetName] ist bislang ein Erfolg! Während meines Besuches am Hof von [From.GetBestName] scheine ich [From.GetHerHim] überzeugt zu haben, dass Ihr ein gütiger und frommer Herrscher seid, und [From.GetSheHe] übermittelt [From.GetHerHis]e besten Grüße.\n\nEuer ergebener [Root.GetChancellorName]\n[Root.job_chancellor.GetTitledFirstName];;¡Mi señor, mi misión a [FromFrom.Location.GetName] ha sido un éxito! Durante mi visita a la corte de [From.GetBestName], logré que entendiera lo benévolo y pacífico que eres como gobernante y envía sus saludos.\n\nTu humilde [Root.GetChancellorName],\n[Root.job_chancellor.GetTitledFirstName];;;;;;;;;x
# Unused
EVTTOOLTIP20101;Send a letter to inform my liege;J'envoie une lettre à m[Root.Liege.GetOnA] [Root.Liege.GetLordLady] lige pour l'en informer.;Einen Brief an meinen Lehnsherrn senden;;Envía una carta para informar a mi señor.;;;;;;;;;x

# Attempt to improve relations is sabotaged
evt_chancellor_101_title;Sabotaged Relations with Lord;Sabotage des relations avec le seigneur;Sabotierte Beziehungen zu Fürst;;Relación con el señor saboteada;;;;;;;;;x
evt_chancellor_101_desc_a;During my stay at the court of a noble in [Root.Location.GetName], I have done my utmost to present my liege in a more favourable light. But sinister forces around me seem to conspire to twist and turn my every action into something dubious and every word spoken into an insult.;Lors de mon séjour à la Cour d'un noble de [Root.Location.GetName], j'ai tout mis en oeuvre pour présenter m[Root.Liege.GetOnA] [Root.Liege.GetLordLady] lige sous un jour des plus flatteurs. Mais je suis en proie à des forces maléfiques qui conspirent pour remettre en doute chacune de mes actions et transformer mes mots en insultes.;Während meines Besuchs am Hofe eines Adligen in [Root.Location.GetName] tat ich mein Möglichstes, meinen Lehnsherrn in einem günstigeren Licht erscheinen zu lassen. Doch dunkle Mächte um mich herum scheinen sich verschworen zu haben, sie lassen jede meiner Handlungen anrüchig klingen und verdrehen jedes meiner Worte zu einer Beleidigung.;;Durante mi estancia en la corte de un noble en [Root.Location.GetName] hice todo lo posible por hablar bien de mi señor. Pero perversas fuerzas parecían conspirar contra mí convirtiendo cada uno de mis actos en sospecha y cada palabra en insulto.;;;;;;;;;x
evt_chancellor_101_option_a;It seems I have failed miserably...;Je pense avoir lamentablement échoué...;Es scheint, ich habe kläglich versagt ...;;Diría que he fallado miserablemente...;;;;;;;;;x

evt_chancellor_102_desc_a;During [From.GetHerHis] visit to my court, the [From.GetJobTitle] of [From.Host.PrimaryTitle.GetName], [From.GetTitledName], has been going on and on about what a benevolent and peaceful ruler [From.GetHerHis] liege [From.Host.GetTitledName] is. But other members of the court have informed me of what a shameless and deceitful liar both [From.GetSheHe] and [From.GetHerHis] liege are.;Lors de sa visite à ma Cour, [From.Get_le_JobTitle] [From.Host.PrimaryTitle.Get_du_Realm], [From.Get_le_TitledName], a tout mis en oeuvre pour faire ressortir la nature bienveillante et pieuse de s[From.Host.GetOnA] [From.Host.GetLordLady] lige, [From.Host.Get_le_TitledName]. Mais d'autres courtisans m'ont bien fait comprendre qu'il s'agissait là d'un tissu de mensonges.;Während [From.GetHerHis]es Besuchs schwallte der [From.GetJobTitle] von [From.Host.PrimaryTitle.GetName], [From.GetTitledName], mir die Ohren voll, was ein gütiger und friedliebender Herrscher [From.GetHerHis] Lehnsherr [From.Host.GetTitledName] sei. Aber andere Mitglieder des Hofes deuteten an, welch schamlose Lügner sowohl [From.GetSheHe] also auch [From.GetHerHis] Lehnsherr sind.;;Durante su visita a la corte, el [From.GetJobTitle] de [From.Host.PrimaryTitle.GetName], [From.GetTitledName], mencionó una y otra vez la benevolencia y el carácter pacífico que caracterizan a su monarca [From.Host.GetTitledName]. Pero otros miembros de la corte ya me han dicho lo sinvergüenzas y embusteros que son los dos, [From.GetSheHe] y su monarca.;;;;;;;;;x
evt_chancellor_102_desc_b;During [From.GetHerHis] visit to my court, the [From.GetJobTitle] of [From.Host.PrimaryTitle.GetName], [From.GetTitledName], has been going on and on about what a benevolent and peaceful ruler our liege [From.Host.GetTitledName] is. But other members of the court have informed me of what a shameless and deceitful liar both [From.GetSheHe] and our liege are.;Lors de sa visite à ma cour, [From.Get_le_JobTitle] [From.Host.PrimaryTitle.Get_du_Realm] a répété encore et encore combien m[From.Host.GetOnA] [From.Host.GetLordLady] lige est bienveillant[From.Host.Get_E]. Cependant, d'autres membres de la Cour m'ont mis en garde contre les mensonges éhontés et la fourberie à la fois [From.Get_du_JobTitle] et de m[From.Host.GetOnA] [From.Host.GetLordLady] lige.;Während [From.GetHerHis]es Besuchs an meinen Hof hat [From.GetJobTitle] von [From.Host.PrimaryTitle.GetName], [From.GetTitledName] immer mehr und mehr davon geredet, was für ein wohlwollender und friedlicher Herrscher unser Lehnsherr [From.Host.GetTitledName] ist. Andere Mitglieder des Hofes haben mir allerdings mitgeteilt, was für ein schamloser und betrügerischer Lügner sowohl [From.GetSheHe] als auch unser Lehnsherr sei.;;Durante su visita a la corte, el [From.GetJobTitle] de [From.Host.PrimaryTitle.GetName], [From.GetTitledName], ha estado hablando sobre lo benevolente y pacífico que es nuestro señor [From.Host.GetTitledName]. Pero otros miembros de la corte me han informado de cómo tanto [From.GetSheHe] como nuestro señor son unos mentirosos descarados y tramposos.;;;;;;;;;x
evt_chancellor_102_option_a;This certainly won't increase my opinion of them!;Cela n'améliorera certainement pas l'opinion que j'avais d'eux !;Das macht meine Meinung von ihnen nicht gerade sonniger!;;¡Está claro que mi opinión sobre ellos no va a mejorar!;;;;;;;;;x

evt_chancellor_103_desc_a;My liege, I have tried to make [From.GetBestName] realize what a benevolent and peaceful ruler you really are, but sinister forces at [From.GetHerHis] court have been hard at work to discredit my every move and distort my every word. I am afraid that in the end the visit seems to have done more harm than good.\n\nYour humble [Root.GetChancellorName],\n[Root.job_chancellor.GetTitledName];M[Root.GetOnA][Root.GetLordLady],\nJ'ai tenté de faire comprendre [From.Get_only_au_Title][From.GetBestName] combien vous régnez avec bienveillance, mais des forces malveillantes de sa Cour ont vite discrédité chacune de mes actions et déformé chacune de mes paroles. Je crains que la visite n'ait fait plus de mal que de bien.\n\nVotre humble [Root.GetChancellorName],\n[Root.job_chancellor.GetTitledName];Mein Lehnsherr, ich habe versucht, [From.GetBestName] klarzumachen, was für ein friedlicher Herrscher Ihr seid, aber leider sind meine Taten und meine Worte in Verruf gebracht worden. Ich fürchte, dass der Besuch Euch am Ende eher geschadet hat.\n\nEuer ergebener [Root.GetChancellorName],\n[Root.job_chancellor.GetTitledName];;Mi señor, he tratado de conseguir que [From.GetBestName] se dé cuenta de lo benevolente y pacífico que sois como gobernador, pero las fuerzas siniestras de [From.GetHerHis] corte se han esforzado en desacreditar todos mis movimientos y en distorsionar cada una de mis palabras. Me temo que, al final, mi visita ha hecho más mal que bien.\n\nVuestro humilde [Root.GetChancellorName],\n[Root.job_chancellor.GetTitledName];;;;;;;;;x
evt_chancellor_103_option_a;Harm indeed...;Plus de mal, en effet...;Aber wirklich ...;;Empeorar es poco...;;;;;;;;;x
# Unused
EVTTOOLTIP20111;Send a letter to inform my liege;J'envoie une lettre à m[Root.Liege.GetOnA] [Root.Liege.GetLordLady] lige pour l'en informer.;Einen Brief an meinen Lehnsherrn senden;;Envía una carta para informar a mi señor.;;;;;;;;;x

# Chancellor fabricates a claim
evt_chancellor_201_title;Claim Fabricated;Revendication fabriquée;Falscher Anspruch;;Falso alegato;;;;;;;;;x
evt_chancellor_201_desc_a;According to my liege's order, I have done my best to fabricate a claim on the title of a local landed noble in [Root.Location.GetName].;Sur ordre de mon seigneur lige, j'ai tout fait pour fabriquer une revendication sur le titre d'un noble de [Root.Location.GetName].;Gemäß dem Befehl meines Lehnsherrn habe ich mein Bestes getan, einen Anspruch auf den Titel eines landbesitzenden Adligen in [Root.Location.GetName] zu fingieren.;;Siguiendo las ordenes de mi señor, he hecho todo lo posible por urdir un alegato contra el título de un noble hacendado de [Root.Location.GetName].;;;;;;;;;x
evt_chancellor_201_option_a;This better work...;Beau travail...;Ich hoffe stark, das funktioniert ...;;Será mejor que funcione...;;;;;;;;;x

# The noble is informed about the claim
evt_chancellor_202_desc_a;It has come to my attention that the [From.GetJobTitle] of [From.Host.PrimaryTitle.GetName], [From.GetTitledName], has bribed and threatened [From.GetHerHis] way through my domain trying to get enough people to recognize a claim on my title that [From.GetSheHe] has fabricated for [From.GetHerHis] liege, [From.Liege.GetTitledName].;J'ai appris que [From.Get_le_JobTitle] [From.Host.PrimaryTitle.Get_du_Realm], [From.Get_le_TitledName], a eu recours à la corruption et aux menaces pour rallier suffisamment de soutiens et revendiquer un titre qu'[From.GetIlElle] a fabriqué pour s[From.Liege.GetOnA] [From.Liege.GetLordLady] lige, [From.Liege.Get_le_TitledName].;Es ist mir zu Ohren gekommen, dass der [From.GetJobTitle] der [From.Host.PrimaryTitle.GetName], [From.GetTitledName], mit Drohungen und Bestechungen durch meine Domäne gezogen ist, um genug Leute zur Anerkennung eines Anspruchs auf meinen Titel zu bringen. Einen Anspruch, den [From.GetSheHe] für [From.Liege.GetTitledName], [From.GetHerHis]en Lehnsherrn, fingiert hat.;;Se me ha llamado la atención de que [From.GetJobTitle] de [From.Host.PrimaryTitle.GetName], [From.GetTitledName], ha sobornado y amenazado por todos mis dominios para conseguir que bastante gente reconozca unos derechos que ha inventado para su señor, [From.Liege.GetTitledName], sobre mi título.;;;;;;;;;x
evt_chancellor_202_option_a;They better not use it!;Qu'ils prennent garde !;Das sollten sie besser nicht zu Ende führen wollen!;;¡Será mejor que esto no siga adelante!;;;;;;;;;x
# Unused
EVTTOOLTIP20131;Send a letter to my liege;J'envoie une lettre à m[Root.Liege.GetOnA] [Root.Liege.GetLordLady] lige.;Einen Brief an meinen Lehnsherrn schicken;;Envía una carta a mi señor;;;;;;;;;x

# The liege is informed and has a choice to press the claim or not
evt_chancellor_203_desc_a;My liege, my work in [FromFrom.Location.GetName] seems to have come to fruition. By bribing, cajoling, extorting, threatening and forging documents, I have managed to fabricate a claim on the [FromFrom.Location.County.GetFullName] presently held by [From.GetTitledName]. I leave it up to you whether to use it or not.\n\nYour humble [Root.GetChancellorName],\n[FromFrom.GetTitledName];M[Root.GetOnA][Root.GetLordLady],\nMon travail à [FromFrom.Location.GetName] a porté ses fruits. Par corruption, flatteries, extorsions, menaces et faux documents, j'ai réussi à vous fabriquer une revendication sur [FromFrom.Location.County.Get_le_RealmFull], actuellement entre les mains [From.Get_du_TitledName]. Vous êtes libre de vous en servir ou non.\n\nVotre humble [Root.GetChancellorName],\n[FromFrom.GetTitledName];Mein Lehnsherr, wie es scheint, trägt meine Arbeit in [FromFrom.Location.GetName] allmählich Früchte. Es ist mir gelungen, einen Herrschaftsanspruch auf den Titel [FromFrom.Location.County.GetFullName] zusammenzuspinnen. Die Entscheidung, ob Ihr diesen Anspruch geltend zu machen wünscht, liegt nun ganz bei Euch.\n\nUntertänigst Euer [Root.GetChancellorName],\n[FromFrom.GetTitledName];;Señor, parece que mi labor en [FromFrom.Location.GetName] ha rendido frutos. Mediante soborno, adulación, extorsiones, amenazas y falsificación de documentos he conseguido fraguar una reclamación contra el [FromFrom.Location.County.GetFullName], actualmente regido por  [From.GetTitledName]. Dejo en vuestras manos el formular o no esta reclamación.\n\nVuestro humilde [Root.GetChancellorName],\n[FromFrom.GetTitledName];;;;;;;;;x
evt_chancellor_203_desc_b;My liege, my work in [FromFrom.Location.GetName] seem to have come to fruition. By bribing, cajoling, extorting, threatening and forging documents, I have managed to fabricate a claim on the [FromFrom.Location.Duchy.GetFullName] presently held by [From.GetTitledName]. I leave it up to you whether to press it or not.\n\nYour humble [Root.GetChancellorName],\n[FromFrom.GetTitledName];M[Root.GetOnA][Root.GetLordLady], \nMon travail à [FromFrom.Location.GetName] a porté ses fruits. Par corruption, flatteries, extorsions, menaces et faux documents, j'ai réussi à obtenir pour vous le droit de revendiquer [FromFrom.Location.Duchy.Get_le_RealmFull], actuellement entre les mains [From.Get_du_TitledName]. Vous êtes libre de vous en servir ou non.\n\nVotre humble [Root.GetChancellorName],\n[FromFrom.GetTitledName];Mein Lehnsherr, meine Arbeit in [FromFrom.Location.GetName] hat sich wohl erfüllt. Durch Bestechung, Überredung, Erpressung, Drohung und Fälschung von Dokumenten konnte ich es bewerkstelligen, einen Besitzanspruch auf das [FromFrom.Location.Duchy.GetFullName], das derzeit von [From.GetTitledName] gehalten wird, anzumelden. Ich überlasse es Euch, ob Ihr Druck ausübt oder nicht.\nEuer ergebener [Root.GetChancellorName],[FromFrom.GetTitledName];;Mi señor, mi trabajo en [FromFrom.Location.GetName] parece haber dado fruto. A base de sobornos, adulaciones, extorsiones, amenazas y falsificaciones de documentos, he conseguido elevar una reclamación sobre [From.Location.Duchy.GetFullName], actualmente perteneciente a [From.GetTitledName]. Dejo en vuestras manos la decisión de ejecutarla o no.\nVuestro humilde [Root.GetChancellorName], [From.GetTitledName];;;;;;;;;x
evt_chancellor_203_desc_c;My liege, my work in [FromFrom.Location.GetName] seem to have come to fruition. By bribing, cajoling, extorting, threatening and forging documents, I have managed to fabricate a claim on the [FromFrom.Location.Kingdom.GetFullName] presently held by [From.GetTitledName]. I leave it up to you whether to press it or not.\n\nYour humble [Root.GetChancellorName],\n[FromFrom.GetTitledName];M[Root.GetOnA][Root.GetLordLady], \nMon travail à [FromFrom.Location.GetName] a porté ses fruits. Par corruption, flatteries, extorsions, menaces et faux documents, j'ai réussi à obtenir pour vous le droit de revendiquer [FromFrom.Location.Kingdom.Get_le_RealmFull], actuellement entre les mains [From.Get_du_TitledName]. Vous êtes libre de vous en servir ou non.\n\nVotre humble [Root.GetChancellorName],\n[FromFrom.GetTitledName];Mein Lehnsherr, meine Arbeit in [FromFrom.Location.GetName] hat sich wohl erfüllt. Durch Bestechung, Überredung, Erpressung, Drohung und Fälschung von Dokumenten konnte ich es bewerkstelligen, einen Besitzanspruch auf das [FromFrom.Location.Kingdom.GetFullName], das derzeit von [From.GetTitledName] gehalten wird, anzumelden. Ich überlasse es Euch, ob Ihr Druck ausübt oder nicht.\nEuer ergebener [Root.GetChancellorName],[FromFrom.GetTitledName];;Mi señor, mi trabajo en [FromFrom.Location.GetName] parece haber dado fruto. A base de sobornos, adulaciones, extorsiones, amenazas y falsificaciones de documentos, he conseguido crear una reclamación sobre [From.Location.Duchy.GetFullName], actualmente perteneciente a [From.GetTitledName]. Dejo en vuestras manos la decisión de ejecutarla o no.\nVuestro humilde [Root.GetChancellorName], [From.GetTitledName];;;;;;;;;x
evt_chancellor_203_option_a;Use it!;Allez plus en avant dans cette revendication !;Anspruch durchsetzen!;;¡Presenta el alegato!;;;;;;;;;x
evt_chancellor_203_option_b;Let it go;Laissons tomber;Sein lassen;;Mejor déjalo.;;;;;;;;;x

# The noble is informed if the claim is pressed, and is insulted
evt_chancellor_204_desc_a;[From.GetFullName] has decided to go ahead and use a claim on my title despite having nothing more than a laughable and obviously fabricated document to back it up.;[From.GetFullName] a décidé d'aller plus en avant dans cette revendication sur mon titre et cela, grâce à un document fabriqué de toutes pièces des plus ridicules.;[From.GetFullName] hat sich entschieden, Anspruch auf meinen Titel zu erheben, obwohl er dafür bloß ein lächerliches und ganz offensichtlich gefälschtes Dokument vorzeigen kann.;;[From.GetFullName] ha decidido seguir adelante con el alegato contra mi título a pesar de no tener más que un documento irrisorio y evidentemente falso en el que apoyarse.;;;;;;;;;x
evt_chancellor_204_option_a;That bastard!;Quelle ordure !;Solch ein Bastard!;;¡Ese malnacido!;;;;;;;;;x


# A Noble finds out that the Chancellor is trying to fabricate claims
evt_chancellor_301_title;Noble Infuriated;Noble en colère;Adliger erzürnt;;Noble enfurecido;;;;;;;;;x
evt_chancellor_301_desc_a;A local noble in [Root.Location.GetName] became suspicious after I asked a couple of brash questions and I fear he might have figured out that I am trying to fabricate a claim to his title!;Un noble de [Root.Location.GetName] s'est montré soupçonneux face à mes questions impertinentes et je crains qu'il ait deviné que j'essaie de fabriquer une revendication sur son titre !;Ein hiesiger Adliger in [Root.Location.GetName] wurde hellhörig, als ich einige freche Fragen stellte. Ich fürchte, er hat sich nun zusammengereimt, dass ich versuche, einen Anspruch auf seinen Titel zu fingieren!;;Un noble de la región de [Root.Location.GetName] sospecha de mí tras hacerle un par de preguntas descaradas. ¡Creo que sabe que intento falsificar un alegato contra su título!;;;;;;;;;x
evt_chancellor_301_option_a;I got a little careless;J'ai fait preuve d'insouciance.;Ich wurde etwas leichtsinnig;;No he tenido mucho cuidado.;;;;;;;;;x
evt_chancellor_301_option_a_tooltip;The noble knows...;Le noble sait...;Der Adlige weiß, was gespielt wird ...;;El noble lo sabe...;;;;;;;;;x

# The noble knows about the fabricated claims
evt_chancellor_302_desc_a;[From.Host.GetTitledName] is trying to usurp my title! [From.Host.GetHerHisCap] [Root.GetChancellorName] [From.GetTitledName] is supposedly traveling around [From.Location.GetName] trying to find both documents and supporters to help him legitimize a claim on the title. I need to do something about it!;[From.Host.Get_Le_TitledName] tente d'usurper mon titre ! Son [Root.GetChancellorName], [From.Get_le_TitledName], se trouverait en [From.Location.GetName] pour trouver des documents et des soutiens afin de l'aider à légitimer une revendication. Je dois faire quelque chose !;[From.Host.GetTitledName] versucht, mir meinen Titel zu entreißen! [From.Host.GetHerHisCap] [Root.GetChancellorName] [From.GetTitledName] soll in der Gegend von [From.Location.GetName] herumreisen, auf der Suche nach Dokumenten und Unterstützern, die ihm helfen, einen Anspruch auf den Titel zu legitimieren. Ich muss etwas dagegen unternehmen!;;¡[From.Host.GetTitledName] intenta usurpar mi título! su [Root.GetChancellorName] [From.GetTitledName] supuestamente se mueve por [From.Location.GetName] buscando documentos y gente que lo apoye para presentar legalmente un alegato contra el título. ¡Tengo que hacer algo!;;;;;;;;;x
evt_chancellor_302_option_a;Make him disappear...;Je le fais disparaître...;Ihn verschwinden lassen ...;;Hazlo desaparecer...;;;;;;;;;x
evt_chancellor_302_option_a_tooltip_1;An attempt on [This.GetHerHis] life is made;Sa vie est en danger !;Ein Anschlag auf [This.GetHerHis] Leben wird verübt;;Se ha atentado contra su vida.;;;;;;;;;x
evt_chancellor_302_option_a_tooltip_2;The assassination attempt fails;La tentative d'assassinat a échoué;Der Mordanschlag ist fehlgeschlagen ;;Falla el intento de asesinato;;;;;;;;;x
evt_chancellor_302_option_b;Try to bribe him;J'essaie de le soudoyer.;Versuchen, ihn zu bestechen;;Intenta sobornarlo.;;;;;;;;;x
evt_chancellor_302_option_b_tooltip;Send him an offer;Je lui fais une proposition.;Ihm ein Angebot senden;;Hazle una oferta.;;;;;;;;;x
evt_chancellor_302_option_c;I better let it be for now;Il vaut mieux que j'en reste là pour le moment.;Ich lasse es besser erstmal gut sein;;Mejor pasar del tema por ahora.;;;;;;;;;x

# Chancellor is assassinated...
evt_chancellor_303_desc_a;The attempt to fabricate a claim on a title held by [From.GetTitledName] did not pass unnoticed, and rumors say that [From.GetSheHe] was so angry that [From.GetSheHe] ordered to have me assassinated.;La tentative visant à fabriquer une revendication sur un titre détenu par [From.Get_le_TitledName] n'est pas passée inaperçue et d'après les rumeurs [From.GetIlElle] était tellement en colère qu'[From.GetIlElle] a ordonné qu'on m'assassine.;Der Versuch, einen Anspruch auf einen Titel von [From.GetTitledName] zu erheben, blieb nicht unbemerkt, und Gerüchten zufolge war [From.GetSheHe] so wütend, dass [From.GetSheHe] befahl, mich zu ermorden.;;El intento de falsificar un alegato contra un título de [From.GetTitledName] no ha pasado desapercibido. Dicen los rumores que [From.GetSheHe] tenía tal enfado que dio órdenes de asesinarme.;;;;;;;;;x
evt_chancellor_303_option_a;I am not too worried...;Cela ne m'inquiète pas outre mesure...;Ich sorge mich nicht allzu sehr ...;;No me preocupa demasiado...;;;;;;;;;x

# Noble is informed that the assassination attempt succeeded
evt_chancellor_304_desc_a;The assassins succeeded! The troublesome [Root.GetChancellorName] who was roaming around the county trying to fabricate a claim on my title is no more... And there is no trace leading back to me.;Les assassins ont réussi ! L'inquiétant [Root.GetChancellorName] qui rôdait dans la province pour essayer de fabriquer une revendication sur mon titre n'est plus... Et rien ne peut me mêler à tout cela.;Der Anschlag gelang! Der umtriebige [Root.GetChancellorName], der durch die Provinz streifte und versuchte, einen Anspruch auf meinen Titel zu fingieren, weilt nicht mehr unter uns ... und es gibt keine Spur, die zu mir führt.;;¡Los asesinos lo han conseguido! El problemático [Root.GetChancellorName] que merodeaba por la provincia preparando un falso alegato contra mi título dejará de molestar... Y no hay ninguna prueba que me incrimine.;;;;;;;;;x

# The liege is informed about the Chancellor's death
evt_chancellor_305_desc_a;During a mission to try and fabricate a claim to a title in [From.Location.GetName], my [Root.GetChancellorName] has been murdered!;Au cours d'une mission visant à essayer de fabriquer une revendication sur un titre de [From.Location.GetName], mon [Root.GetChancellorName] a été tué !;Während einer Mission, um einen Titelanspruch in [From.Location.GetName] zu fingieren, wurde mein [Root.GetChancellorName] ermordet!;;Durante mi ausencia, y en una misión para tratar de reclamar mi título en [From.Location.GetName], ¡han asesinado a mi [Root.GetChancellorName]!;;;;;;;;;x
evt_chancellor_305_option_a;How terrible!;C'est terrible !;Wie schrecklich!;;¡Es terrible!;;;;;;;;;x

# Noble is informed that the assassination attempt failed
evt_chancellor_306_desc_a;The assassins I sent failed miserably and the troublesome [FromFrom.GetMyChancellorName], [FromFrom.GetTitledName], continues his work to fabricate a claim on my title.;Les assassins que j'ai envoyés ont lamentablement échoué et l'inquiétant [FromFrom.GetMyChancellorName], [FromFrom.Get_le_TitledName], tente toujours de fabriquer une revendication sur mon titre.;Die Mörder, die ich aussandte, versagten kläglich bei dem Versuch, den umtriebigen [FromFrom.GetMyChancellorName] zu beseitigen. [FromFrom.GetTitledName] arbeitet weiter an einem fingierten Anspruch auf meinen Titel.;;Los asesinos que envié han fallado miserablemente y el problemático [Root.GetMyChancellorName], [From.GetTitledName], sigue preparando un alegato contra mi título.;;;;;;;;;x
evt_chancellor_306_option_a;Damn!;Bon sang !;Verdammt!;;¡Maldita sea!;;;;;;;;;x

# Noble tries to bribe Chancellor
evt_chancellor_307_desc_a;It has come to my attention that your work in [Root.Location.GetName] is aimed to fabricate a claim on my title. This is of course unacceptable but I am willing to offer you a small contribution to encourage you to 'forget' about this for some time.\n\nSincerely,\n[From.GetTitledName];J'ai appris que vous étiez à [Root.Location.GetName] pour fabriquer une revendication sur mon titre. C'est inacceptable, mais je veux bien vous offrir une petite contribution pour 'oublier' cela quelque temps.\n\nCordialement,\n[From.GetTitledName];Es ist mir zu Ohren gekommen, dass Eure Arbeit in [Root.Location.GetName] zum Ziel hat, einen Anspruch auf meinen Titel zu fingieren. Dies ist natürlich völlig inakzeptabel, aber ich bin gewillt, Euch eine kleine Spende zukommen zu lassen, um Euch zu ermutigen, die Angelegenheit für eine Weile zu "vergessen".\n\nErgebenst,\n[From.GetTitledName];;Ha llegado a mis oídos que el propósito de tu trabajo en [Root.Location.GetName] es falsificar un alegato contra mi título. Obviamente, esto es inaceptable, pero estoy dispuesto a ofrecerte una pequeña compensación para que olvidemos el asunto por un tiempo.\n\nAtentamente,\n[From.GetTitledName];;;;;;;;;x
evt_chancellor_307_option_a;I guess that could be arranged;Je suppose que cela peut s'arranger.;Ich denke, das könnte sich arrangieren lassen;;De acuerdo, por qué no.;;;;;;;;;x
evt_chancellor_307_option_a_tooltip;Send [From.GetHerHim] a letter;Je lui envoie une lettre.;[From.GetIhmIhr] einen Brief schicken;;Envíale una carta.;;;;;;;;;x
evt_chancellor_307_option_b;I would never betray my liege!;Je ne trahirai jamais m[Root.Liege.GetOnA] [Root.Liege.GetLordLady] lige !;Ich würde nie meinen Lehnsherrn verraten!;;¡Jamás traicionaría a mi señor!;;;;;;;;;x
evt_chancellor_307_option_b_tooltip;Send the money back;Je renvoie l'argent.;Geld zurückschicken;;Devuelve el dinero.;;;;;;;;;x

# Noble is informed that the Chancellor accepted the bribe
evt_chancellor_308_desc_a;I have decided to accept your generous offer, and you can rest assure that I won't find anything that can be used to fabricate a claim within the next year...\n\nSincerely,\n[From.GetTitledName];J'ai décidé d'accepter votre offre généreuse et vous pouvez compter sur moi pour ne rien trouver qui pourrait faciliter la fabrication d'une revendication au cours de l'année à venir...\n\nCordialement,\n[From.GetTitledName];Ich habe entschieden, Euer großzügiges Angebot anzunehmen, und Ihr könnt Euch sicher sein, dass ich innerhalb des nächsten Jahres nichts finden werde, was zu einem fingierten Anspruch führen könnte ...\n\nErgebenst,\n[From.GetTitledName];;He decidido aceptar tu generosa oferta. Puedes estar seguro de que no encontraré nada que pueda usarse en tu contra para el alegato en el plazo de un año ...\n\nAtentamente,\n[From.GetTitledName];;;;;;;;;x

# Noble is informed that the Chancellor didn't accept the bribe
evt_chancellor_309_desc_a;Your shameful attempt to bribe me has not been able to make the slightest dent in my moral armor and I am sending back the money. No matter the amount of gold, I could never be persuaded to betray my liege!\n\nSigned,\n[From.GetTitledName];Votre honteuse tentative de corruption n'a en rien altérer mon moral d'acier et je vous renvoie l'argent. Quelle que soit la quantité d'or proposée, je ne trahirai jamais m[From.Liege.GetOnA] [From.Liege.GetLordLady] lige !\n\nSigné,\n[From.GetTitledName];Euer schändlicher Versuch, mich zu bestechen, hat nicht die kleinste Delle in meiner moralischen Rüstung hervorgebracht, und ich sende Euch das Geld zurück. Für keine Summe Goldes würde ich Verrat an meinem Lehnsherrn üben!\n\nGezeichnet,\n[From.GetTitledName];;Tu vergonzoso intento de soborno no ha hecho ni la más mínima mella en mi ética de acero. Te devuelvo el dinero. ¡Por mucho oro que me ofrezcan, nadie me convencerá jamás de traicionar a mi señor!\n\nFirmado,\n[From.GetTitledName];;;;;;;;;x
evt_chancellor_309_option_a;Damn him!;Bon sang !;Verflucht sei er!;;¡Maldito sea!;;;;;;;;;x


# The Chancellor sows dissent between a local noble and his liege
evt_chancellor_401_title;Vassal-Liege Opinion Lowered;Opinion vassal-seigneur lige dégradée;Meinung Vasall-Lehnsherr verringert;;Empeora la opinión mutua entre vasallo y señor;;;;;;;;;x
evt_chancellor_401_desc_a;It took all my skill and charm to sow distrust between a noble in [Root.Location.GetName] and his liege, but at last their relations lay in ruins.;J'ai dû user de toutes mes compétences et de mon charme pour semer la discorde entre un noble de [Root.Location.GetName] et son seigneur lige, mais j'ai finalement réussi, et leurs relations sont réduites à néant.;Es brauchte all meine Kunstfertigkeit und Charme, zwischen einem Adligen in [Root.Location.GetName] und seinem Lehnsherrn Misstrauen zu säen, aber nun liegt ihre Beziehung endlich in Scherben.;;Recurrí a toda mi simpatía y habilidad para sembrar la desconfianza entre un noble de [Root.Location.GetName] y su señor, pero al menos su relación ha quedado hecha añicos.;;;;;;;;;x
evt_chancellor_401_option_a;This should please my liege!;Voilà qui devrait plaire à m[Root.Liege.GetOnA] [Root.Liege.GetLordLady] lige !;Das sollte meinem Lehnsherrn gefallen!;;¡Mi señor estará encantado!;;;;;;;;;x

# The local noble start disliking his liege
evt_chancellor_402_desc_a;At first I could not believe it, but [From.GetTitledName] persisted and showed irrefutable evidence that my own liege, [Root.Liege.GetTitledName] distrust and despises me!;J'ai eu beaucoup de mal à le croire, mais [From.Get_le_TitledName] a persisté et avancé des preuves irréfutables indiquant que m[Root.Liege.GetOnA] [Root.Liege.GetLordLady] lige, [Root.Liege.Get_le_TitledName], ne me fait pas confiance et me méprise !;Zuerst konnte ich es gar nicht glauben, aber [From.GetTitledName] zeigte mir unwiderrufliche Beweise, dass mein eigener Lehnsherr, [Root.Liege.GetTitledName], mir misstraut und mich hasst!;;¡No podía creerlo, pero [From.GetTitledName] insistió y me mostró evidencia irrefutable de que mi propio señor, [Root.Liege.GetTitledName] desconfía de mí y me detesta!;;;;;;;;;x
evt_chancellor_402_option_a;What an insult!;Quelle insulte !;Was eine Beleidigung!;;¡Es todo un insulto!;;;;;;;;;x
evt_chancellor_402_option_a_tooltip;Send an angry letter to [Root.Liege.GetTitledName];J'envoie une lettre pour exprimer ma colère [Root.Liege.Get_au_TitledName].;Geharnischten Brief an [Root.Liege.GetTitledName] schicken;;Envía una carta de enfado a [Root.Liege.GetTitledName].;;;;;;;;;x

# The liege of the local noble is informed
evt_chancellor_403_desc_a;[From.GetTitledName] accused me of distrusting him and claimed to have evidence of my betrayal! I don't know where he have gotten these ideas from.;[From.Get_Le_TitledName] m'a accusé de ne pas lui faire confiance et avancé des preuves attestant de ma trahison ! Je ne sais pas d'où lui viennent de telles idées.;[From.GetTitledName] klagte mich an, ihm zu misstrauen, und behauptete, Beweise für meinen Verrat zu haben! Mir ist schleierhaft, woher er diese Ideen hat.;;¡[From.GetTitledName] me acusó de desconfiar de él y dijo que tenía pruebas de mi traición! No sé quién le habrá metido esas cosas en la cabeza.;;;;;;;;;x
evt_chancellor_403_option_a;What an idiot!;Quel imbécile !;Was ein Schwachkopf!;;¡Vaya idiota!;;;;;;;;;x

# The liege of the Chancellor is informed
evt_chancellor_404_desc_a;My liege, I have managed to sow distrust between [From.GetTitledName] and [From.GetHerHis] liege [From.Liege.GetTitledFirstName]. I hope this pleases you.\n\nYour humble [Root.GetMyChancellorName],\n[Root.job_chancellor.GetTitledName];M[Root.GetOnA][Root.GetLordLady], \nJ'ai réussi à semer la discorde entre [From.Get_le_TitledName] et s[From.Liege.GetOnA] [From.Liege.GetLordLady] lige, [From.Liege.Get_le_TitledFirstName]. J'espère que cela vous satisfera.\n\nVotre humble [Root.GetMyChancellorName],\n[Root.job_chancellor.GetTitledName];Mein Lehnsherr, ich habe erfolgreich Misstrauen zwischen [From.GetTitledName] und [From.GetHerHis]em Lehnsherrn gesät. Ich hoffe, das wird Euch erfreuen.\n\nEuer ergebener [Root.GetMyChancellorName],\n[Root.job_chancellor.GetTitledName];;Mi señor, he logrado sembrar la desconfianza entre [From.GetTitledName] y su señor. Espero que esto le satisfaga.\n\nSu humilde [Root.GetMyChancellorName],\n[Root.job_chancellor.GetTitledName];;;;;;;;;x
evt_chancellor_404_option_a;Fantastic!;Fantastique !;Fantastisch!;;¡Fantástico!;;;;;;;;;x


# Chancellor Discovered
evt_chancellor_501_title;[Root.GetMyChancellorName] Discovered;[Root.GetMyChancellorName] démasqué;[Root.GetMyChancellorName] ertappt;;[Root.GetMyChancellorName] descubierto;;;;;;;;;x
evt_chancellor_501_desc_a;I have been sent to [From.Location.GetName] to secretly create unrest between the local nobles and their liege, but it seems that at least one of them has seen my real motive and I fear he might inform his liege about this, or even imprison me!.;Je me trouve actuellement à [From.Location.GetName] pour secrètement semer la discorde entre les nobles locaux et leur seigneur lige, mais il semble qu'au moins un d'entre eux ait compris mes réelles motivations et je crains qu'il en informe son seigneur, voire qu'il m'emprisonne !;Ich wurde nach [From.Location.GetName] geschickt, um im Geheimen Unfrieden zwischen den hiesigen Adligen und ihrem Lehnsherrn zu stiften, aber es scheint, dass mindestens einer von ihnen meine wahren Beweggründe erkannt hat. Nun fürchte ich, dass er seinen Lehnsherrn davon in Kenntnis setzt oder mich gar einkerkern wird!;;Me envían de [From.Location.GetName] para sembrar la discordia entre los nobles de la región y su señor, pero parece que al menos uno de ellos ha descubierto mi propósito y temo que pueda informar a su señor ¡o incluso meterme en prisión!;;;;;;;;;x
evt_chancellor_501_option_a;Most worrisome...;C'est très inquiétant...;Höchst beunruhigend ...;;Realmente preocupante...;;;;;;;;;x
evt_chancellor_501_option_a_tooltip;A noble in [Root.Location.GetName] reacts;Un noble de [Root.Location.GetName] réagit.;Ein Adliger in [Root.Location.GetName] reagiert;;Un noble de [Root.Location.GetName] reacciona.;;;;;;;;;x

# The local noble is informed
evt_chancellor_502_desc_a;It seems that the [Root.GetChancellorName] of [From.Host.PrimaryTitle.GetName], [From.GetTitledName], has been hard at work in [From.Location.GetName] trying to spread unrest among us local nobles and turn us against my liege [Root.Liege.GetTitledName]. What should I do about this troublesome character?;Visiblement, le [Root.GetChancellorName] [From.Host.PrimaryTitle.Get_du_Realm], [From.Get_le_TitledName], est venu à [From.Location.GetName] pour semer la discorde entre les nobles locaux et nous monter contre notre [Root.Liege.GetLordLady] lige, [Root.Liege.Get_le_TitledName]. Que dois-je faire contre cet inquiétant personnage ?;Es scheint, dass der [Root.GetChancellorName] von [From.Host.PrimaryTitle.GetName], [From.GetTitledName], sich in [From.Location.GetName] stark bemüht hat, Unmut unter uns zu säen und uns gegen meinen Lehnsherrn [Root.Liege.GetTitledName] aufzubringen. Was soll ich mit diesem unangenehmen Menschen tun?;;Parece que el [Root.GetChancellorName] de [From.Host.PrimaryTitle.GetName], [From.GetTitledName] ha dedicado muchos esfuerzos a poner discordia entre los nobles de [From.Location.GetName] y ponernos en contra de su señoría [Root.Liege.GetTitledName]. ¿Qué debería hacer con este alborotador?;;;;;;;;;x
evt_chancellor_502_option_a;Imprison [From.GetHerHim]!;Jetez-le en prison !;Einkerkern!;;¡Arrestadle!;;;;;;;;;x
evt_chancellor_502_option_b;This is [From.GetHerHis] liege's doing!;Il agit sur ordre de son seigneur lige !;Das ist das Werk [From.GetHerHis]es Lehnsherrn!;;¡Esto es obra de su señor!;;;;;;;;;x

# Unused?
EVTTOOLTIP20172;A letter is sent to my liege;Une lettre a été envoyée à m[Root.Liege.GetOnA] [Root.Liege.GetLordLady] lige.;Ein Brief wird an meinen Lehnsherrn gesandt;;Se ha enviado una carta a mi señor.;;;;;;;;;x

# The Chancellor is imprisoned
evt_chancellor_503_desc_a;[From.GetTitledName] completely overreacted to my most innocent visit to [From.Location.GetName] and decided to imprison me!;[From.Get_Le_TitledName] a réagi de manière exagérée à ma venue, en toute innocence, à [From.Location.GetName] et décidé de m'emprisonner !;[From.GetTitledName] überreagierte wegen meines unschuldigen Besuches in [From.Location.GetName] und warf mich in den Kerker!;;¡[From.GetTitledName] ha reaccionado exageradamente ante mi inocente visita a [From.Location.GetName] y ha decidido encarcelarme!;;;;;;;;;x
evt_chancellor_503_option_a;What will become of me now?;Que vais-je devenir maintenant ?;Was wird nun aus mir werden?;;¿Y ahora qué será de mí?;;;;;;;;;x

# The Chancellor's liege is informed about imprisonment
evt_chancellor_504_desc_a;My lord, your [Root.GetMyChancellorName] [FromFrom.GetTitledName] tried to encourage me to turn against my liege [From.Liege.GetTitledName]! This shameless act can not go unpunished and to stop further interference I have thus decided to imprison your [Root.GetMyChancellorName] for an indefinite period of time.\n\nSigned,\n[From.GetTitledName];[Root.PrimaryTitle.GetFOA], votre [Root.GetMyChancellorName], [FromFrom.Get_le_TitledName], a essayé de m'encourager à me retourner contre m[From.Liege.GetOnA] [From.Liege.GetLordLady] lige [From.Liege.GetTitledName] ! Cet acte honteux ne doit pas rester impuni et pour empêcher toute immixtion future, j'ai décidé d'emprisonner votre [Root.GetMyChancellorName] pour une période indéfinie.\n\nSigné,\n[From.GetTitledName];Mein Lord, Euer [Root.GetChancellorName], [FromFrom.GetTitledName], hat versucht mich dazu zu bringen, mich gegen meinen Lehnsherren [From.Liege.GetTitledName] zu wenden! Dies ist ein schamloser Akt, der nicht ungestraft bleiben darf - um weitere Einmischung zu verhindern, habe ich beschlossen, Euren [Root.GetChancellorName] für unbestimmte Zeit einkerkern zu lassen.\n\nGezeichnet,\n[From.GetTitledName];;Mi señor, su [Root.GetMyChancellorName][From.GetTitledName] ha intentado que me enfrente contra mi señor [From.Liege.GetTitledFirstName]. Esta vergonzosa acción no puede quedar impune y para evitar futuras interferencias, he decidido encarcelar a [Root.GetMyChancellorName] por un período de tiempo indefinido.\n\nFirmado,\n[From.GetTitledName];;;;;;;;;x
evt_chancellor_504_option_a;Outrageous!;C'est un scandale !;Skandalös!;;¡Es insólito!;;;;;;;;;x

# The local noble informs his liege about imprisonment
evt_chancellor_505_desc_a;My liege, I discovered that the [Root.GetChancellorName] of [FromFrom.Liege.GetTitledName] has been agitating in [From.Location.GetName], trying to turn us local nobles against you. Rest assure that his poisonous word has had no effect on me, and to make sure no more harm is done, I have imprisoned him.\n\nYour humble Vassal,\n[From.GetTitledName];M[Root.GetOnA][Root.GetLordLady], \nJ'ai découvert que le [Root.GetChancellorName] [FromFrom.Liege.Get_du_TitledName] est venu à [From.Location.GetName] pour tenter de nous monter, nous, les nobles locaux, contre vous. N'ayez crainte, ses propos maléfiques n'ont aucune prise sur moi, mais pour déjouer ses plans, je l'ai emprisonné.\n\nVotre humble vassal,\n[From.GetTitledName];Mein Lehnsherr, ich habe entdeckt, dass der [Root.GetChancellorName] von [FromFrom.Liege.GetTitledName] in [From.Location.GetName] versucht hat, uns örtliche Adlige gegen Euch aufzuhetzen. Seid versichert, dass seine giftige Zunge keinen Einfluss auf mich hatte. Um sicherzustellen, dass nicht noch mehr Schaden entsteht, habe ich ihn eingekerkert.\n\nEuer ergebener Vasall,\n[From.GetTitledName];;Mi señor, he descubierto que el [Root.GetChancellorName] de [FromFrom.Liege.GetTitledName] ha provocado disturbios en [From.Location.GetName] intentando que los nobles nos pusiéramos en su contra. Le aseguro que sus venenosas palabras no han influido en mí. Para evitar que haga más daño, lo he encarcelado.\n\nSu humilde vasallo,\n[From.GetTitledName];;;;;;;;;x
evt_chancellor_505_option_a;[FromFrom.Liege.GetTitledName] will hear about this!;[FromFrom.Liege.Get_Le_TitledName] va en entendre parler !;[FromFrom.Liege.GetTitledName] wird davon zu hören bekommen!;;¡Vaya si [FromFrom.Liege.GetTitledName] se va a enterar!;;;;;;;;;x

# The Chancellor's liege is informed about the reaction of the noble
evt_chancellor_506_desc_a;My lord, your [Root.GetChancellorName] [FromFrom.GetTitledName] has been trying to create unrest among the nobles in [From.Location.GetName] and tried to encourage me to turn against my liege [From.Liege.GetTitledName]! He failed miserably and I can assure you that this shameless act will not go by without consequences.\n\nSigned,\n[From.GetTitledName];[Root.PrimaryTitle.GetFOA], \nVotre [Root.GetChancellorName] [FromFrom.GetTitledName] a tenté de semer l'agitation parmi les nobles de [From.Location.GetName] et a voulu me pousser à me retourner contre m[From.Liege.GetOnA] [From.Liege.GetLordLady] lige [From.Liege.GetTitledName] ! Il a misérablement échoué, et je peux vous assurer que cet acte odieux ne restera pas impuni.\n\nSigné,\n[From.GetTitledName];Der [Root.GetChancellorName] Eurer Exzellenz, [FromFrom.GetTitledName] hat den Versuch unternommen, beim Adel in [From.Location.GetName] Unruhe zu schüren, und wollte mich ermutigen, mich gegen meinen Lehnsherren [From.Liege.GetTitledName] zu wenden! Sein Unterfangen war ein Fehlschlag auf der ganzen Linie. Dies wird nicht ungesühnt bleiben!\n\nGezeichnet,\n[From.GetTitledName];;¡Señor! ¡Vuestro [Root.GetChancellorName] [FromFrom.GetTitledName] ha intentado sembrar la discordia entre los nobles de [From.Location.GetName] y me ha instado a rebelarme contra mi señor [From.Liege.GetTitledName]! Su fracaso ha sido rotundo y os aseguro que este acto vergonzoso tendrá repercusiones.\n\nFirmado,\n[From.GetTitledName];;;;;;;;;x
evt_chancellor_506_option_a;This is not good...;Ce n'est pas bon...;Das ist nicht gut ...;;Esto no tiene buena pinta...;;;;;;;;;x

# The local noble informs his liege about the Chancellor's doing
evt_chancellor_507_desc_a;My liege, I discovered that the [Root.GetChancellorName] of [FromFrom.Liege.GetTitledName] has been agitating in [From.Location.GetName], trying to turn us local nobles against you. Rest assure that his poisonous word has had no effect on me.\n\nYour humble Vassal,\n[From.GetTitledName];M[Root.GetOnA][Root.GetLordLady], \nJ'ai découvert que le [Root.GetChancellorName] [FromFrom.Liege.Get_du_TitledName] est venu à [From.Location.GetName] pour tenter de nous monter, nous, les nobles locaux, contre vous. N'ayez crainte, ses propos maléfiques n'ont aucune prise sur moi.\n\nVotre humble vassal,\n[From.GetTitledName];Mein Lehnsherr, ich habe entdeckt, dass der [Root.GetChancellorName] von [FromFrom.Liege.GetTitledName] in [From.Location.GetName] versucht hat, uns hiesige Adlige gegen Euch aufzuhetzen. Seid versichert, dass seine giftige Zunge Rest keinen Einfluss auf mich hatte. Um sicherzustellen, dass nicht noch mehr Schaden entsteht, habe ich ihn eingekerkert.\n\nEuer ergebener Vasall,\n[From.GetTitledName];;Mi señor, he descubierto que el [Root.GetChancellorName] de [FromFrom.Liege.GetTitledName] ha provocado disturbios en [From.Location.GetName] intentando que los nobles nos pusiéramos en su contra. Le aseguro que sus venenosas palabras no han influido en mí.\n\nSu humilde vasallo,\n[From.GetTitledName];;;;;;;;;x
evt_chancellor_507_option_a;[FromFrom.Liege.GetTitledName] will hear about this!;[FromFrom.Liege.Get_Le_TitledName] va en entendre parler !;[FromFrom.Liege.GetTitledName] wird davon zu hören bekommen!;;¡Vaya si [FromFrom.Liege.GetTitledName] se va a enterar!;;;;;;;;;x

# The Chancellor's liege is informed about the reaction of the noble's liege
evt_chancellor_508_desc_a;I have received word that your [Root.GetMyChancellorName] was trying to agitate the nobles of my realm by spreading lies about me in [FromFrom.Location.GetName]! Rest assure that this outrageous behavior will not stand!\n\nSigned,\n[From.GetTitledName];J'ai appris que votre [Root.GetMyChancellorName] essaie de semer la discorde parmi les nobles sous mon autorité en répandant des mensonges me concernant à [FromFrom.Location.GetName] ! Je vous prie de croire que de tels agissements ne resteront pas impunis !\n\nSigné,\n[From.GetTitledName];Ich habe vernommen, dass Euer [Root.GetMyChancellorName] versuchte, die Adligen meines Reichs aufzuhetzen, indem er in [FromFrom.Location.GetName] Lügen verbreitete! Seid versichert, dass ich diese Tat nicht ungesühnt lassen werde!\n\nGezeichnet,\n[From.GetTitledName];;¡Ha llegado a mis oídos que el [Root.GetMyChancellorName] intentaba sembrar la discordia entre los nobles de mi reino difundiendo mentiras sobre mí en  [FromFrom.Location.GetName]! ¡Puedo asegurarle que no toleraré semejante afrenta!\n\nFirmado,\n[From.GetTitledName];;;;;;;;;x
evt_chancellor_508_option_a;Not what I had planned...;Ce n'est pas ce que j'avais prévu...;Nicht, was ich geplant hatte ...;;No es lo que había planeado...;;;;;;;;;x

# The Chancellor successfully increases the sentiment of the local clan
evt_chancellor_601_title;An Honorable Mention;Une mention honorable;Lobende Anerkennung;;Una mención honorífica;;;;;;;;;x
evt_chancellor_601_desc_a;Most of the Clan elders are assembled in [Root.Location.GetName]. This is a golden opportunity to tell them about the great honor of [Root.Liege.GetTitledFirstNameNoRegnal]'s clan...;La plupart des anciens du clan se sont réunis à [Root.Location.GetName]. Voici l'opportunité parfaite de leur parler du grand honneur du clan [Root.Liege.Get_only_du_Title][Root.Liege.GetTitledFirstNameNoRegnal]...;Der Großteil der Klanältesten ist in [Root.Location.GetName] zusammengekommen. Das ist die perfekte Gelegenheit, um ihnen davon zu berichten, wie ruhmreich der Klan von [Root.Liege.GetTitledFirstNameNoRegnal] ist ...;;La mayoría de los ancianos de los clanes se reúnen en [Root.Location.GetName]. Esta es una oportunidad de oro para informarles sobre el gran honor del clan de [Root.Liege.GetTitledFirstNameNoRegnal]...;;;;;;;;;x
evt_chancellor_601_option_a;Spin them such a tale...;Je vais leur raconter une de ces histoires...;Erzählt ihnen, was sie hören wollen...;;Cuéntales un cuento tal...;;;;;;;;;x
evt_chancellor_601_option_b;What 'great honor'?;C'est quoi, un « grand honneur » ?;Wie bitte? Ruhmreich?;;¿Qué 'gran honor'?;;;;;;;;;x

# The liege is informed of the success
evt_chancellor_602_desc_a;My trusted [Root.GetChancellorName], [From.GetTitledFirstName], reports success from the Clan of [target_chief.Clan.GetBaseName]. Their elders now like the [Root.Clan.GetName] a lot better!;[From.Get_Le_TitledFirstName], en qui j'ai confiance et qui occupe le poste de [Root.GetChancellorName], m'a fait part du succès du clan de [target_chief.Clan.GetBaseName]. Leurs anciens apprécient désormais d'autant plus le clan [Root.Clan.GetName] !;Mein treuer [Root.GetChancellorName], [From.GetTitledFirstName], berichtet über Erfolge beim Klan von [target_chief.Clan.GetBaseName]. Die Klanältesten haben nun eine wesentlich bessere Meinung von den [Root.Clan.GetName]!;;Mi leal [Root.GetChancellorName], [From.GetTitledFirstName], informa del éxito del clan de [target_chief.Clan.GetBaseName]. ¡A sus ancianos ahora les gusto mucho más el [Root.Clan.GetName]!;;;;;;;;;x
