emperor_title_queen_mother_female;Empress Dowager;Impératrice douairière;Kaiserinwitwe;;Emperatriz viuda;;;;;;;;;x
emperor_title_queen_mother_female_german;Kaiserin;Kaiserin;Kaiserin;;Emperatriz Viuda;;;;;;;;;x

title_administrator;Scholar-Bureaucrat;Érudit-bureaucrate;Beamtengelehrter;;Burócrata erudito;;;;;;;;;x
title_administrator_desc;A scholar-bureaucrat is an educated member of the Chinese gentry, who has earned academic degrees by passing the imperial examinations. They will aid you with the administration of your realm by organizing the local building projects.;Un érudit-bureaucrate est un membre instruit de la petite noblesse chinoise, qui a obtenu des diplômes académiques en passant les examens impériaux. Ils vous aideront à gérer votre domaine en organisant les projets locaux de construction.;Ein Beamtengelehrter ist ein gebildetes Mitglied des chinesischen Adels, der einen akademischen Abschluss durch das Bestehen der kaiserlichen Prüfung erlangt hat. Sie helfen Euch bei der Verwaltung Eures Reiches, indem sie lokale Bauvorhaben organisieren.;;Un burócrata erudito chino es un miembro ilustrado de la pequeña nobleza china que ha ganado titulación académica aprobando los exámenes imperiales. Te ayudará con la administración de los proyectos de construcción.;;;;;;;;;x
title_administrator_modifier_tt;Has earned an academic degree by passing the imperial examinations in China;A obtenu un diplôme académique en passant les examens impériaux en Chine;Hat durch das Bestehen der kaiserlichen Prüfungen einen akademischen Abschluss erworben;;Ganó su título académico aprobando los exámenes imperiales de China;;;;;;;;;x
title_anthypatos;Anthypatos;Anthypatos;Anthypatos;;Anthypatos;;;;;;;;;x
title_anthypatos_desc;Anthypatos is Greek for Proconsul. However, the office no longer denotes a provincial governor but is purely honorary.;Anthypathos est un terme grec qui signifie proconsul. Toutefois, ce titre ne désigne plus un gouverneur provincial, et s'avère purement honorifique.;Anthypathos ist der griechische Ausdruck für Prokonsul. Dieses Amt steht aber nicht mehr für einen Provinzgouverneur, sondern ist lediglich ein Ehrentitel.;;Anthypathos viene del griego y significa procónsul. Sin embargo, el cargo ya no es para los gobernadores de la provincia, sino que es meramente honorífico.;;;;;;;;;x
title_appointed_regent;Designated Regent;Régent désigné;Ernannter Regent;; Regente Nombrado;;;;;;;;;x
title_appointed_regent_desc;This character will become the Regent if one is needed.;Ce personnage deviendra régent s'il en faut un.;Diese Person wird im Bedarfsfall zum Regenten ernannt.;;Este personaje se convertirá en el Regente si es necesario;;;;;;;;;x
title_augusta;Augusta;Augusta;Augusta;;Augusta;;;;;;;;;x
title_augusta_desc;Most Pious Augusta: Unlike the male counterpart the Augusta continues to be the most important woman of the empire. Wielding great power and authority, she is second only to the Basileus.;Contrairement à son homologue masculin, Augusta reste la femme la plus importante de l'Empire. Dotée d'un grand pouvoir et d'une grande autorité, elle est la deuxième après le Basileus.;Frommste Augusta: Im Gegensatz zu den Männern ist die Augusta nach wie vor die wichtigste Frau des Reiches. Mit großer Macht und Autorität ist sie nach dem Basileus die zweitwichtigste Person des Reiches.;;La más pía augusta: al contrario que sus contrapartidas masculinas, la augusta sigue siendo la mujer más importante del imperio, ejerciendo un gran poder y autoridad solo por debajo del Basileos.;;;;;x
title_baghatur;Baghatur;Baghatur;Baghatur;;Baghatur;;;;;;;;;x
title_baghatur_desc;This honorific, which means hero or valiant warrior, is the rough equivalent of European knighthood. It is usually granted only to those who have truly distinguished themselves in battle.;Cet honneur, qui se traduit par héros ou vaillant guerrier, est en quelque sorte l'équivalent de la chevalerie européenne. Ce titre n'est habituellement accordé qu'à ceux qui se sont véritablement distingués au combat.;Dieser Ehrentitel, der Held oder tapferer Krieger bedeutet, ist ungefähr das Äquivalent zur europäischen Ritterschaft. Er wird normalerweise nur jenen verliehen, die sich in der Schlacht wirklich ausgezeichnet haben.;;Este título honorífico, que significa héroe o guerrero valiente, es el equivalente a la caballería Europea. Por lo general, sólo se concede a aquellos que realmente se han distinguido en la batalla.;;;;;;;;;x
title_behi;Behi;Behi;Behi;;Behi;;;;;;;;;x
title_behi_desc;This title was given to women in the families within the Mongolian nobility.;Ce titre était donné aux femmes de la noblesse mongole.;Dieser Titel wurde an Frauen aus mongolischen Adelsfamilien vergeben.;;Se le daba este título a las mujeres de las familias de la nobleza mongola.;;;;;;;;;x
title_caesar;Caesar;César;Cäsar;;César;;;;;;;;;x
title_caesar_desc;Originally the highest honor in the Roman Empire, the title of Caesar can now be awarded to anyone.;Plus haut titre de l'Empire romain, le titre de César peut désormais être décerné à tout le monde.;Ursprünglich war der Cäsartitel der ehrenvollste im Römischen Kaiserreich, jetzt aber kann er jedermann verliehen werden.;;Originalmente, era el título con más honor del Imperio Romano, aunque hoy en día puede otorgarse a cualquiera.;;;;;;;;;x
title_canjun;Canjun;Canjun;Canjun;;Canjun;;;;;;;;;x
title_canjun_desc;The Staff Officer of an army, the position of Canjun is granted to trustworthy deputies in a military body or sometimes a political arm, and is a prestigious title to hold.;Le poste prestigieux de Canjun est accordé à des adjoints dignes de confiance dans un corps militaire.;Als Stabsoffizier einer Armee wird die Position des Canjun vertrauenswürdigen Vertretern des Militärs gewährt oder manchmal einem politischen Amt und ist ein prestigeträchtiger Titel.;;Oficial de Estado Mayor, el puesto de canjun se otorga a ayudantes de confianza de un cuerpo militar o a veces un brazo político, y es un título prestigioso.;;;;;;;;;x
title_cardinal;Cardinal;Cardinal;Kardinal;;Cardenal;;;;;;;;;x
title_castellan;Castellan;Castellan;Kastellan;;Castellano;;;;;;;;;x
title_castellan_desc;This honorific is awarded to a vassal that is held in high regard by their liege. As Castellan they are responsible for the maintenance and daily ongoings of the Fortress.;Ce titre honorifique est attribué à un vassal qui est tenu en haute estime par son seigneur lige. Il est responsable de la maintenance de la forteresse.;Diese Auszeichnung wird einem Vasallen verliehen, der von seinem Lehnsherrn hoch geschätzt wird. Der Kastellan ist für die Instandhaltung und den täglichen Betrieb der Festung verantwortlich.;;Este honorífico se otorga a un vasallo tenido en gran estima por su señor. Como Castellano será responsable del mantenimiento y los asuntos diarios de la fortaleza.;;;;;;;;;x
title_champion;Champion;Champion;Champion;;Campeón;;;;;;;;;x
title_champion_desc;The person that this title is bestowed upon is considered to be the Champion of the Realm. There is surely no greater honor for mortal men to aspire to.;La personne à qui ce titre est décerné est considérée comme le champion du royaume. Aucun mortel ne saurait espérer titre plus honorable.;Die Person, die diesen Titel erhalten hat, wird als Champion des Reiches angesehen. Es gibt wahrlich keine größere Ehre für Sterbliche.;;La persona a la que se le otorga este título es considerada como el Campeón del Reino. No se puede aspirar a un honor mayor para los hombres mortales.;;;;;;;;;x
title_cherbi;Cherbi;Cherbi;Cherbi;;Cherbi;;;;;;;;;x
title_cherbi_desc;The Cherbi is the leader of the Kheshig, the imperial guard of the Mongol Empire. They are charged with the protection of the empire's most important nobility, and the position as their commander is a very prestigious one.;Le cherbi est le commandant des Kheshig, la garde impériale de l'empire mongol. Ils sont en charge de la protection de la plus haute noblesse de l'empire, et l'opportunité de diriger cette garde est l'un des plus hauts honneurs.;Der Cherbi ist der Anführer des Kheshig, der Garde des mongolischen Reiches. Die Garde beschützt die wichtigsten Adelsgeschlechter des Reiches und die Position ihres Kommandanten ist sehr prestigeträchtig.;;El Cherbi es el líder de la Kheshig, la guardia imperial del Imperio Mongol. Ellos se encargan de la protección de los nobles más importantes del imperio, y el puesto como su comandante es muy prestigioso.;;;;;;;;;x
title_chief_architect;Chief Architect;Maître-architecte;Chef-Architekt;;Arquitecto Jefe;;;;;;;;;x
title_chief_architect_desc;The Chief Architect is responsible for designing and overseeing the construction of palaces, mosques and grand monuments.;Le maître-architecte est chargé de la création et de la surveillance de la construction des palais, mosquées et autres grands monuments.;Der Chef-Architekt ist für die Planung und Beaufsichtigung beim Bau von Palästen, Moscheen und großen Denkmälern verantwortlich.;;El Arquitecto Jefe es responsable de diseñar y supervisar la construcción de palacios, mezquitas y grandes monumentos.;;;;;;;;;x
title_chief_qadi;Chief Qadi;Cadi;Ober-Kadi;;Cadí Jefe;;;;;;;;;x
title_chief_qadi_desc;The Chief Qadi is the supreme judge and authority of the Law (Sharia) in the realm. The most prestigious of all Muslim honorary titles, it is only open to characters with a proper religious education.;Le cadi est le juge suprême et fait figure de représentant de la loi (charia) au sein du pays. Plus prestigieux des titres honorifiques musulmans, cette fonction n'est accessible qu'aux personnes bénéficiant d'une éducation religieuse bien spécifique.;Der Ober-Kadi ist der oberste Richter und die Autorität des Gesetzes (Sharia) im Reich. Der renommierteste aller muslimischen Ehrentitel steht nur Charakteren offen, die einen angemessenen Religionsunterricht genossen haben.;;El Cadí Jefe es el juez supremo y autoridad de la ley (Sharia) en el dominio. Es el más prestigioso de los títulos honorarios musulmanes, solo disponible a personajes con la debida educación religiosa.;;;;;;;;;x
title_china_emperor;Emperor;Empereur;Kaiser;;Emperador;;;;;;;;;x
title_china_emperor_female;Empress;Impératrice;Kaiserin;;Emperatriz;;;;;;;;;x
title_commander;Commander;Commandant;Befehlshaber;;Comandante;;;;;;;;;x
title_commander_desc;§YCommanders§! are the only ones after the §YMarshal§! and the ruler who are allowed to command armies.;Les §Ycommandants§!, avec le §Ymaréchal§! et le seigneur, sont les seuls à pouvoir commander des armées.;§YKommandanten§! sind neben dem §YMarschall§! und dem Herrscher die einzigen, die eine Armee kommandieren dürfen.;;§YCommanders§! son los únicos que tras el §YMarshal§! {mariscal} y el gobernante que pueden dirigir ejércitos.;;;;;;;;x
title_councilmember_emperor;Advisor;Conseiller;Berater;;Consejero;;;;;;;;;x
title_councilmember_emperor_desc;The Advisor is a respected member of the realm's council and is responsible for giving sound advice on any matters that the ruler has to deal with.;Le conseiller est un membre respecté du Conseil et sa responsabilité est de donner des conseils au dirigeant sur tous les sujets qu'il devra traiter.;Der Berater ist ein respektiertes Mitglied des Rates und hat die Aufgabe, dem Herrscher in allen Fragen beratend zur Seite zu stehen.;;El asesor es un miembro respetado del consejo del Reino y es responsable de dar consejos sensatos sobre cualquier cuestión con la que el gobernante tenga que lidiar.;;;;;;;;;x
title_councilmember_king;Advisor;Conseiller;Berater;;Consejero;;;;;;;;;x
title_councilmember_king_desc;The Advisor is a respected member of the realm's council and is responsible for giving sound advice on any matters that the ruler has to deal with.;Le conseiller est un membre respecté du Conseil et sa responsabilité est de donner des conseils au dirigeant sur tous les sujets qu'il devra traiter.;Der Berater ist ein respektiertes Mitglied des Rates und hat die Aufgabe, dem Herrscher in allen Fragen beratend zur Seite zu stehen.;;El asesor es un miembro respetado del consejo del Reino y es responsable de dar consejos sensatos sobre cualquier cuestión con la que el gobernante tenga que lidiar.;;;;;;;;;x
title_court_architect;Court Architect;Architecte de la Cour;Hofarchitekt;;Arquitecto de la corte;;;;;;;;;x
title_court_architect_desc;As 'the Grand Axe of Craftsmanship', the position of Court Architect holds much prestige.;En tant que « Grande Hache de l'Artisanat », le poste d'Architecte de la Cour a beaucoup de prestige.;Als "große Axt der Handwerkskunst" bringt die Position des Hofarchitekten viel Prestige mit sich.;;El puesto de arquitecto de la corte, como "Gran hacha de la artesanía", tiene mucho prestigio.;;;;;;;;;x
title_court_calligrapher;Court Calligrapher;Calligraphe;Hofkalligraph;;Calígrafo de la corte;;;;;;;;;x
title_court_calligrapher_desc;Islamic suspicion of figurative art makes skilled calligraphers highly respected.;L'art figuratif étant perçu comme une transgression par l'islam, les calligraphes expérimentés sont hautement respectés.;Die islamische Zurückhaltung bei der figurativen Kunst verschafft erfahrenen Kalligraphen hohes Ansehen.;;La sospecha islámica del arte figurativo hace que los calígrafos expertos gocen de gran respeto.;;;;;;;;;x
title_court_dwarf;Court Dwarf;Nain de la Cour;Hofzwerg;;Enano de la corte;;;;;;;;;x
title_court_dwarf_desc;Dwarves are objects of fascination and curiosity. Having one at court is a matter of prestige.;Les nains suscitent à la fois fascination et curiosité. Posséder un nain à sa Cour est une marque de prestige.;Zwerge sind Objekte der Faszination und Neugier. Einen am Hof zu beschäftigen, ist eine Frage des Ansehens.;;Los enanos son objeto de fascinación y curiosidad. Tener uno en la corte es cuestión de prestigio.;;;;;;;;;x
title_court_eunuch;Court Eunuch;Eunuque de la Cour;Hof-Eunuch;;Eunuco de la corte;;;;;;;;;x
title_court_eunuch_desc;Eunuchs perform many valued court functions and can be trusted in the presence of women.;Les eunuques remplissent de précieuses fonctions et avec la gent féminine on peut leur faire confiance.;Eunuchen nahmen eine Vielzahl hochangesehener Funktionen am Hofe wahr und man vertraute ihnen in der Gegenwart von Frauen.;;Los eunucos realizan muchas functiones valoradas de la corte y son de confiansa en presencia de mujeres.  ;;;;;;;;;x
title_court_jester;Court Jester;Bouffon de la Cour;Hofnarr;;Bufón de la corte;;;;;;;;;x
title_court_jester_desc;The court Jester is kept around to provide general entertainment to the court. Also known as a fool it is generally not considered to be the most prestigious office at court.;Le bouffon de la Cour est là pour divertir la cour. Pris aussi pour un idiot, ce n'est pas en général le rôle le plus prestigieux...;Der Hofnarr ist für die allgemeine Unterhaltung des Hofes da. Da er auch als Schwachkopf bekannt ist, ist es in der Regel nicht das renommierteste Amt am Hofe.;;Se tiene al bufón de la corte para proporcionar entretenimiento general de esta. También se le tiene por estúpido y no es el oficio más prestigioso de la corte.;;;;;;;;;x
title_court_musician;Court Musician;Musicien de la Cour;Hofmusiker;;Músico de la corte;;;;;;;;;x
title_court_musician_desc;The Court Musician is always ready to entertain with soothing or stirring music.;Le musicien est toujours prêt à divertir la Cour avec ses mélodies parfois apaisantes, parfois entraînantes.;Der Hofmusiker ist immer bereit, mit sanfter oder ergreifender Musik zu unterhalten.;;El músico de la corte siempre está listo para entretener con música relajante o conmovedora.;;;;;;;;;x
title_court_physician;Court Physician;Physicien de la Cour;Hofarzt;;Médico de la corte;;;;;;;;;x
title_court_physician_desc;Responsible for the well-being of your courtiers, the Court Physician will attempt to diagnose and cure any ailments which affect your court. Court Physicians are typically learned individuals with education in medicinal arts.;Responsable de la santé de vos courtisans, le physicien de la Cour tente de diagnostiquer et soigner toute affection frappant votre Cour. C'est habituellement une personne savante ayant étudié les arts médicinaux.;Ein Hofarzt ist für das Wohlergehen Eurer Höflinge verantwortlich und versucht, Krankheiten, die das Leben am Hof beeinflussen, zu diagnostizieren und zu heilen. Hofärzte sind in der Regel gebildet und verfügen über eine medizinische Ausbildung.;;Responsable del bienestar de tus cortesanos, el Médico de la corte intentará diagnosticar y curar cualquier dolencia que afecten a tu corte. Los Médicos de la corte son individuos normalmente instruidos con educación en artes médicas;;;;;;;;;x
title_court_poet;Court Poet;Poète;Hofdichter;;Poeta de la corte;;;;;;;;;x
title_court_poet_desc;Islamic poets enjoy a great deal of respect and prestige, often religious, but sometimes pushing the limits of what is acceptable under Islam.;Les poètes islamiques jouissent d'un fort respect et d'un grand prestige. Traitant souvent du thème de la religion, il leur arrive parfois de repousser les limites de ce que l'islam perçoit comme acceptable.;Islamische Dichter erlangen großen Ruhm und Ansehen, oft religiöser Natur, aber manchmal gehen sie über die Grenzen des im Islam Erlaubten hinaus.;;Los poetas islámicos disfrutan de gran respeto y prestigio, a menudo religiosos, pero a veces rozan los límites de lo aceptable para el Islam.;;;;;;;;;x
title_court_poet_india;Court Poet;Poète de la Cour;Hofdichter;;Poeta de la Corte;;;;;;;;;x
title_court_poet_india_desc;Poetry is an art much respected in Indian culture, and thus the Court Poet has always been a position of prestige.;La poésie est un art tenu en haute estime dans la culture indienne. C'est pourquoi les poètes de la cour ont toujours bénéficié d'un grand prestige.;Poesie ist in Indien eine sehr respektierte Kunst. Daher ist die Position des Hofdichters stets sehr prestigeträchtig.;;La Poesía es un arte muy respetado en la cultura india, y por ello la posición de Poeta de la Corte siempre ha sido prestigiosa.;;;;;;;;;x
title_court_skald;Court Skald;Scalde de la Cour;Hofskalde;;Skald de la Corte;;;;;;;;;x
title_court_skald_desc;Skaldic poetry is a greatly respected art, and the Court Skald is regarded as the realm's foremost expert on verse and prose. The Skald is ultimately responsible for chronicling the ruler's deeds for posterity.;La poésie scaldique est un art très respecté et le scalde de la cour est considéré comme le plus éminent expert du royaume en ce qui a trait aux vers et à la prose. Le scalde détient aussi le mandat de faire la chronique des actes du souverain pour la postérité.;Skaldische Dichtkunst ist eine sehr angesehene Kunst und der Hofskalde wird als der führende Experte des Reiches im Hinblick auf Lyrik und Prosa betrachtet. Der Skalde ist verantwortlich, die Taten des Herrschers für die Nachwelt zu bewahren.;;La poesía Skaldica es un arte muy respetado y el Skald de la Corte es considerado como el mayor experto del reino en verso y prosa. El Skald es responsable de la crónica de las andanzas del gobernante para la posteridad.;;;;;;;;;x
title_courtesan;Concubine;Concubine;Konkubine;;Concubina;;;;;;;;;x
title_cupbearer;Cupbearer;Échanson;Mundschenk;;Copero;;;;;;;;;x
title_cupbearer_desc;Poison is always a danger, so being entrusted with serving drinks is a great honor.;L'empoisonnement constitue un danger et se voir confier le privilège de servir à boire est un grand honneur.;Da Giftanschläge stets eine Gefahr darstellten, war es eine große Ehre, am Hof Getränke reichen zu dürfen.;;El envenenamiento era siempre un riesgo, por lo que ganarse la confianza de servir bebidas es un gran honor.;;;;;;;;;x
title_custodian_of_the_mosque;Custodian of the Mosque;Gardien de la mosquée;Moscheeverwalter;;Custodio de la mezquita;;;;;;;;;x
title_custodian_of_the_mosque_desc;This honorific is awarded to a person who has shown exceptional devotion to [Root.Religion.GetHighGodNameCap].;Ce titre honorifique est attribué à une personne qui a fait preuve d'une dévotion exceptionnelle envers [Root.Get_le_HighGod].;Diese Auszeichnung wird an eine Person verliehen, die eine außergewöhnliche Hingabe zu [Root.Religion.GetHighGodNameCap] gezeigt hat.;;Este honorífico se otorga a una persona que haya mostrado una devoción excepcional a [Root.Religion.GetHighGodNameCap].;;;;;;;;;x
title_custodian_of_the_temple;Custodian of the Temple;Gardien du temple;Tempelverwalter;;Custodio del templo;;;;;;;;;x
title_custodian_of_the_temple_desc;This honorific is awarded to a person who has shown exceptional devotion to [Root.Religion.GetHighGodNameCap].;Ce titre honorifique est attribué à une personne qui a fait preuve d'une dévotion exceptionnelle envers [Root.Get_le_HighGod].;Diese Auszeichnung wird an eine Person verliehen, die eine außergewöhnliche Hingabe zu [Root.Religion.GetHighGodNameCap] gezeigt hat.;;Este honorífico se otorga a una persona que haya mostrado una devoción excepcional a [Root.Religion.GetHighGodNameCap].;;;;;;;;;x
title_darkhan;Darkhan;Darkhan;Darkhan;;Darkhan;;;;;;;;;x
title_darkhan_desc;Darkhan is a prestigious Mongolian title bestowed by the Khan upon those who have served him exceptionally well. Genghis Khan awarded this title to those allies who aided him during his rise to power.;En Mongolie, le prestigieux titre de darkhan est accordé par les khans à ceux qui les ont servis de manière exceptionnelle. Gengis Khan a décerné ce titre aux alliés qui l'ont aidé durant son ascension vers le pouvoir.;Darkhan ist ein prestigeträchtiger, mongolischer Titel, den der Khan seinen besten Dienern verleiht. Dschingis Khan belohnte damit jene, die ihm zur Macht verhalfen.;;Darkhan es un prestigioso título Mongol otorgado por el Khan a los que le han servido excepcionalmente bien. Genghis Khan concedió este título a los aliados que le ayudaron en su ascenso al poder.;;;;;;;;;x
title_designated_heir;Designated Heir;Héritier désigné;Gewählter Erbe;;Heredero designado;;;;;;;;;x
title_designated_heir_desc;Designate this Character as Your Heir;Désigner ce personnage comme héritier;Wählt diesen Charakter als Euren Erben;;Designar a este personaje como tu heredero;;;;;;;;;x
title_despot;Despot;Despote;Despot;;Déspota;;;;;;;;;x
title_despot_desc;Despot is the highest honorary title in the Byzantine Empire, second only to the Emperor. It can only be granted to close relatives, traditionally the oldest son.;Le despote est le plus haut titre honorifique de l'Empire byzantin, après celui d'empereur. Seuls les proches parents, traditionnellement le fils aîné, peuvent en bénéficier.;Despot ist der höchste Ehrentitel im Byzantinischen Kaiserreich und untersteht nur dem Kaiser. Er kann nur engen Verwandten verliehen werden, traditionell dem ältesten Sohn.;;El título honorífico de déspota era el más importante del Imperio Bizantino después del de emperador. Puede otorgarse a los familiares cercanos, tradicionalmente al hijo mayor.;;;;;;;;;x
title_drottseti;Dróttseti;Dróttseti;Dróttseti;;Dróttseti;;;;;;;;;x
title_drottseti_desc;The Dróttseti serves as a steward of the realm in a function similar to a seneschal, and it is considered to be a very prestigious post.;Le dróttseti est l'intendant du royaume, sa fonction est similaire au sénéchal. C'est un poste que l'on considère des plus prestigieux.;Der Dróttseti dient als Verwalter des Reiches, ähnlich einem Seneschall, und wird als sehr angesehener Posten betrachtet.;;El Dróttseti sirve como regente del reino en una función similar a un senescal, y se considera un puesto muy prestigioso.;;;;;;;;;x
title_eran_ambaragbed;Eran Ambaragbed;Eran Ambaragbed;Eran Ambaragbed;;Eran Ambaragbed;;;;;;;;;x
title_eran_ambaragbed_desc;As the minister of the magazines, it is the responsibility of the Eran Ambaragbed to see to the arms and armaments of the realm's warriors.;En tant que 'ministre du dépôt d'armes', l'Eran Ambaragbed a la responsabilité de la gestion des armes et armements des guerriers du royaume.;Als "Minister der Magazine" liegt es in der Verantwortung des Eran Ambaragbed, sich um die Waffen und Rüstungen der Krieger des Reiches zu kümmern.;;Como el Ministro del Almacén, es responsabilidad del Eran Ambaragbed  ver las armas y el armamento de los guerreros del reino.;;;;;;;;;x
title_food_taster;Food Taster;Goûteur;Vorkoster;;Catador;;;;;;;;;x
title_food_taster_desc;Food tasters have the dubious pleasure of trying all dishes before their master has a bite...;Le goûteur jouit du plaisir aléatoire de tester tous les plats avant que ceux-ci ne soient servis à son maître...;Vorkoster haben das fragwürdige Vergnügen, alle Speisen zu probieren, bevor ihr Herr den ersten Bissen nimmt...;;Los catadores tienen el dudoso placer de catar todos los platos antes de que su amo los pruebe...;;;;;;;;;x
title_fraticelli_cardinal;Cardinal;Cardinal;Kardinal;;Cardenal;;;;;;;;;x
title_grand_butler;Grand Butler;Grand majordome;Großmundschenk;;Mayordomo mayor;;;;;;;;;x
title_grand_butler_desc;Although most of the household duties were passed over to servants, the butler had the right to pour the liege's wine when at his table. With the ability to grab the liege's ear at the same time, the butler was an important man.;Bien que la plupart des tâches ménagères revenaient aux serviteurs, le majordome avait le droit de servir du vin à son seigneur lige lorsque celui-ci était à table, ce qui en faisait un personnage important.;Obwohl die meisten häuslichen Pflichten von Dienern übernommen wurden, hatte der Großmundschenk am Tisch des Lehnsherrn das Recht, diesem Wein zu kredenzen ... und sich bei Bedarf sein Gehör zu verschaffen. Der Großmundschenk war ein wichtiger Mann.;;Aunque la mayoría de las tareas domésticas se delegan en los sirvientes, el mayordomo tenía el privilegio de servir el vino de su señor en la mesa. Si a esto le sumamos su capacidad para ser buen confidente de su señor, no cabe duda de que la figura del mayordomo era importante.;;;;;;;;;x
title_guardian_of_knowledge;Guardian of Knowledge;Gardien du savoir;Hüter des Wissens;;Guardián del conocimiento;;;;;;;;;x
title_guardian_of_knowledge_desc;This honorific is awarded to a person who has shown their wisdom and courage.;Ce titre honorifique est attribué à une personne qui a démontré sa sagesse et son courage.;Diese Auszeichnung wird einer Person verliehen, die ihre Weisheit und ihren Mut gezeigt hat.;;Este honorífico se otorga a una persona que haya demostrado su sabiduría y valor;;;;;;;;;x
title_guardian_of_the_deep;Guardian of the Deep;Gardien des profondeurs;Tiefenwächter;;Guardián de las profundidades;;;;;;;;;x
title_guardian_of_the_deep_desc;This honorific is awarded to a person who has shown exceptional vigilance and steadfastness.;Ce titre honorifique est décerné à une personne qui a fait preuve d'une vigilance et d'une fermeté exceptionnelles.;Diese Auszeichnung wird an eine Person verliehen, die außergewöhnliche Wachsamkeit und Standhaftigkeit gezeigt hat.;;Este honorífico se otorga a una persona que haya mostrado una vigilancia y firmeza excepcional;;;;;;;;;x
title_guru;Court Guru;Gourou de la Cour;Hofguru;;Gurú de la Corte;;;;;;;;x
title_guru_desc;A guru is a wise master or teacher, one who imparts wisdom, usually by giving oral instruction and advice. Having a respected guru residing at your court can be useful, giving you access to sage advice.;Un gourou est un maître sage ou un enseignant qui dispense sa sagesse, souvent par des instructions et des conseils de vive voix. Avoir un gourou respecté à votre cour peut être utile et vous permettre de bénéficier de sages conseils.;Ein Guru ist ein weiser Meister oder Lehrer von großer Weisheit und gibt mündliche Anweisung oder einen guten Rat. Einen respektierten Guru an Eurem Hof zu haben kann dank seines klugen Ratspruchs sehr nützlich sein.;;Un gurú es un sabio maestro o profesor, alguien que imparte sabiduría, habitualmente mediante instrucciones y consejos verbales. Tener un respetado gurú en tu corte puede ser útil, dándote acceso a consejos del sabio.;;;;;;;;x
title_hermetics_apprentice;Apprentice;Apprenti;Lehrling;;Aprendiz;;;;;;;;;x
title_hermetics_apprentice_desc;Hermetic scholars may chose an apprentice. In exchange for tutoring, the apprentice will take care of one's laboratory and assist during experiments.;Les érudits hermétistes peuvent choisir un apprenti. En échange de tutorat, l'apprenti s'occupera du laboratoire et aidera pendant les expériences.;Hermetische Gelehrte können einen Lehrling wählen. Im Gegenzug für die Unterrichtung wird sich der Lehrling um das Labor seines Meisters kümmern und bei Experimenten helfen.;;Los eruditos herméticos pueden escoger a un aprendiz. A cambio de enseñarle, el aprendiz se ocupará del laboratorio y de proporcionar su ayuda durante los experimentos.;;;;;;;;;x
title_HFP_16006;Old Treasures;Vieux trésors;Alte Schätze;;Tesoros antiguos;;;;;;;;;x
title_high_admiral;High Admiral;Grand amiral;Großadmiral;;Gran Almirante;;;;;;;;;x
title_high_admiral_desc;The High Admiral is formally the chief of the Admiralty and in charge of the Republic's Navy, though he often relies on a competent staff.;Le grand amiral est le commandant suprême de l'amirauté et est en charge de la marine de la République. Il compte néanmoins sur du personnel compétent.;Der Großadmiral ist der Form halber der Vorgesetzte der Admiralität und verantwortlich für die Marine der Republik, auch wenn er häufig auf seinen kompetenten Mitarbeiterstab vertraut.;;El Gran Almirante es formalmente el jefe del Almirantazgo y está a cargo de la Armada de la República, aunque a veces delega en personal competente.;;;;;;;;;x
title_high_almoner;High Almoner;Grand aumônier;Großalmosenier;;Limosnero mayor;;;;;;;;;x
title_high_almoner_desc;The handing out of alms was an integral part of rulership and religious observance. The one responsible for this task is a very important personage.;La distribution des aumônes fait partie intégrante de la domination et de l'observance religieuse. Le responsable de cette tâche est un personnage très important.;Die Abgabe von Almosen war ein Teil des Regierens und der religiösen Treue. Derjenige, der für diese Aufgabe verantwortlich ist, ist eine sehr wichtige Persönlichkeit.;;La gestión de limosnas era una parte integral de la gobernanza y la observancia religiosa. El responsable de esta tarea es una personalidad muy importante.;;;;;;;;;x
title_high_judge;High Judge;Grand magistrat;Oberster Richter;;Juez Supremo;;;;;;;;;x
title_high_judge_desc;The High Judge is the supreme justice of the Republic, who answers only to the Council in most legal matters.;Le grand magistrat représente la justice suprême de la République. Il ne répond que devant le Conseil pour la plupart des affaires judiciaires.;Der Oberste Richter ist das höchste Gericht der Republik, der in rechtlichen Angelegenheiten nur dem Rat gegenüber Rechenschaft ablegen muss.;;El Juez Supremo encarna la justicia suprema de la República, y responde sólo ante el Consejo en la mayoría de asuntos legales.;;;;;;;;;x
title_hirdman;Hirdman;Hirdman;Hirdmann;;Hirdman;;;;;;;;;x
title_hirdman_desc;The Hirdmen are seen as the ruler's trusted companions in arms, and the holders of this title command a great deal of respect.;Les hirdmans sont vus comme de loyaux compagnons d'armes du dirigeant et ceux qui portent ce titre suscitent un grand respect.;Die Hirdmänner sind die vertrauenswürdigsten Waffenbrüder des Herrschers und die Träger dieses Titels erhalten viel Respekt.;;Los Hirdmen son los compañeros de confianza del gobernante en armas, y los que ostentan este título son muy respetados.;;;;;;;;;x
title_historiographer;Historiographer;Historiographe;Historiograf;;Historiador;;;;;;;;;x
title_historiographer_desc;As the official recorder of history, Historiographer is a title which can be granted to a learned person – their responsibility is to keep a record of important events, for the sake of future generations. However, some might also argue that it is to ensure that a ruler feels worthy of being chronicled.;En tant que témoin officiel de l'histoire, l'historiographe est un titre qui peut être accordé à un savant - sa responsabilité est de garder un registre des événements importants, pour le bien des générations futures. Cependant, certains pourraient également prétendre que c'est pour s'assurer qu'un dirigeant soit digne d'être dans une chronique.;Als offizieller Aufzeichner der Geschichte ist der Historiograf ein Titel, der einer gelehrten Person gewährt werden kann. Ihre Verantwortung ist es, wichtige Ereignisse für künftige Generationen aufzuzeichnen. Allerdings behaupten einige auch, dass er dafür da ist, damit sich der Herrscher würdig fühlt, aufgezeichnet zu werden.;;Como registrador oficial de la historia. El título de historiador se puede otorgar a una persona erudita. Su responsabilidad es mantener un registro de eventos importante, para el bien de futuras generaciones. Sin embargo, algunos sostienen que es para asegurarse de que el gobernante se siente digno de ser recordado.;;;;;;;;;x
title_hypatos;Hypatos;Hypatos;Hypatos;;Hypatos;;;;;;;;;x
title_hypatos_desc;Consul: Though only honorary now, it denotes the wearer as an important servant of the Empire.;Bien que seulement honorifique à présent, ce titre de consul est octroyé à un important serviteur de l'Empire.;Konsul: Obwohl es nur ehrenamtlich ist, bezeichnet es den Träger als einen wichtigen Diener des Reiches.;;Cónsul: aunque ahora solo es honorífico, señala a su portador como un servidor importante del imperio.;;;;;x
title_hypatos_female;Hypatissa;Hypatissa;Hypatissa;;Hipatisa;;;;;x
title_imperial_eunuch;Parakoimomenos;Parakimomène;Parakoimomenos;;Parakoimomenos;;;;;;;;;x
title_imperial_eunuch_desc;The Parakoimomenos, "the one who sleeps beside the Emperor's chamber," is a prestigious office at the Imperial Court reserved for eunuchs, who are valued for their perceived loyalty and discretion.;Le Parakimomène, 'celui qui dort à côté de la chambre de l'Empereur', désigne une fonction prestigieuse de la Cour Impériale, réservée aux seuls eunuques. Ceux-ci sont reconnus pour leur loyauté et leur discrétion.;Der Parakoimomenos, "der neben der Kammer des Herrschers schläft", ist ein hochangesehenes Amt am Kaiserlichen Hof, das ausschließlich für Eunuchen reserviert ist, die für ihre erwiesene Loyalität und Diskretion geschätzt werden.;;El Parakoimomenos, "el que duerme al lado de la Cámara del Emperador", es un servicio prestigioso de la Corte Imperial reservado para los eunucos, que son valorados por su lealtad y discreción.;;;;;;;;;x
title_ishad;Ishad;Ishad;Ishad;;Ishad;;;;;;;;;x
title_ishad_desc;Ishad is the title given to the highest ranking generals, and as such, it may be regarded as a mark of honor.;Le titre d'Ishad est accordé aux généraux des plus hauts rangs et, par le fait même, peut être considéré comme une marque d'honneur.;Den Titel des Ishad erhalten die ranghöchsten Generäle und er symbolisiert ein Zeichen der Ehre.;;Ishad es el título dado a los generales con más alta clasificación y, como tal, puede ser considerada una marca de honor.;;;;;;;;;x
title_kardarigan;Kardarigan;Kardarigan;Kardarigan;;Kardarigan;;;;;;;;;x
title_kardarigan_desc;This honorific means black hawk and was granted to several gifted Sassanid generals for their achievements on the field of battle. It can only be bestowed upon those with exceptional martial ability.;Ce titre honorifique signifie 'buse noire' et a été décerné à plusieurs généraux sassanides très talentueux en reconnaissance de leurs exploits sur le champ de bataille. Cet honneur ne peut être accordé qu'à ceux qui font preuve d'une maîtrise exceptionnelle des armes.;Dieser Ehrentitel bedeutet "Schwarzer Habicht" und wurde mehreren begabten Sassaniden-Generälen als Belohnung für ihre Schlachterfolge vergeben. Er kann nur Charakteren mit außergewöhnlicher Kriegsführung zuteil werden.;;Este título honorífico significa halcón negro y fue concedido a varios generales Sasánidas por sus logros en el campo de batalla. Sólo puede ser otorgado a aquellos con una capacidad marcial excepcional.;;;;;;;;;x
title_keeper_of_swans;Keeper of the Swans;Gardien des cygnes;Schwanenhüter;;Cuidador de cisnes;;;;;;;;;x
title_keeper_of_swans_desc;With Swan meat being without doubt the finest meat available from either beast or fowl, the need to ensure a steady supply of Swans is important. The post of Master of Swans carries a certain amount of prestige.;Le cygne étant indéniablement la viande la plus fine qui soit, il est important d'en avoir suffisamment à disposition. Le titre de gardien des cygnes est auréolé d'un certain prestige.;Da Schwanenfleisch zweifelsohne zum besten Wild- oder Geflügelfleisch gehört, ist die Organisation eines stetigen Nachschubs an Schwänen eine wichtige Aufgabe. Das Amt des Schwanenhüters ist mit gewissem Prestige verbunden.;;Ya que, sin duda, la carne de cisne es más exquisita que la de otros animales y aves, era importante garantizar que hubiera cisnes siempre disponibles. El cargo de maestro de cisnes trae consigo bastante prestigio.;;;;;;;;;x
title_keeper_of_the_dead;Keeper of the Dead;Gardien des morts;Hüter der Toten;;Guardián de los muertos;;;;;;;;;x
title_keeper_of_the_dead_desc;The Keeper of the Dead is responsible for the final rest of everyone placed in the §YMausoleum§!.;Le gardien des morts est responsable du repos final de toutes les personnes placées dans le §Ymausolée§!.;Der Hüter der Toten ist für die ewige Ruhe aller im §YMausoleum§! bestatteten Personen verantwortlich.;;El Guardián de los muertos es el responsable del descanso final de todos aquellos enterrados en el §Ymausoleo§!.;;;;;;;;;x
title_keeper_of_tomes;Keeper of the Tomes;Gardien des livres;Hüter der Folianten;;Custodio de los tomos;;;;;;;;;x
title_keeper_of_tomes_desc;This honorific is awarded to a person who has shown great aptitude for learning and all related skills.;Ce titre honorifique est attribué à une personne qui a montré avoir une grande aptitude à apprendre ainsi que toutes les compétences associées.;Diese Auszeichnung wird an eine Person verliehen, die sich besonders für das Lernen und alle damit verbundenen Tätigkeiten bewährt hat.;;Este honorífico se otorga a una persona que haya mostrado una gran aptitud para el aprendizaje y todas las habilidades relacionadas.;;;;;;;;;x
title_kouropalates;Kouropalates;Curopalate;Kouropalates;;Curopalates;;;;;;;;;x
title_kouropalates_desc;Kouropalates - 'the One in Charge of the Palace' - is a very prestigious title in the Byzantine Empire.;Curopalate - 'celui qui a la charge du palais' est un prestigieux titre de l'Empire byzantin.;Kouropalates - "der Palastverwalter" - ist im Byzantinischen Kaiserreich ein äußerst angesehener Titel.;;El título de curopalates (el encargado del palacio) es bastante prestigioso en el Imperio Bizantino.;;;;;;;;;x
title_kundur;Kündür;Kündür;Kündür;;Kundur;;;;;;;;;x
title_kundur_desc;The Kündur is traditionally a high ranking official in the Khan's court, and bestowing it on someone is a sign of approval.;Le titre de Kündür est traditionnellement un haut rang officiel à la cour du Khan et est accordé en signe d'approbation.;Der Kündür ist traditionsgemäß ein hochrangiger Offizieller am Hofe des Khan und der Titel ist ein Zeichen der Anerkennung.;;El Kundur es tradicionalmente un funcionario de alto rango en la corte del Khan, y otorgárselo a alguien es un signo de aprobación.;;;;;;;;;x
title_lawspeaker;Lawspeaker;Lögsögumad;Rechtsprecher;;Lawspeaker;;;;;;;;;x
title_lawspeaker_desc;The Lawspeaker memorizes the law of the realm and serves as its highest judicator. Needless to say, this comes with a great amount of prestige and responsibility.;Le lögösumad mémorise la loi du royaume et agit en tant que juge suprême. Cela va sans dire, ce titre apporte avec lui son lot de prestige et de responsabilités.;Der Rechtsprecher bewahrt das Gesetz des Reiches und dient als höchster Richter. Selbstredend ist dies mit sehr viel Prestige und Verantwortung verbunden.;;El Lawspeaker memoriza la ley del reino, y sirve como su más alto juez. No hace falta decir que esto tiene un gran prestigio y responsabilidad.;;;;;;;;;x
title_lighthouse_custodian;Lighthouse Custodian;Gardien du phare;Leuchtturmwärter;;Guardián del faro;;;;;;;;x
title_lighthouse_custodian_desc;This honorific is awarded to a person who has shown themselves responsible and can be entrusted with the care of your lighthouse – keeping it both lit and functioning.;Ce titre honorifique est attribué à une personne qui s’est montrée responsable et à qui on peut confier l’entretien de votre phare - en le maintenant allumé et en état de fonctionner.;Dieser Titel wird an eine Person verliehen, die sich als Verantwortungsbewusst erwiesen hat und mit der Pflege Eures Leuchtturms betraut werden kann, damit dieser beleuchtet und funktionsfähig bleibt.;;Este título honorífico se entrega a la persona que ha demostrado ser responsable y se le puede confiar el cuidado del faro.;;;;;;;;x
title_male_consort;Consort;Concubin;Konkubinator;;concubino;;;;;;;;;x
title_marksman;Merkismaðr;Merkismaðr;Merkismaðr;;Merkismaðr;;;;;;;;;x
title_marksman_desc;Literally meaning Marksman, the Merkismaðr has the honor of serving as the standard-bearer.;Littéralement 'tireur d'élite', le merkismaðr a l'honneur de servir comme porte-étendard.;Wörtlich übersetzt "Mann des Zeichens", hat der Merkismaðr die Ehre, das Banner des Herrschers zu tragen.;;Literalmente significa Hombre de Marcas", el Merkismaðr tiene el honor de ser el abanderado.;;;;;;;;;x
title_master_engineer;Master Engineer;Maître ingénieur;Meisteringenieur;;Maestro ingeniero;;;;;;;;;x
title_master_engineer_desc;The master engineer will construct wonders of Chinese ingenuity throughout your demesne, such as dry docks and blast furnaces.;Le maître ingénieur va construire des merveilles d'ingéniosité chinoise à travers votre domaine, comme les cales sèches et les hauts fourneaux.;Der Meisteringenieur wird Wunder des chinesischen Einfallsreichtums im gesamten Land bauen, so z.b. Trockendocks und Hochöfen.;;El maestro ingeniero construirá maravillas del ingenio chino por tus dominios, como diques secos y altos hornos.;;;;;;;;;x
title_master_engineer_modifier_tt;Is a Chinese master engineer;Est un maître ingénieur chinois;Ist ein chinesischer Meisteringenieur;;Es un maestro ingeniero chino;;;;;;;;;x
title_master_of_games;Master of the Games;Maître des jeux;Meister der Spiele;;Maestro de juegos;;;;;;;;;x
title_master_of_games_desc;This honorific is awarded to a person with a strong personality and presence, capable of bending a whole crowd to their will.;Ce titre honorifique est attribué à une personne dotée d'une forte personnalité et d'une forte présence, capable de plier toute une foule à sa volonté.;Diese Auszeichnung wird einer Person mit einer starken Persönlichkeit und Präsenz verliehen, die in der Lage ist, eine ganze Menschenmenge ihrem Willen zu unterwerfen.;;Este honorífico se otorga a una persona que haya mostrado una presencia y personalidad fuerte, capaces de doblegar una multitud a su voluntad.;;;;;;;;;x
title_master_of_the_blade;Master of the Blade;Maître de la lame;Meister des Schwertes;;Maestro de la Espada;;;;;;;;;x
title_master_of_the_blade_desc;The Master of the Blade is a prestigious honorific usually granted to those with demonstrated ability in swordsmanship.;Le maître de la lame est un titre prestigieux habituellement décerné à ceux qui ont démontré leur habileté à manier l'épée.;Der Meister des Schwertes ist eine prestigeträchtige Ehrung, die nur den Erfahrensten im Umgang mit dem Schwert zuteil wird.;;El Maestro de la Espada es un prestigioso título honorífico concedido a aquellas personas con demostrada capacidad en el manejo de la espada.;;;;;;;;;x
title_master_of_the_bow;Master of the Bow;Maître de l'arc;Meister des Bogens;;Maestro del Arco;;;;;;;;;x
title_master_of_the_bow_desc;The Master of the Bow is a prestigious honorific usually granted to those with demonstrated ability in bowmanship.;Le maître de l'arc est un titre prestigieux habituellement décerné à ceux qui ont démontré leur habileté à manier l'arc.;Der Meister des Bogens ist eine prestigeträchtige Ehrung, die nur den Erfahrensten im Umgang mit dem Bogen zuteil wird.;;El Maestro del Arco es un prestigioso título honorífico concedido a aquellas personas con demostrada capacidad en el manejo del Arco.;;;;;;;;;x
title_master_of_the_eagle;Master of the Eagle;Maître de l'Aigle;Meister der Adler;;Maestro del águila;;;;;;;;;x
title_master_of_the_eagle_desc;The Mongolian warriors used eagles to aid them while hunting. Being responsible for the training of these companions was a great honor.;Les guerriers mongols utilisaient des aigles comme animaux de chasse. Être responsable du dressage de ces oiseaux était un grand honneur.;Die mongolischen Krieger verwendeten Adler zur Beizjagd. Mit der Ausbildung dieser Tiere betraut zu werden, galt als große Ehre.;;Los guerreros mongoles usaron águilas para ayudarles en la caza. Ser responsable de la formación de estos compañeros era un gran honor.;;;;;;;;;x
title_master_of_the_horse;Master of the Horse;Maître des écuries;Stallmeister;;Maestro de cuadras;;;;;;;;;x
title_master_of_the_horse_desc;This office dates all the way back the Roman Republic, and, in this era where a horse is a symbol of power, it is still very important. Although the Master of the Horse delegates the actual day to day running of the actual stables, much of the prestige of this office comes from the responsibility for the stud.;Ce poste remonte à la République romaine. À cette époque, le cheval était symbole de pouvoir et est il encore très important de nos jours. Bien que le Maître de l'Écurie délègue les affaires quotidiennes des écuries, il a beaucoup de prestige puisqu'il est responsable de la reproduction des chevaux.;Dieses Amt reicht zurück bis in die Zeit der Römischen Republik und es ist - in einer Zeit, in der das Pferd ein Symbol für Stärke ist - noch immer sehr wichtig. Obwohl der Pferdemeister die täglichen Arbeiten der Ställe delegiert, rührt ein Großteil des Ruhmes für sein Amt von der Verantwortung für den Hengst her.;;Este cargo se remonta a los días de la República Romana, y, en esta época en la que el caballo es símbolo de poder, sigue siendo muy importante. Aunque el Maestro Ecuestre delega el funcionamiento diario de las caballerizas, gran parte del prestigio de este departamento proviene de su responsabilidad con los establos.;;;;;;;;;x
title_master_of_the_hounds;Master of the Hounds;Maître-chien;Jagdhundmeister;;Maestro de sabuesos;;;;;;;;;x
title_master_of_the_hounds_desc;With hunting considered the main pastime of the higher nobility, the hounds employed for the some of the hunts are thus important.;La chasse est considérée comme le principal passe-temps de la haute noblesse. Les chiens utilisés lors des parties de chasse sont donc très nombreux.;Wenn man bedenkt, dass das Jagen wohl der Hauptzeitvertreib des höheren Adels ist, so sind die eingesetzten Hunde für die vielen Jagden umso wichtiger.;;Dado que la caza se considera el principal pasatiempo de la alta nobleza, los perros de caza empleados en algunas de las cacerías son importantes.;;;;;;;;;x
title_master_of_the_hunt;Master of the Hunt;Grand veneur;Jägermeister;;Maestro de caza;;;;;;;;;x
title_master_of_the_hunt_desc;In an era when hunting was an opportunity to demonstrate horsemanship and martial prowess, the hunt was serious business. The master of the hunt was a position of importance.;La chasse est une occasion de démontrer son talent de cavalier et de guerrier, cette activité est donc une chose sérieuse. Le veneur occupe ainsi un poste important.;In einer Ära, in der das Jagen eine gute Möglichkeit war, ritterliches Können und kriegerisches Talent zu demonstrieren, war das Jagen ein sehr ernstes Geschäft. Der Jägermeister war eine Position von hoher Wichtigkeit.;;En una época en la que cazar era una oportunidad para demostrar el dominio del caballo y el valor marcial, la caza era un tema serio. Ser maestro de caza era un cargo de importancia.;;;;;;;;;x
title_master_of_the_royal_elephants;Master of the Royal Elephants;Maître des éléphants royaux;Meister der Königlichen Elefanten;;Maestro de los Reales Elefantes;;;;;;;;;x
title_master_of_the_royal_elephants_desc;Great monarchs often employ units of war elephants in their army to great effect. But aside from that, the elephant also has great value as a symbol of stability, strength and perserverance. All this makes it very important to keep the ruler's elephants in good health, and the position of Master of the Royal Elephants is a correspondingly prestigious one.;Les grands monarques ont souvent recours à des unités d'éléphants de guerre dans leurs armées, ce qui est très efficace. Mais si on excepte cette utilisation, l'éléphant possède aussi une grande valeur en tant que symbole de stabilité, de force et de persévérance. Tout ceci fait qu'il est très important de garder les éléphants du souverain en bonne santé. Aussi la fonction de maître des éléphants royaux est-il d'un prestige à la mesure de son utilité.;Große Herrscher nutzen oft mit großem Erfolg Kriegselefanten in ihren Armeen. Zusätzlich sind Elefanten ein Symbol der Stabilität, Stärke und Ausdauer. Deshalb ist es wichtig, die Elefanten bei guter Gesundheit zu halten, und so ist die Position des Meisters der Elefanten entsprechend prestigeträchtig.;;Los grandes monarcas a menudo emplean unidades de elefantes de guerra en sus ejércitos por su gran efecto. Pero aparte de ello, el elefante tiene gran valor como símbolo de estabilidad, fuerza y perseverancia. Todo esto hace muy importante mantener a los elefantes del gobernante con buena salud, y la posición del Maestro de los Reales Elefantes es acordemente prestigiosa.;;;;;;;;;x
title_master_of_tides;Master of the Tides;Maître des marées;Meister der Gezeiten;;Maestro de las mareas;;;;;;;;;x
title_master_of_tides_desc;This honorific is awarded to a person who has shown aptitude for all things marine, and the overarching responsibility of the §YHarbor§! rests on their shoulders.;Ce titre honorifique est décerné à une personne qui a fait preuve d'aptitude pour les questions maritimes, et la responsabilité globale du §Yport§! repose sur leurs épaules.;Diese Auszeichnung wird an eine Person verliehen, die sich für alle maritimen Angelegenheiten und die übergeordnete Verantwortung des §YHafens§! bewährt hat.;;Este honorífico se otorga a una persona que haya mostrado aptitud para todo lo marino y la responsabilidad global sobre el §Ypuerto§! descansa sobre sus hombros.;;;;;;;;;x
title_noyan;Noyan;Noyan;Noyan;;Noyan;;;;;;;;;x
title_noyan_desc;This title was originally granted to Mongolian battlefield commanders, but as they were awarded conquered land to administrate, it came to represent a form of higher nobility.;Ce titre était à l'origine accordé aux commandants qui avaient officié sur les champs de bataille. Cependant, comme la récompense était l'administration de la région conquise, le titre a fini par représenter une forme de haute noblesse.;Ursprünglich wurde dieser Titel mongolische Feldherren verliehen, doch nachdem sie mit eroberten Land belohnt wurden, repräsentierte dieser Titel eine Art höherer Adligkeit.;;Este título fue concedido originalmente a los comandantes del campo de batalla de Mongolia, pero a medida que fueron premiados con tierras conquistadas para administrar, llegó a representar una forma de alta nobleza.;;;;;;;;;x
title_overseer_of_rites;Overseer of the Rites;Surveillant des rites;Aufseher der Riten;;Supervisor de los ritos;;;;;;;;;x
title_overseer_of_rites_desc;The Overseer of Rites is responsible for all rites and rituals related to the §YPyramid§!.;Le Surveillant des rites est responsable de tous les rites liés à la §Ypyramide§!.;Der Aufseher der Riten ist für alle Riten und Rituale verantwortlich, die sich auf die §YPyramide§! beziehen.;;El Supervisor de los ritos es responsable de todos los ritos y rituales relacionados con la §Ypirámide§!.;;;;;;;;;x
title_paramount_knight;Paramount Knight;Chevalier suprême;Erster Ritter;;Caballero supremo;;;;;;;;;x
title_paramount_knight_desc;This paragon of chivalric virtue is the envy of the realm - every man wants to be like him and sees his friends as their friends;Ce modèle de vertu suscite l'envie de tous. Chaque homme rêve de lui ressembler et d'avoir les mêmes amis.;Dieses Vorbild ritterlicher Werte wird vom ganzen Reich beneidet - jeder Mann möchte so sein wie er und sieht seine Freunde als die eigenen an;;Modelo de virtud caballeresca envidia del reino. Todos los hombres quieren ser como él y sienten aprecio por sus amigos.;;;;;;;;;x
title_patrician_heir;Designated Heir;Héritier désigné;Ernannter Nachfolger;;Heredero designado;;;;;;;;;x
title_patrician_heir_desc;This character has been chosen to succeed a Patrician in running the family business.;Ce personnage a été choisi pour succéder au Patricien et prendre en mains les affaires de la famille.;Dieser Charakter wurde auserwählt, die Familiengeschäfte eines Patriziers zu erben. ;;Este personaje ha sido elegido para suceder a un patricio en la gestión del negocio familiar.;;;;;;;;;x
title_patrikios;Patrikios;Patrikios;Patrikios;;Patricio;;;;;x
title_patrikios_desc;Patrician: Recognizes the wearer as an elite member of Roman Society and is reserved for only the most influential servants of the Empire.;Membre d'élite patricien de la société romaine, le titre est réservé aux serviteurs les plus influents de l'Empire.;Patrizier: Zeichnet den Träger als Mitglied der Elite innerhalb der römischen Gesellschaft aus und ist nur den einflussreichsten Dienern des Reiches vorbehalten.;;Patricio: reconoce al portador como miembro de élite de la sociedad romana y se reserva solamente para los servidores más influyentes del imperio.;;;;;x
title_patrikios_female;Patrikia;Patrikia;Patrikia;;Patricia;;;;;x
title_prince;Prince;Prince;Prinz;;Príncipe;;;;;;;;;x
title_prince_c_indian;Rajkumar;Rajkumar;Radschkumar;;Rajkumar;;;;;;;;;x
title_prince_female;Princess;Princesse;Prinzessin;;Princesa;;;;;;;;;x
title_prince_female_c_indian;Rajkumari;Rajkumari;Radschkumari;;Rajkumarí;;;;;;;;;x
title_prince_female_indo_aryan_group;Rajkumari;Rajkumari;Radschkumari;;Rajkumarí;;;;;;;;;x
title_prince_female_iranian;Shahdokht;Shahdokht;Schah-docht;;Shahdokht;;;;;;;;;x
title_prince_female_roman;Caesarina;Caesarina;Cäsarina;;Cesarina;;;;;;;;;x
title_prince_indo_aryan_group;Rajkumar;Rajkumar;Radschkumar;;Rajkumar;;;;;;;;;x
title_prince_iranian;Shahzada;Shahzada;Schah-zade;;Shahzada;;;;;;;;;x
title_prince_roman;Caesar;César;Cäsar;;César;;;;;;;;;x
title_pushtigban_salar;Pushtigban-salar;Pushtigban-salar;Pushtigban-salar;;Pushtigban-salar;;;;;;;;;x
title_pushtigban_salar_desc;The Pushtigban-salar is the appointed commander of the royal guard, and as such, commands a significant amount of respect.;Le Pushtigban-salar est le commandant attitré de la garde royale et ce titre lui confère une grande marque de respect.;Der Pushtigban-salar ist der ernannte Kommandant der königlichen Garde und birgt als solcher viel Respekt.;;El Pushtigban-salar es el comandante designado de la guardia real, y como tal, goza de un gran respeto.;;;;;;;;;x
title_queen_mother;Queen Mother;Reine mère;Königinmutter;;Reina Madre;;;;;;;;;x
title_regent;Regent;Régent;Regent;;Regente;;;;;;;;;x
title_royal_builder;Royal Builder;Architecte royal;Königlicher Baumeister;;Constructor Real;;;;;;;;;x
title_royal_builder_desc;Powerful rulers will always be expanding their palaces and building new ones. The position of Royal Builder holds much prestige, though the holder need not actually have any architectural or engineering skills. It's usually someone else doing the real work.;Les souverains puissants chercheront toujours à agrandir leurs palais et à en construire de nouveaux. La fonction d'architecte royal possède un grand prestige, bien que le titulaire de cette fonction ne possède pas nécessairement de compétences en architecture ou en ingénierie. C'est habituellement quelqu'un d'autre qui accomplit le véritable travail.;Mächtige Herrscher erweitern beständig ihre Paläste oder erbauen neue. Die Position des Königlichen Baumeisters bringt viel Prestige, doch benötigt der Besitzer keine eigenen architektonischen Fähigkeiten - normalerweise erledigt jemand anderes die echte Arbeit.;;Los gobernantes poderosos siempre ampliarán sus palacios o construirán otros nuevos. La posición de Constructor Real conlleva mucho prestigio, aunque el poseedor no necesita tener conocimientos de arquitectura o ingeniería. Habitualmente es otro quien hace el verdadero trabajo.;;;;;;;;;x
title_royal_custodian;Royal Custodian;Gardien royal;Königlicher Verwalter;;Custodio real;;;;;;;;;x
title_royal_custodian_desc;This honorific is awarded to a person who has proven themselves dependable, and they are responsible for the upkeep and maintenance of the §YRoyal Palace§!.;Ce titre honorifique est attribué à une personne qui a fait ses preuves et qui est responsable de l'entretien du §YPalais royal§!.;Diese Auszeichnung wird an eine Person verliehen, die sich als zuverlässig erwiesen hat. Sie ist für die Instandhaltung und die Wartung des "Königspalastes" verantwortlich.;;Este honorífico se otorga a una persona que haya mostrado ser fiable y es responsable del mantenimiento y conservación del §YPalacio real§!.;;;;;;;;;x
title_sebastokrator;Sebastokrator;Sébastokrator;Sebastokrator;;Sebastocrátor;;;;;;;;;x
title_sebastokrator_desc;The title of Sebastokrator was created as an even higher honor than that of 'Caesar'. It can only be granted to close relatives of the Emperor.;Le titre de Sébastokrator a été créé à des fins encore plus honorifique que celui de 'César'. Il est réservé aux proches parents de l'empereur.;Der Titel Sebastokrator war mit noch höherer Ehre als der eines "Cäsar" verbunden. Er kann nur engen Verwandten des Kaisers verliehen werden.;;El título de sebastocrátor tenía aún más honor que el de césar. Solo puede otorgarse a los familiares cercanos del emperador.;;;;;;;;;x
title_sebastos;Sebastos;Sebastos;Sebastos;;Sebastos;;;;;x
title_sebastos_desc;Venerable one: Only important members of the imperial family and those related to them by marriage or blood may bear this venerable title.;Seuls les membres importants de la famille impériale et ceux qui leur sont liés par le mariage ou le sang peuvent porter ce titre vénérable.;Ehrwürdiger: Nur wichtige Mitglieder der kaiserlichen Familie und diejenigen, die durch Ehe oder Blut mit ihnen verwandt sind, dürfen diesen ehrwürdigen Titel tragen.;;Venerable: solo miembros importantes de la familia imperial y aquellas personas relacionadas con ellos por matrimonio o sangre pueden llevar este venerable título.;;;;;x
title_sebastos_female;Sebaste;Sebaste;Sebaste;;Sebaste;;;;;x
title_seneschal;Seneschal;Sénéchal;Seneschall;;Senescal;;;;;;;;;x
title_seneschal_desc;Originally responsible for the organization of feasts and domestic entertainment. Although left mainly in the hands of deputies, the key role at such major occasions makes the post prestigious.;Initialement responsable d'organiser les fêtes et de veiller au divertissement. Bien que laissé principalement entre les mains d'adjoints, ce rôle clé lors des grandes occasions rend son poste prestigieux.;Ursprünglich verantwortlich für die Organisation von Festlichkeiten und häuslicher Unterhaltung. Auch wenn dieser Posten zumeist den Stellvertretern überlassen wird, so macht ihn die Schlüsselrolle bei solchen Großanlässen doch sehr prestigeträchtig.;;En origen responsable de la organización de banquetes y animación doméstica. Aunque ahora depende prácticamente de los subalternos, el papel clave que desempeña en las ocasiones importantes otorga prestigio al cargo.;;;;;;;;;x
title_shahin;Shahin;Shahin;Shahin;;Shahin;;;;;;;;;x
title_shahin_desc;This honorific means falcon and was granted to several gifted Sassanid generals for their achievements on the field of battle. It can only be bestowed upon those with exceptional martial ability.;Ce titre honorifique signifie 'faucon' et a été décerné à plusieurs généraux sassanides très talentueux en reconnaissance de leurs exploits sur le champ de bataille. Cet honneur ne peut être accordé qu'à ceux qui font preuve d'une maîtrise exceptionnelle des armes.;Dieser Ehrentitel bedeutet "Falke" und wurde mehreren begabten Sassaniden-Generälen als Belohnung für ihre Schlachterfolge vergeben. Er kann nur Charakteren mit außergewöhnlicher Kriegsführung zuteil werden.;;Este título honorífico significa halcón y fue concedido a varios generales Sasánidas por sus logros en el campo de batalla. Sólo puede ser otorgado a aquellos con una capacidad marcial excepcional.;;;;;;;;;x
title_shahrwaraz;Shahrwarãz;Shahrwarãz;Shahrwarãz;;Shahrwarãz;;;;;;;;;x
title_shahrwaraz_desc;The Shahrwarãz, the Boar of the Empire, is a prestigious honorary title dating back to the Sassanids. In Zoroastrianism, the boar is closely associated with the Izad Vahram, the epitome of victory. This honorific can only be bestowed upon those with exceptional martial ability.;Le shahrwarãz, le 'sanglier impérial', est un titre honorifique de prestige qui remonte à l'époque des Sassanides. Dans le zoroastrisme, le sanglier est étroitement associé à Izad Vahram, la quintessence de la victoire. Cet honneur ne peut être accordé qu'à ceux qui font preuve d'une maîtrise exceptionnelle des armes.;Der Shahrwarãz, der "Eber des Reiches", ist ein prestigeträchtiger Ehrentitel, der auf die Sassaniden zurückgeht. Im Zoroastrianismus ist der Eber eng mit dem Izad Vahram, dem Inbegriff des Sieges, verbunden. Dieser Ehrentitel kann nur Charakteren mit außergewöhnlicher Kriegsführung zuteil werden.;;El Shahrwarãz, el Verraco del Imperio, es un prestigioso título honorífico que data de los Sasánidas. En el Zoroastrismo, el verraco está estrechamente relacionado con el Izad Vahram, el epítome de la victoria. Este título honorífico sólo puede ser otorgado a aquellos con una capacidad marcial excepcional.;;;;;;;;;x
title_spahbod;Spahbod;Spahbod;Spahbod;;Spahbod;;;;;;;;;x
title_spahbod_desc;This title, roughly meaning army chief, can be traced all the way back to the Achaemenid Empire, and during the Sassanid reign there were four Spahbods assigned to each corner of the Persian realm. It remains a prestigious military office.;Ce titre, qui signifie approximativement 'chef de l'armée', est utilisé depuis l'Empire achéménide. Durant le règne sassanide, il existait quatre Spahbods, chacun assigné à un coin du royaume perse. C'est encore aujourd'hui un poste militaire très prestigieux.;Dieser Titel bedeutet ungefähr "Armee-Häuptling" und geht auf das Achämenidenreich zurück. Während der sassanidischen Herrschaft gab es vier Spahbods, die den Ecken des Reiches zugeordnet waren. Er ist noch immer ein prestigeträchtiger Titel.;;Este título, que más o menos significa jefe del ejército, puede rastrearse hasta el Imperio Aqueménida, y durante el reinado Sasánida había cuatro Spahbods asignados a cada rincón del reino Persa. Sigue siendo un cargo militar de prestigio.;;;;;;;;;x
title_state_inquisitor;State Inquisitor;Grand inquisiteur;Staatlicher Inquisitor;;Inquisidor del Estado;;;;;;;;;x
title_state_inquisitor_desc;The three State Inquisitors are charged with ensuring the security of the Republic against threats both internal and external.;Les trois grands inquisiteurs ont la charge d'assurer la sécurité de la République contre toute trahison, interne ou externe.;Die drei staatlichen Inquisitoren sind dafür verantwortlich, die Sicherheit der Republik gegen jegliche innere oder äußere Bedrohung sicherzustellen.;;Los tres Inquisidores del Estado están a cargo de asegurar la seguridad de la República contra amenazas tanto internas como externas.;;;;;;;;;x
title_stone_custodian;Custodian of the Stone;Gardien des pierres;Steinhüter;;Guardián de la piedra;;;;;;;;x
title_stone_custodian_desc;This honorific is awarded to a person who has shown themselves steadfast in their loyalty and discipline.;Ce titre honorifique est attribué à une personne qui s'est montrée déterminée dans sa loyauté et sa discipline.;Dieser Titel wird an eine Person verliehen, die sich in ihrer Loyalität und Disziplin als standhaft gezeigt hat.;;Este título honorífico se entrega a la persona que ha demostrado una lealtad y disciplina firme.;;;;;;;;x
title_strategist;Strategist;Stratège;Stratege;;Estratega;;;;;;;;;x
title_strategist_desc;The Chinese Strategist will attempt to teach other soldiers about Chinese strategies.;Le Stratège chinois tentera d'enseigner à d'autres soldats des stratégies chinoises.;Der chinesischer Stratege wird versuchen, andere Soldaten in chinesischen Strategien zu unterrichten.;;El Estratega chino intentará a enseñar a otros soldado las estrategias chinas.;;;;;;;;;x
title_strategist_modifier_tt;Has a thorough education in Chinese strategy of war;A une éducation approfondie dans la stratégie de guerre chinoise;Hat eine gründliche Ausbildung in chinesischer Kriegsführung;;Tiene una esmerada educación en la estrategia bélica china;;;;;;;;;x
title_tanist;Tanist;Taniste;Than;;Tanista;;;;;;;;;x
title_teacher;Court Tutor;Tuteur de la Cour;Hoflehrer;;Tutor de la corte;;;;;;;;;x
title_teacher_desc;The Court Tutor will serve as the default Educator for all children at court who don't have an assigned Guardian.;Le tuteur de la Cour sera l'éducateur par défaut pour tous les enfants à la cour qui n'ont pas de tuteur assigné.;Der Hoflehrer wird als Standard-Erzieher für alle Kinder am Hofe dienen, die keinen zugewiesenen Wächter haben.;;El tutor de la corte servirá como educador por defecto de todos los niños de la corte que no tengan tutor asignado.;;;;;;;;;x
title_venerable_elder;Venerable Elder;Vénérable aîné;Ehrwürdiger Älterer;;Venerable Anciano;;;;;;;;;x
title_venerable_elder_desc;This honorific can only be granted to those who have reached the age of fifty. Their wisdom and the sorely needed guidance they offer the younger generations is deserving of great respect.;Ce titre honorifique ne peut être accordé qu'à ceux qui ont atteint l'âge de cinquante ans. Leur sagesse et leurs conseils, dont ont grandement besoin les générations plus jeunes, appellent à un grand respect.;Diese Ehrung können nur jene erhalten, die das fünfzigste Lebensjahr erreicht haben. Ihre Weisheit und ihr dringend benötigter Rat für jüngere Generationen verdienen den höchstmöglichen Respekt.;;Este título honorífico sólo puede concederse a quienes hayan alcanzado la edad de cincuenta. Su sabiduría y la muy necesaria guía que ofrecen a las nuevas generaciones se merecen un gran respeto.;;;;;;;;;x
title_volva;Court Völva;Völva de la Cour;Hofvölva;;Völva de la corte;;;;;;;;;x
title_volva_desc;A völva is regarded as a powerful seeress that practises sejdr, a form of sorcery. Among other things, she deals with curses, premonitions and omens of things to come.;Une völva est une puissante voyante qui pratique le sejdr, une forme de sorcellerie. Elle est spécialiste des malédictions, des prémonitions et des présages.;Eine Völva ist eine mächtige Seherin, die Seiðr praktiziert, eine Form der Zauberei. Unter anderem beherrscht sie Flüche und das Deuten von Omen.;;Una völva se considera como una poderosa vidente que practica sejdr, una forma de brujería. Entre otras cosas, se ocupa de las maldiciones, presagios y augurios de lo que vendrá.;;;;;;;;;x
title_wall_walker;Walker of the Wall;Gardien du mur;Mauergänger;;Caminante de la muralla;;;;;;;;;x
title_wall_walker_desc;This honorific is awarded to a person who has shown diligence and can spend the majority of their day on their feet, inspecting and maintaining the wall.;Ce titre honorifique est attribué à une personne qui a fait preuve de diligence et peut passer la majeure partie de la journée debout à inspecter et à entretenir le mur.;Diese Auszeichnung wird an eine Person verliehen, die sich gewissenhaft gezeigt hat und die meiste Zeit des Tages auf den Beinen ist, um die Mauer zu inspizieren und zu warten.;;Este honorífico se otorga a una persona que haya mostrado diligencia y ser capaz de pasar la mayor parte del día de pie, inspeccionando y realizando el mantenimiento de la muralla.;;;;;;;;;x
title_watcher_of_giants;Watcher of Giants;Observateur des Géants;Beobachter der Riesen;;Vigilante de gigantes;;;;;;;;;x
title_watcher_of_giants_desc;This honorific is awarded to a person who has shown exceptional vigilance and skills of observation, and they are ultimately responsible for the maintenance and upkeep of the great statue.;Ce titre honorifique est décerné à une personne qui a fait preuve d'une vigilance exceptionnelle et du sens de l'observation. Elle devient responsable de l'entretien de la grande statue.;Diese Auszeichnung wird an eine Person verliehen, die sich durch außergewöhnliche Wachsamkeit und Beobachtungsgabe auszeichnet und letztendlich für die Instandhaltung und Wartung der großen Statue verantwortlich ist.;;Este honorífico se otorga a una persona que haya mostrado unas habilidades excepcionales de vigilancia y observación y es responsable último del mantenimiento y la conservación de la gran estatua.;;;;;;;;;x
title_yabgu;Yabgu;Yabgu;Yabgu;;Yabgu;;;;;;;;;x
title_yabgu_desc;By tradition, the title of Yagbu is bestowed upon the second highest member of a ruling clan, often a brother of the Khan. It carries a great deal of respect.;Le titre de Yagbu est traditionnellement accordé au deuxième plus haut membre du clan dirigeant, souvent le frère du Khan. Il confère beaucoup de respect.;Gemäß Tradition wird der Titel des Yabgu dem zweithöchsten Mitglied eines herrschenden Klans zugesprochen, oftmals einem Bruder des Khan. Er ist mit sehr viel Respekt verbunden.;;Por tradición, el título de Yagbu se otorga al segundo miembro más alto de un clan gobernante, a menudo un hermano del Khan. Conlleva un gran respeto.;;;;;;;;;x
title_yuhou;Yuhou;Yuhou;Yuhou;;Yuhou;;;;;;;;;x
title_yuhou_desc;In the annals of ancient history, Yuhou are explained as the Watchers of Mountains and Lakes. While the title can imply a considerable amount of power, it is in itself a grand gesture to be deemed worthy of the title.;Dans les annales de l'histoire ancienne, les Yuhou sont les Gardiens des Montagnes et des Lacs. Puisque le titre implique un pouvoir considérable, c'est un grand honneur d'être considéré digne du titre.;In den Annalen der alten Geschichte werden Yuhou als Beobachter der Berge und Seen beschrieben. Der Titel kann eine beträchtliche Menge Macht bedeuten, es ist aber an sich schon eine großartige Sache, für diesen Titel würdig zu sein.;;En los anales de la historia antigua, los yuhou se explican como Vigilantes de Montañas y Lagos. Si bien el título puede implicar una cantidad considerable de poder, el hecho de ser concedido el título es un gran gesto.;;;;;;;;;x
title_zhangshi;Zhangshi;Zhangshi;Zhangshi;;Zhangshi;;;;;;;;;x
title_zhangshi_desc;Also known as 'the other carriage' due to the Zhangshi rarely sharing a carriage with their superior. Nominally the Chief Secretary of a governor, the exact duty of Zhangshi, and the power this position holds, varies greatly.;Aussi connu sous le nom « l'autre voiture » en raison du fait que le Zhangshi partage rarement une voiture avec leur supérieur. Théoriquement, c'est le secrétaire en chef d'un gouverneur, mais le devoir exact de Zhangshi et le pouvoir de ce poste varient considérablement.;Auch bekannt als "der andere Wagen", da die Zhangshi nur selten einen Wagen mit ihren Vorgesetzten teilen. Nominell der Chefsekretär eines Gouverneurs. Die genauen Pflichten der Zhangshi und die Macht, die diese Position hält, sind sehr unterschiedlich.;;También conocido como "el otro carruaje", ya que los zhangshi muy raramente comparten carruaje con su superior. Teóricamente secretario jefe de un gobernador, la misión exacta un zhangshi y el poder de su puesto varían tremendamente.;;;;;;;;;x
tribal_title_prince_c_indian;Rajkumar;Rajkumar;Radschkumar;;Rajkumar;;;;;;;;;x
tribal_title_prince_female_c_indian;Rajkumari;Rajkumari;Radschkumari;;Rajkumarí;;;;;;;;;x
tribal_title_prince_female_indo_aryan_group;Rajkumari;Rajkumari;Radschkumari;;Rajkumarí;;;;;;;;;x
tribal_title_prince_indo_aryan_group;Rajkumar;Rajkumar;Radschkumar;;Rajkumar;;;;;;;;;x