nick_bloodaxe;Bloodaxe;à la Hache Sanglante;Blutaxt;;Hacha sangrienta;;;;;;;;;x
nick_bluetooth;Bluetooth;la Dent bleue;Blauzahn;;Dientesazules;;;;;;;;;x
nick_butter_teeth;Butterteeth;Dents Fragiles;Butterzahn;;Dientes de mantequilla;;;;;;;;x
nick_darc;d'Arc;d'Arc;d'Arc;;de Orleans;;;;;;;;;x
nick_fairhair;Fairhair;[This.GetLeLa] Blond[This.Get_E];Schönhaar;;Rubio;;;;;;;;;x
nick_gods_cannibal;the Eater of [saint_person.Religion.GetHighGodName];[This.GetLeLa] Mangeu[This.GetRSe] [saint_person.Get_du_HighGod];[This.Getderdie] [saint_person.Religion.GetHighGodName]-Esser[This.GetinFemale];;el Devorador de [saint_person.Religion.GetHighGodName];;;;;x
nick_gods_drunkard;Drunken Friend of [saint_person.Religion.GetHighGodName];l'Ami[This.Get_E] ivre [saint_person.Get_du_HighGod];[This.Getderdie] betrunkene Freund[This.GetinFemale] von [saint_person.GetHighGodName];;Colega de borracheras de [saint_person.GetHighGodName];;;;;x
nick_gods_hedonist;the Hedonist of [saint_person.Religion.GetHighGodName];l'Hédoniste [saint_person.Get_du_HighGod];[This.Getderdie] Hedonist[This.GetinFemale] von [saint_person.Religion.GetHighGodName];;[This.GetElLa] Hedonista de [saint_person.Religion.GetHighGodName];;;;;x
nick_gods_seducer;the Lover of [saint_person.Religion.GetHighGodName];l'Amant[This.Get_E] [saint_person.Get_du_HighGod];[This.Getderdie] Liebhaber[This.GetinFemale] von [saint_person.Religion.GetHighGodName];;el Amante de [saint_person.Religion.GetHighGodName];;;;;x
nick_gods_torturer;the Impaler of [saint_person.Religion.GetHighGodName];l'Empaleu[This.GetRSe] [saint_person.Get_du_HighGod];[This.Getderdie] Pfähler[This.GetinFemale] von [saint_person.Religion.GetHighGodName];;[This.GetElLa] Empalador[This.GetXA] de [saint_person.Religion.GetHighGodName];;;;;x
nick_haardraade;Hårdråde;Hårdråde;Hårdråde;;Hårdråde;;;;;;;;;x
nick_half_hand;Half-Hand;Demi-main;[This.Getderdie] Halbhändige;;Mediamano;;;;;;;;;x
nick_hardeknud;Hardeknud;Hardeknud;Hardiknut;;Harthacnut;;;;;;;;;x
nick_hildetand;Wartooth;à la Dent bleue;Kriegzahn;;Fiero colmillo;;;;;;;;;x
nick_iron_fist;Iron Fist;Poing de Fer;die Eisenfaust;;Puño de hierro;;;;;;;;;x
nick_iron_hand;Iron Hand;Main de Fer;Eiserne Hand;;Mano de hierro;;;;;;;x
nick_lodbrok;Loðbrok;Loðbrok;Loðbrok;;Lodbrok;;;;;;;;;x
nick_longsword;Longsword;Épée longue;das Langschwert;;Larga-Espada;;;;;x
nick_lord_lady_ground;[Root.GetLordLady] [battlefield_location.GetGroundDescCap];[Root.GetLordLady] [battlefield_location.GetGroundDescCap];[This.Getderdie] [battlefield_location.GetGroundDescCap] [Root.GetLordLady];;[Root.GetLordLady] [battlefield_location.GetGroundDesc];;;;;;;;;x
nick_lord_lady_of_the_terrain;[Root.GetLordLady] of the [battlefield_location.GetTerrainCap];[Root.GetLeLa] [Root.GetLordLady] [battlefield_location.GetTerrainCap];[Root.GetLordLady] des [battlefield_location.GetTerrainCap];;[Root.GetLordLady] del/la [battlefield_location.GetGroundDesc];;;;;;;;;x
nick_of_a_thousand_faces;of a Thousand Faces;aux Mille Visages;[This.Getderdie] Vielgesichtige;;del millar de caras;;;;;;;;;x
nick_of_the_empty_pockets;of the Empty Pockets;les Poches Vides;die leeren Tasche;;de los Bolsillos vacíos;;;;;;;;;x
nick_of_the_nine_hostages;of the Nine Hostages;aux Neuf Otages;von den Neun Geiseln;;de los nueve rehenes;;;;;;;;;x
nick_of_the_wilds;of the Wilds;des Terres sauvages;das Kind der Wildnis;;de la Selva;;;;;;;;;x
nick_one_eye;One-Eye;[This.GetLeLa] Borgne;[This.Getderdie] Einäugige;;Tuert[This.GetOA];;;;;;;;;x
nick_one_hand;One-Hand;[This.GetLeLa] Manchot[This.Get_E];[This.Getderdie] Einhändige;;Manc[This.GetOA];;;;;;;;;x
nick_one_leg;the Legless;l'Unijambiste;[This.Getderdie] Beinlose;;Sin piernas;;;;;;;;;x
nick_papal_lover;the Papal Lover;l'Amant[This.Get_E] papal[This.Get_E];des Papstes Liebhaber[This.GetinFemale];;[This.GetElLa] Amante del papa;;;;;x
nick_peg_leg;Peg Leg;Jambe de Bois;Holzbein;;Pata de palo;;;;;;;x
nick_priest_hater;Priest-Hater;l'Anticlérical[This.Get_E];[This.Getderdie] Priesterhasser[This.GetinFemale];;Repudiacuras;;;;;;;;;x
nick_ring;Ring;l'Anneau;Ring;;Anillo;;;;;;;;;x
nick_snake_in_the_eye;Snake-in-the-eye;Oeil-de-Serpent;Schlange im Auge;;Serpienteenelojo;;;;;;;;;x
nick_son_of_evilgod;[This.GetSonDaughterCap] of [This.Religion.GetRandomEvilGodName];[This.GetSonDaughterCap] [This.GetEvilGodDuDelaDes];[This.Getderdie] [This.GetSonDaughterCap] von [This.Religion.GetRandomEvilGodName];;[From.GetSonDaughterCap] de [From.Religion.GetRandomEvilGodName];;;;;;;;;x
nick_stone_fist;Stone Fist;Poing de Pierre;die Steinfaust;;Puño de piedra;;;;;;;;;x
nick_the_able;the Able;l'Habile;[This.Getderdie] Tüchtige;;El Habilidoso;;;;;;;;;x
nick_the_abomination;the Abomination;l'Abomination;[This.Getderdie] Abscheuliche;;la Abominación;;;;;;;;;x
nick_the_absolved;the Absolved;l'Absous;[This.Getderdie] Erlöste;;[This.GetElLa] Absuelt[This.GetOA];;;;;;;;x
nick_the_accursed;the Accursed;[This.GetLeLa] Maudit[This.Get_E];[This.Getderdie] Verfluchte;;El Condenado;;;;;;;;;x
nick_the_adjudicator;the Adjudicator;[This.GetLeLa] Juge;[This.Getderdie] Richter[This.GetinFemale];;[This.GetElLa] Adjudicador[This.GetXA];;;;;;;;x
nick_the_affable;the Affable;l'Affable;[This.Getderdie] Umgängliche;;El Afable;;;;;;;;;x
nick_the_alchemist;the Alchemist;l'Alchimiste;[This.Getderdie] Alchemist[This.GetinFemale];;el Alquimista;;;;;;;;;x
nick_the_ambitious;the Ambitious;l'Ambitieu[This.GetXSe];[This.Getderdie] Ambitionierte;;[This.GetElLa] Ambicios[This.GetOA];;;;;;;;;x
nick_the_angel;the Angel;l'Ange;der Engel;;[This.GetElLa] Ángel;;;;;;;;x
nick_the_angel_of_location;the Angel of Jerusalem;l'Ange de Jérusalem;der Engel Jerusalems;;el Ángel de Jerusalén;;;;;;;;x
nick_the_apostate;the Apostate;l'Apostat[This.Get_E];[This.Getderdie] Apostat[This.GetinFemale];;[This.GetElLa] Apóstata;;;;;;;;x
nick_the_apostle;the Apostle;l'Apôtre;[This.Getderdie] Apostel[This.GetinFemale];;El Apóstol;;;;;;;;;x
nick_the_architect;the Architect;l'Architecte;[This.Getderdie] Architekt[This.GetinFemale];;[This.GetElLa] Arquitect[This.GetOA];;;;;;;;x
nick_the_armorsmith;the Armorsmith;[This.GetLeLa] Forgero[This.GetNNne];[This.Getderdie] Rüstungsschmied[This.GetinFemale];;el Forjaarmaduras;;;;;;;;;x
nick_the_artist_ruler;the Artist-[Root.GetTitle];l'Artiste;[This.Getderdie] Artisten-[Root.GetTitle];;[This.GetElLa] [Root.GetTitle] artista;;;;;;;;;x
nick_the_astrologer;the Astrologer;l'Astrologue;[This.Getderdie] Astrolog[This.GeteMale][This.GetinFemale];;[This.GetElLa] Astrólog[This.GetOA];;;;;;;;;x
nick_the_avenger;the Avenger;[This.GetLeLa] Veng[This.GetEurEresse];[This.Getderdie] Rächer[This.GetinFemale];;El Vengador;;;;;;;;;x
nick_the_awoken;the Awoken;l'Éveillé[This.Get_E];[This.Getderdie] Erwachte;;[This.GetElLa] Despiert[This.GetOA];;;;;;;;x
nick_the_bald;the Bald;[This.GetLeLa] Chauve;[This.Getderdie] Kahle;;el Calvo;;;;;;;;;x
nick_the_bane_of_realmname;the Bane of [nickname_target.PrimaryTitle.GetName];le Fléau [nickname_target.PrimaryTitle.Get_du_Realm];der Fluch von [nickname_target.PrimaryTitle.GetName];;la Ruina de [nickname_target.PrimaryTitle.GetName];;;;;;;;;x
nick_the_bard;the Bard;[This.GetLeLa] Barde;[This.Getderdie] [This.GetBardeBardin];;[This.GetElLa] Bardo;;;;;;;;x
nick_the_bastard;the Bastard;[This.GetLeLa] Bâtard[This.Get_E];[This.Getderdie] Bastard[This.GetinFemale];;El Bastardo;;;;;;;;;x
nick_the_bastion_of_capital;the Bastion of [Root.Capital.GetName];le Bastion de [Root.Capital.GetName];die Bastion von [Root.Capital.GetName];;[This.GetElLa] Bastión de [Root.capital.GetName];;;;;;;;x
nick_the_beanstalk;the Beanstalk;le Grand Échalas;die Bohnenstange;;el Tallo;;;;;x
nick_the_bear;the Bear;l'Ours;[This.Getderdie] Bär[This.GetinFemale];;[This.GetElLa] Os[This.GetOA];;;;;;;;;x
nick_the_beef_thrasher;the Beef-Thrasher;l'Engloutisseu[This.GetRSe];[This.Getderdie] Fleisch-Vernichter[This.GetinFemale];;[This.GetElLa] Mascaterneras;;;;;;;;x
nick_the_beguiling;the Beguiling;la Séduisante;[This.Getderdie] Betörende;;el Persuasivo;;;;;;;;;x
nick_the_beheader;the Beheader;le Bourreau;[This.Getderdie] Kopfabhacker[This.GetinFemale];;el Decapitador;;;;;;;;;x
nick_the_belligerent;the Belligerent;[This.GetLeLa] Belliqueu[This.GetXSe];[This.Getderdie] Kampflustige;;[This.GetElLa] Beligerante;;;;;;;;;x
nick_the_bellower;the Bellower;[This.GetLeLa] Brailleu[This.GetRSe];[This.Getderdie] Brüller[This.GetinFemale];;Bramidos;;;;;;;;;x
nick_the_benevolent;the Benevolent;[This.GetLeLa] bienveillant[This.Get_E];[This.Getderdie] Gutmütige;;[This.GetElLa] Benévol[This.GetOA];;;;;;;;x
nick_the_betrayer;the Betrayer;[This.GetLeLa] Traîtr[This.GetEEsse];[This.Getderdie] Verräter[This.GetinFemale];;[This.GetElLa] Traidor[This.GetXA];;;;;;;;;x
nick_the_bewitched;the Bewitched;l'Ensorcelé[This.Get_E];[This.Getderdie] Verhexte;;El Embrujado;;;;;;;;;x
nick_the_black;the Black;le Noir;[This.Getderdie] Schwarze;;el Negro;;;;;;;;;x
nick_the_black_boar;the Black Boar;le Sanglier Noir;[This.Getderdie] schwarze [This.GetEberSau];;[This.GetElLa] Jabalí negr[This.GetOA];;;;;;;;;x
nick_the_black_skull;the Black Skull;Crâne Noir;der schwarze Schädel;;la Calavera Negra;;;;;;;;x
nick_the_black_widow;the Black Widow;la Veuve Noire;die Schwarze Witwe;;la Viuda negra;;;;;;;;x
nick_the_bleeder;the Bleeder;[This.GetLeLa] Sanguinaire;[This.Getderdie] Bluter[This.GetinFemale];;[This.GetElLa] Sangrador[This.GetXA];;;;;;;;x
nick_the_bleeding_eyes;Bleeding-Eyes;Yeux Sanglants;das Blutauge;;Ojos rojos;;;;;;;;x
nick_the_blessed;the Blessed;[This.GetLeLa] Béni[This.Get_E];[This.Getderdie] Gesegnete;;El Bendito;;;;;;;;;x
nick_the_blind;the Blind;l'Aveugle;[This.Getderdie] Blinde;;El Ciego;;;;;;;;;x
nick_the_blood_monger;the Bloodmonger;[This.GetLeLa] Marchand[This.Get_E] de Sang;[This.Getderdie] Bluthändler[This.GetinFemale];;[This.GetElLa] Sanguinante;;;;;;;;x
nick_the_bloodhound;the Bloodhound;le Limier;[This.Getderdie] [This.GetBluthundBluthündin];;[This.GetElLa] Sabueso;;;;;;;;x
nick_the_bloodlime;Bloodlime;Forgé[This.Get_E] dans le Sang;die Blutlimette;;Limasangrienta;;;;;;;;x
nick_the_bloody;the Bloody;[This.GetLeLa] Sanglant[This.Get_E];[This.Getderdie] Blutige;;[This.GetElLa] Sanguinari[This.GetOA];;;;;;;;;x
nick_the_blushing;the Blushing;[This.GetLeLa] Rougissant[This.Get_E];[This.Getderdie] Errötete;;[This.GetElLa] Ruboros[This.GetOA];;;;;;;;x
nick_the_boar;the Boar;le Sanglier;das Wildschwein;;[This.GetElLa] Jabalí;;;;;;;;;x
nick_the_bold;the Bold;[This.GetLeLa] Téméraire;[This.Getderdie] Kühne;;El Audaz;;;;;;;;;x
nick_the_bone_gnasher;the Bonegnasher;Montre-les-Dents;[This.Getderdie] Knochenknirscher[This.GetinFemale];;[This.GetElLa] Mascahuesos;;;;;;;;x
nick_the_bone_squeezer;the Bone-Squeezer;Briseu[This.GetRSe] d'os;[This.Getderdie] Knochenquetscher[This.GetinFemale];;Aplastahuesos;;;;;;;;x
nick_the_boneless;the Boneless;[This.GetLeLa] Désossé[This.Get_E];[This.Getderdie] Knochenlose;;el Sinhuesos;;;;;;;;;x
nick_the_bottomless;the Bottomless;Appétit d'Ogre;[This.Getderdie] Bodenlose;;[This.GetElLa] Sin fondo;;;;;;;;x
nick_the_brave;the Brave;[This.GetLeLa] Brave;[This.Getderdie] Tapfere;;El Valiente;;;;;;;;;x
nick_the_broken_lute;Broken Lute;Luth Brisé;die gebrochene Laute;;Laúd roto;;;;;;;;x
nick_the_broken_nail;Broken-Nail;Ongle Cassé;der gebrochene Nagel;;Uñas rotas;;;;;;;;x
nick_the_brute;the Brute;la Brute;[This.Getderdie] Ungehobelte;;[This.GetElLa] Brut[This.GetOA];;;;;;;;;x
nick_the_builder;the Builder;[This.GetLeLa] Bâtisseu[This.GetRSe];[This.Getderdie] Erbauer[This.GetinFemale];;El Constructor;;;;;;;;;x
nick_the_bull;the Bull;le Taureau;der Bulle;;[This.GetElLa] Toro;;;;;;;;x
nick_the_bulwark;the Bulwark;le Rempart;das Bollwerk;;el Baluarte;;;;;;;;;x
nick_the_burden;the Burden;le Fardeau;die Bürde;;la Carga;;;;;;;;;x
nick_the_butch;the Butch;la Hommasse;[This.Getderdie] Dicke;;[This.GetElLa] Machot[This.GetEA];;;;;;;;x
nick_the_butcher;the Butcher;[This.GetLeLa] Bouch[This.GetErEre];[This.Getderdie] Schlachter[This.GetinFemale];;[This.GetElLa] Carnicer[This.GetOA];;;;;;;;;x
nick_the_cannibal;the Cannibal;[This.GetLeLa] Cannibale;[This.Getderdie] Menschenfresser[This.GetinFemale];;[This.GetElLa] Caníbal;;;;;;;;;x
nick_the_careless;the Careless;l'Imprudent[This.Get_E];[This.Getderdie] Sorglose;;El Imprudente;;;;;;;;;x
nick_the_carpenter;the Carpenter;le Charpentier;[This.Getderdie] [This.GetZimmererZimmerin];;[This.GetElLa] Carpinter[This.GetOA];;;;;;;;x
nick_the_castellan;the Castellan;[This.GetLeLa] Châtelain[This.Get_E];[This.Getderdie] Kastellan[This.GetinFemale];;[This.GetElLa] Castellan[This.GetOA];;;;;;;;x
nick_the_celestial;the Celestial;[This.GetLeLa] céleste;[This.Getderdie] Himmlische;;[This.GetElLa] Celestial;;;;;;;;x
nick_the_champion_of_province;the Champion of [Root.Location.GetName];Champio[This.GetNNne] de [Root.Location.GetName];Champion von [Root.Location.GetName];;[This.GetElLa] Campe[This.GetOnOna] de [Root.Location.GetName];;;;;;;;x
nick_the_chaste;the Chaste;[This.GetLeLa] Chaste;[This.Getderdie] Keusche;;El Casto;;;;;;;;;x
nick_the_cheater;the Cheater;[This.GetLeLa] tricheu[This.GetRSe];[This.Getderdie] Schummler[This.GetinFemale];;[This.GetElLa] Trampos[This.GetOA];;;;;;;;x
nick_the_chest_buster;the Chestbuster;[This.GetLeLa] Briseu[This.GetRSe] d'Armure;[This.Getderdie] Brustöffner[This.GetinFemale];;[This.GetElLa] Revientapechos;;;;;;;;x
nick_the_chosen_of_gabriel;the Chosen of Gabriel;l'Élu[This.Get_E] de Gabriel;[This.Getderdie] Auserwählte Gabriels;;[This.GetElLa] Elegid[This.GetOA] de Gabriel;;;;;;;;x
nick_the_civilized;the Civilized;[This.GetLeLa] Raffiné[This.Get_E];[This.Getderdie] Zivilisierte;;[This.GetElLa] Civilizad[This.GetOA];;;;;;;;x
nick_the_cleansing_flame;the Cleansing Flame;le Feu Purificateur;die läuternde Flamme;;la Llama purificadora;;;;;;;;;x
nick_the_clueless;the Clueless;l'Idiot[This.Get_E];[This.Getderdie] Ahnungslose;;El Despistado;;;;;;;;;x
nick_the_clumsy;the Clumsy;la Maladroite;die Tollpatschige;;el Torpe;;;;;;;;;x
nick_the_compassionate;the Compassionate;[This.GetLeLa] Compatissant[This.Get_E];[This.Getderdie] Mitfühlende;;[This.GetElLa] Compasiv[This.GetOA];;;;;;;;x
nick_the_confessor;the Confessor;le Confesseur;[This.Getderdie] [This.GetBeichtvaterBeichtmutter];;[This.GetElLa] Confesor[This.GetXA];;;;;x
nick_the_conqueror;the Conqueror;[This.GetLeLa] Conquérant[This.Get_E];[This.Getderdie] Eroberer[This.GetinFemale];;El Conquistador;;;;;;;;;x
nick_the_cowardly;the Cowardly;[This.GetLeLa] Poltro[This.GetNNne];Feigling;;[This.GetElLa] Gallina;;;;;;;;x
nick_the_crimson_flurry;the Crimson Flurry;Rafale de Sang;Purpurflock;;la Ráfaga carmesí;;;;;;;;x
nick_the_crimson_gorgon;the Crimson Gorgon;la Gorgone;[This.Getderdie] Purpurgorgone[This.GetinFemale];;la Gorgona carmesí;;;;;;;;x
nick_the_crimson_reaper;the Crimson Reaper;[This.GetLeLa] Faucheu[This.GetRSe];[This.Getderdie] scharlachrote Schlächter[This.GetinFemale];;[This.GetElLa] Segador[This.GetXA] carmesí;;;;;;;;x
nick_the_cruel;the Cruel;[This.GetLeLa] Crue[This.GetLLle];[This.Getderdie] Grausame;;El Cruel;;;;;;;;;x
nick_the_crusader;the Crusader;[This.GetLeLa] Croisé[This.Get_E];[This.Getderdie] Kreuzritter[This.GetinFemale];;El Paladín;;;;;;;;;x
nick_the_culture;the [Root.Culture.GetName];[Root.GetLeLa] [Root.GetCultureMascFem];[This.Getderdie] [Root.Culture.GetName]e;;el [Root.Culture.GetName];;;;;;;;;x
nick_the_culture_marauder;the [nickname_receiver.Culture.GetName] Marauder;[nickname_receiver.GetLeLa] Pillard[nickname_receiver.Get_E] [nickname_receiver.GetCultureMascFem];[This.Getderdie] [nickname_receiver.Culture.GetName]e Marodeur[This.GetinFemale];;[This.GetElLa] Merodeador[This.GetXA] [nickname_receiver.Culture.GetName];;;;;;;;;x
nick_the_cyclops;the Cyclops;[This.GetLeLa] Cyclope;[This.Getderdie] Zyklop[This.GetinFemale];;[This.GetElLa] Cíclope;;;;;x
nick_the_dane;the Dane;[This.GetLeLa] Danois[This.Get_E];der Däne;;el Danés;;;;;x
nick_the_deaths_child;the Reaper's Child;l'Enfant de la Faucheuse;das Kind des Schlächters;;[This.GetElLa] Hij[This.GetOA] del segador;;;;;;;;x
nick_the_decadent;the Decadent;[This.GetLeLa] Décadent[This.Get_E];[This.Getderdie] Dekadente;;el Decadente;;;;;;;;;x
nick_the_defender;the Defender;la Défenseuse;[This.Getderdie] Verteidiger[This.GetinFemale];;el Defensor;;;;;;;;;x
nick_the_deliverer;the Deliverer;[This.GetLeLa] Libérat[This.GetEurRice];[This.Getderdie] Überbringer[This.GetinFemale];;[This.GetElLa] Portador[This.GetXA];;;;;;;;x
nick_the_depraved;the Depraved;[This.GetLeLa] Dépravé[This.Get_E];[This.Getderdie] Lasterhafte;;[This.GetElLa] depravad[This.GetOA];;;;;;;;;x
nick_the_despoiler;the Despoiler;[This.GetLeLa] Spoliat[This.GetEurRice];[This.Getderdie] Räuber[This.GetinFemale];;[This.GetElLa] Saqueador[This.GetXA];;;;;;;;;x
nick_the_destroyer;the Destroyer;[This.GetLeLa] Destruct[This.GetEurRice];[This.Getderdie] Zerstörer[This.GetinFemale];;[This.GetElLa] Destructor[This.GetXA];;;;;;;;;x
nick_the_devil;the Devil;[This.GetLeLa] Maléfique;[This.Getderdie] Teufel[This.GetinFemale];;El Demonio;;;;;;;;;x
nick_the_diplomat;the Diplomat;[This.GetLeLa] Diplomate;[This.Getderdie] Diplomat[This.GetinFemale];;[This.GetElLa] Diplomátic[This.GetOA];;;;;;;;;x
nick_the_dove;the Dove;la Colombe;die Taube;;la Paloma;;;;;;;;x
nick_the_dragon;the Dragon;[This.GetLeLa] Drago[This.GetNNne];der Drache;;El Dragón;;;;;;;;;x
nick_the_dragoness;the Dragoness;la Dragonne;die Dragonerin;;la Dragona;;;;;;;;;x
nick_the_dreaded;the Dreaded;[This.GetLeLa] Redoutable;[This.Getderdie] Gefürchtete;;[This.GetElLa] Temido;;;;;;;;x
nick_the_drunkard;the Drunkard;l'Ivrogne;[This.Getderdie] Säufer[This.GetinFemale];;El Borracho;;;;;;;;;x
nick_the_dry_throat;Dry-Throat;Gorge Sèche;die trockene Kehle;;Garganta Seca;;;;;;;;x
nick_the_dust_biter;Dust-Biter;Mord la Poussière;[This.Getderdie] Staubbeißer[This.GetinFemale];;Muerdepolvo;;;;;;;;x
nick_the_eastern_wind;the Eastern Wind;le Vent d'est;der Ostwind;;el Viento del Este;;;;;;;;;x
nick_the_educator;the Educator;l'Éducat[This.GetEurRice];[This.Getderdie] Erzieher[This.GetinFemale];;[This.GetElLa] Educador[This.GetXA];;;;;;;;x
nick_the_eerie;the Eerie;l'Inquiétant[This.Get_E];[This.Getderdie] Unheimliche ;;[This.GetElLa] Inquietante;;;;;;;;x
nick_the_effeminate;the Effeminate;l'Efféminé;[This.Getderdie] Zarte;;El Afeminado;;;;;;;;;x
nick_the_elder;Elder;Aîné[This.Get_E];Ältester;;[This.GetElLa] Ancian[This.GetOA];;;;;;;;x
nick_the_enlightened;the Enlightened;l'Éclairé[This.Get_E];[This.Getderdie] Erleuchtete;;[This.GetElLa] Iniciad[This.GetOA];;;;;;;;x
nick_the_evil;the Evil;[This.GetLeLa] Malfaisant[This.Get_E];[This.Getderdie] Boshafte;;[This.GetElLa] Malvad[This.GetOA];;;;;;;;;x
nick_the_exalted;the Exalted;l'Exalté[This.Get_E];[This.Getderdie] Erhabene;;[This.GetElLa] Exaltad[This.GetOA];;;;;;;;x
nick_the_exalted_chosen_of_province;the Exalted Chosen of [Root.Location.GetName];l'Élu[This.Get_E] exalté[This.Get_E] de [Root.Location.GetName];[This.Getderdie] Auserwählte von [Root.Location.GetName];;[This.GetElLa] Elegid[This.GetOA] exaltad[This.GetOA] de [Root.Location.GetName];;;;;;;;x
nick_the_executioner;the Executioner;le Bourreau;[This.Getderdie] Scharfrichter[This.GetinFemale];;[This.GetElLa] Ejecutor[This.GetXA];;;;;;;;;x
nick_the_explorer;the Explorer;l'Explorat[This.GetEurRice];[This.Getderdie] Erkunder[This.GetinFemale];;[This.GetElLa] Explorador[This.GetXA];;;;;;;;;x
nick_the_faceless;the Faceless;Sans Visage;[This.Getderdie] Gesichtslose;;[This.GetElLa] Sin rostro;;;;;;;;;x
nick_the_fair;the Fair;le Bel;[This.Getderdie] Schöne;;El Honrado;;;;;;;;;x
nick_the_fairest_of_location;the Fairest of [Root.Location.GetName];[This.GetLeLa] plus b[This.GetEauElle] de [Root.Location.GetName];[This.Getderdie] Fairste von [Root.Location.GetName];;la Beldad de [Root.Location.GetName];;;;;;;;x
nick_the_fat;the Fat;[This.GetLeLa] Gro[This.GetSSse];[This.Getderdie] Fette;;El Gordo;;;;;;;;;x
nick_the_fearless;the Fearless;Sans Peur;[This.Getderdie] Furchtlose;;El Temerario;;;;;;;;;x
nick_the_feeble;the Feeble;[This.GetLeLa] Faible;[This.Getderdie] Schwache;;[This.GetElLa] Floj[This.GetOA];;;;;;;;x
nick_the_ferrante;Ferrante;Ferrante;Ferrante;;Ferrante;;;;;;;;x
nick_the_festive;the Festive;[This.GetLeLa] Festi[This.GetFVe];[This.Getderdie] Festliche;;el Festivo;;;;;;;;;x
nick_the_flail_of;the Flail of [Root.Liege.PrimaryTitle.GetName];la Calamité [Root.Liege.PrimaryTitle.Get_du_Realm];die Faust von [Root.Liege.PrimaryTitle.GetName];;el Mayal de [Root.Liege.PrimaryTitle.GetName];;;;;;;;;x
nick_the_flat_chested;the Flat-Chested;Sans Poitrine;[This.Getderdie] Flachbrüstige;;Pocopecho;;;;;;;;x
nick_the_flayer;the Flayer;[This.GetLeLa] Fouetteu[This.GetRSe];[This.Getderdie] Schinder[This.GetinFemale];;[This.GetElLa] Desollador;;;;;;;;;x
nick_the_floor_kisser;the Floor-Kisser;Au Sol;[This.Getderdie] Bodenküsser[This.GetinFemale];;Besasuelos;;;;;;;;x
nick_the_flower;the Flower;la Fleur;die Blume;;[This.GetElLa] Florecilla;;;;;;;;x
nick_the_fool_for_christ;the Fool-for-[GetJesus];Féru[This.Get_E]-du-[GetJesus];[This.Getderdie] [This.GetNarrNärrin] in [GetJesus];;el necio de [GetJesus];;;;;x
nick_the_forgetful;the Forgetful;[This.GetLeLa] Distrait[This.Get_E];[This.Getderdie] Vergessliche;;[This.GetElLa] Olvidadiz[This.GetOA];;;;;;;;x
nick_the_former_shieldmaiden;the Former Shieldmaiden;l'Ancienne Skjaldmö;die ehemalige Schildmaid;;antigua doncella escudera;;;;;;;;;x
nick_the_founder;the Founder;[This.GetLeLa] Fondat[This.GetEurRice];[This.Getderdie] Gründer[This.GetinFemale];;[This.GetElLa] Fundador[This.GetXA];;;;;;;;x
nick_the_fowler;the Fowler;l'Oiseleu[This.GetRSe];[This.Getderdie] Vogler[This.GetinFemale];;El Cazaperdices;;;;;;;;;x
nick_the_fox;the Fox;[This.GetLeLa] Renard[This.Get_E];der Fuchs;;el Zorro;;;;;;;;;x
nick_the_frail;the Frail;[This.GetLeLa] Frêle;[This.Getderdie] Gebrechliche;;[This.GetElLa] Frágil;;;;;;;;;x
nick_the_frantic;the Frantic;l'Agité[This.Get_E];[This.Getderdie] Hektische;;Frenesís;;;;;;;;x
nick_the_frog;the Frog;la Grenouille;[This.Getderdie] Froschartige;;la Rana;;;;;;;;;x
nick_the_fury;the Fury;la Furie;der Zorn;;la Furia;;;;;;;;x
nick_the_generous;the Generous;[This.GetLeLa] Généreu[This.GetXSe];[This.Getderdie] Großzügige;;[This.GetElLa] Generos[This.GetOA];;;;;;;;;x
nick_the_gentle;the Gentle;[This.GetLeLa] Dou[This.GetXCe];[This.Getderdie] Sanfte;;El Gentil;;;;;;;;;x
nick_the_german;the German;[This.GetLeLa] Germanique;[This.Getderdie] Deutsche;;el Alemán;;;;;;;;;x
nick_the_giant;the Giant;[This.GetLeLa] Géant[This.Get_E];[This.Getderdie] Gigant[This.GetinFemale];;el Gigante;;;;;;;;;x
nick_the_girls_arm;Girl-Arm;Bras de fille;der Mädchenarm;;Brazodeniña;;;;;;;;x
nick_the_glorious;the Glorious;[This.GetLeLa] Glorieu[This.GetXSe];[This.Getderdie] Glorreiche;;el Glorioso;;;;;;;;;x
nick_the_gnat;the Gnat;le Moustique;die Gnat;;Malbicho;;;;;;;;x
nick_the_god_bearing;the Godbearing;Porteu[This.GetRSe] de Stigmates;[This.Getderdie] träger[This.GetinFemale] Gottes;;[This.GetElLa] Temeros[This.GetOA] de Dios;;;;;x
nick_the_gods_arm;the Arm of [Root.Religion.GetRandomGodName];le Bras [Root.Get_du_HighGod];Arm von [Root.Religion.GetRandomGodName];;Brazo de [Root.Religion.GetRandomGodName];;;;;;;;x
nick_the_gods_champion;the Gods' Champion;Champio[This.GetNNne] des dieux;Champion Gottes;;[This.GetElLa] Campe[This.GetOnOna] de los dioses;;;;;;;;x
nick_the_goldsmith;the Goldsmith;l'Orfèvre;[This.Getderdie] Goldschmied[This.GetinFemale];;el Orfebre;;;;;;;;;x
nick_the_goliath;the Goliath;le Goliath;der Goliath;;[This.GetElLa] Goliat;;;;;x
nick_the_good;the Good;[This.GetLeLa] Bo[This.GetNNne];[This.Getderdie] Gute;;El Bueno;;;;;;;;;x
nick_the_gouty;the Gouty;[This.GetLeLa] Goutteu[This.GetXSe];[This.Getderdie] Gichtige;;El Gotoso;;;;;;;;;x
nick_the_gracious;the Gracious;[This.GetLeLa] Bienveillant[This.Get_E];[This.Getderdie] Anmutige;;el Gentil;;;;;;;;;x
nick_the_grand_matriarch;the Grand Matriarch;la Grande Matriarche;die Großmatriarchin;;la Gran matriarca;;;;;;;;x
nick_the_grand_patriarch;the Grand Patriarch;le Grand Patriarche;der Großpatriarch;;el Gran patriarca;;;;;;;;x
nick_the_grandiose;the Grandiose;[This.GetLeLa] Grandiose;[This.Getderdie] Grandiose;;[This.GetElLa] Grandios[This.GetOA];;;;;;;;x
nick_the_great;the Great;[This.GetLeLa] Grand[This.Get_E];[This.Getderdie] Große;;El Grande;;;;;;;;;x
nick_the_great_beast;the Great [Root.GetRegionalBigAnimalCap];le Grand [Root.GetRegionalBigAnimal];der große [Root.GetRegionalBigAnimalCap];;el Gran [Root.GetRegionalBigAnimalCap];;;;;;;;;x
nick_the_great_eagle;the Great Eagle;le Grand Aigle;der große Adler;;el Gran águila;;;;;;;;;x
nick_the_green_faced;the Green-Faced;[This.GetLeLa] Verdâtre;[This.Getderdie] Grüngesichtige;;Caraverde;;;;;;;;x
nick_the_green_warrior;the Green Warrior;[This.GetLeLa] jeune Guerri[This.GetErEre];[This.Getderdie] grüne Krieger[This.GetinFemale];;[This.GetElLa] Guerrer[This.GetOA] verde;;;;;;;;x
nick_the_griffin;the Griffin;le Griffon;der Greif;;[This.GetElLa] Grifo;;;;;;;;x
nick_the_grim_mistress;the Grim Mistress;la Sinistre Maîtresse;die grausame Herrin;;la Dama sombría;;;;;;;;x
nick_the_grinner;the Grinner;[This.GetLeLa] Grimaçant[This.Get_E];[This.Getderdie] Grinser[This.GetinFemale];;[This.GetElLa] Sonriente;;;;;;;;x
nick_the_ground_warrior;the [battlefield_location.GetGroundDescCap]-Warrior;[This.GetLeLa] guerri[This.GetErEre] [battlefield_location.GetGroundDescCap];[This.Getderdie] [battlefield_location.GetGroundDesc]-Krieger[This.GetinFemale];;[This.GetElLa] Guerrer[This.GetOA] del [battlefield_location.GetGroundDesc];;;;;;;;;x
nick_the_guardian;the Guardian;[This.GetLeLa] Gardie[This.GetNNne];[This.Getderdie] Wächter[This.GetinFemale];;[This.GetElLa] Guardi[This.GetAnAna];;;;;x
nick_the_guide;the Guide;[This.GetLeLa] Guide;[This.Getderdie] Führer[This.GetinFemale];;[This.GetElLa] Guía;;;;;x
nick_the_hammer;the Hammer;le Martel;der Hammer;;El Martillo;;;;;;;;;x
nick_the_handsome;the Handsome;[This.GetLeLa] B[This.GetEauElle];[This.Getderdie] Hübsche;;El Guapo;;;;;;;;;x
nick_the_harth_of_location;the Hart of [Root.Location.GetName];la Beauté de [Root.Location.GetName];das Herz von [Root.Location.GetName];;Alma de [Root.Location.GetName];;;;;;;;x
nick_the_hawk_of_quarysh;the Hawk of Quarysh;le Faucon de Quraych;Adler von Quraisch;;el Halcón de Quarysh;;;;;;;;;x
nick_the_headless;the Headless;Sans-tête;[This.Getderdie] Kopflose;;el Descabezado;;;;;;;;;x
nick_the_healer;the Healer;[This.GetLeLa] Guérisseu[This.GetRSe];[This.Getderdie] Heiler[This.GetinFemale];;el Curador;;;;;x
nick_the_heart_eater;the Heart-eater;[This.GetLeLa] Mangeu[This.GetRSe] de Coeur;Esser der Herzen;;[This.GetElLa] Comecorazones;;;;;;;;x
nick_the_heathen;the Heathen;[This.GetLeLa] Païe[This.GetNNne];der Heide;;El Pagano;;;;;;;;;x
nick_the_heavenly;the Heavenly;[This.GetLeLa] Céleste;[This.Getderdie] Himmlische;;el Celeste;;;;;;;;;x
nick_the_hermit;the Hermit;l'Ermite;[This.Getderdie] Eremit[This.GetinFemale];;[This.GetElLa] Ermitañ[This.GetOA];;;;;;;;x
nick_the_hideous;the Hideous;[This.GetLeLa] Hideu[This.GetXSe];[This.Getderdie] Abscheuliche;;el Horrible;;;;;;;;;x
nick_the_hollow;the Hollow;l'Ombre d[This.GetEluiElle]-même;[This.Getderdie] Hohle;;el Vacío;;;;;;;;;x
nick_the_holy;the Holy;[This.GetLeLa] Saint[This.Get_E];[This.Getderdie] Heilige;;El Santo;;;;;;;;;x
nick_the_holy_mason;the Holy Mason;le Saint Maçon;[This.Getderdie] heilige Maurer[This.GetinFemale];;[This.GetElLa] Sant[This.GetOA] albañil;;;;;;;;x
nick_the_horse_gelder;the Horse-Gelder;[This.GetLeLa] Dompteu[This.GetRSe] de chevaux;[This.Getderdie] Gelderländer[This.GetinFemale];;[This.GetElLa] Castracaballos;;;;;;;;x
nick_the_horse_shepherd;the Horse Shepherd;[This.GetLeLa] Gardie[This.GetNNne] de chevaux;[This.Getderdie] Pferdehirt[This.GeteMale][This.GetinFemale];;[This.GetElLa] Pastor de caballos;;;;;;;;x
nick_the_hunchback;the Hunchback;[This.GetLeLa] Bossu[This.Get_E];[This.Getderdie] Bucklige;;el Jorobado;;;;;;;;;x
nick_the_hundred_flagons;Hundred-Flagons;aux Cent Bouteilles;Hundert Flaschen;;Cien Jarras;;;;;;;;x
nick_the_hunter;the Hunter;[This.GetLeLa] Chass[This.GetEurEresse];[This.Getderdie] Jäger[This.GetinFemale];;El Cazador;;;;;;;;;x
nick_the_hyena;the Hyena;la Hyène;die Hyäne;;la Hiena;;;;;;;;x
nick_the_ill_ruler;the Ill-Ruler;[This.GetLeLa] Malavisé[This.Get_E];[This.Getderdie] Schlechte;;El Malsoberano;;;;;;;;;x
nick_the_ill_tempered;the Ill-tempered;[This.GetLeLa] Coléreu[This.GetXSe];[This.Getderdie] Zänker[This.GetinFemale];;Mal Genio;;;;;;;;;x
nick_the_illuminated;the Illuminated;l'Éclairé[This.Get_E];[This.Getderdie] Aufgeklärte;;[This.GetElLa] Iluminad[This.GetOA];;;;;;;;x
nick_the_impaler;the Impaler;l'Empaleu[This.GetRSe];[This.Getderdie] Pfähler[This.GetinFemale];;el Empalador;;;;;;;;;x
nick_the_innocent;the Innocent;l'innocent[This.Get_E];[This.Getderdie] Unschuldige;;[This.GetElLa] Inocente;;;;;;;;x
nick_the_inquisitor;the Inquisitor;l'Inquisit[This.GetEurRice];[This.Getderdie] Inquisitor[This.GetinFemale];;el Inquisidor;;;;;;;;;x
nick_the_iron_grip;Irongrip;Poigne de fer;Eisengriff;;Presa de hierro;;;;;;;;x
nick_the_iron_heart;Ironheart;Coeur de Pierre;Eisenherz;;Corazón de hierro;;;;;;;;x
nick_the_ironside;Ironside;Côtes-de-Fer;[This.Getderdie] Eiserne;;El Intrépido;;;;;;;;;x
nick_the_jackal;the Jackal;le Chacal;[This.Getderdie] Schakal[This.GetinFemale];;el Chacal;;;;;;;;;x
nick_the_jittery;the Jittery;[This.GetLeLa] Nerveu[This.GetXSe];[This.Getderdie] Zappler[This.GetinFemale];;[This.GetElLa] Temblores;;;;;;;;x
nick_the_jolly;the Jolly;l'Enjoué[This.Get_E];[This.Getderdie] Muntere;;el Alegre;;;;;;;;;x
nick_the_jovial;the Jovial;[This.GetLeLa] Jovial[This.Get_E];[This.Getderdie] Heitere;;el Jovial;;;;;;;;;x
nick_the_just;the Just;[This.GetLeLa] Juste;[This.Getderdie] Gerechte;;El Justo;;;;;;;;;x
nick_the_kind;the Kind;[This.GetLeLa] Débonnaire;[This.Getderdie] Gütige;;El Amable;;;;;;;;;x
nick_the_kind_hearted;the Kind-Hearted;[This.GetLeLa] bienveillant[This.Get_E];[This.Getderdie] Gutherzige;;[This.GetElLa] Bondados[This.GetOA];;;;;;;;;x
nick_the_kingslayer;the [Root.GetTitle]slayer;[Root.GetLeLa] Régicide;[This.Getderdie] Königsmörder[This.GetinFemale];;Mata[Root.GetTitle];;;;;;;;;x
nick_the_knight_of_turnips;the Knight of Turnips;le Chevalier du Navet;Ritter[This.GetinFemale] der Rüben;;el Caballero de los Nabos;;;;;;;;;x
nick_the_knuckle_slammer;Knuckle-Slammer;[This.GetLeLa] Briseu[This.GetRSe] d'articulations;Knochen-Schlager;;Machacanudillos;;;;;;;;x
nick_the_lackland;Lackland;Sans-Terre;[This.Getderdie] Landlose;;Sin Tierra;;;;;;;;;x
nick_the_ladder_legs;Ladder Legs;Grandes jambes;das Leiterbein;;Patas de escalera;;;;;;;;;x
nick_the_lame;the Lame;[This.GetLeLa] Boiteu[This.GetXSe];[This.Getderdie] Lahme;;El Lisiado;;;;;;;;;x
nick_the_lawgiver;the Lawgiver;[This.GetLeLa] Législat[This.GetEurRice];[This.Getderdie] Gesetzgeber[This.GetinFemale];;El Legislador;;;;;;;;;x
nick_the_lecher;the Lecher;le Débauché;der Lüstling;;el Libidinoso;;;;;;;;;x
nick_the_leechlord;the [This.GetLeechRank];la Sangsue;[This.Getderdie] [This.GetLeechRank];;[This.GetElLa] [This.GetLeechRank];;;;;;;;;x
nick_the_legendary;the Legendary;la Légende;[This.Getderdie] Legendäre;;el Legendario;;;;;;;;;x
nick_the_leper;the Leper;[This.GetLeLa] Lépreu[This.GetXSe];[This.Getderdie] Aussätzige;; el Leproso;;;;;;;;;x
nick_the_lewd;the Lewd;le Lubrique;[This.Getderdie] Liederliche;;el Lascivo;;;;;;;;;x
nick_the_liar;the Liar;[This.GetLeLa] menteu[This.GetRSe];[This.Getderdie] Lügner[This.GetinFemale];;[This.GetElLa] Mentiros[This.GetOA];;;;;;;;x
nick_the_liberator;the Liberator;[This.GetLeLa] Libérat[This.GetEurRice];[This.Getderdie] Befreier[This.GetinFemale];;El Libertador;;;;;;;;;x
nick_the_lion;the Lion;[This.GetLeLa] Lio[This.GetNNne];der Löwe;;El León;;;;;;;;;x
nick_the_lioness;the Lioness;la Lionne;die Löwin;;la Leona;;;;;;;;;x
nick_the_lionheart;the Lionheart;Coeur de Lion;Löwenherz;;El Corazón de León;;;;;;;;;x
nick_the_lisp_and_lame;the Lisp and Lame;[This.GetLeLa] Bègue boiteu[This.GetXSe];[This.Getderdie] Lispelnde und Lahme;;el Tartamudo y Cojo;;;;;;;;;x
nick_the_little_crow;the Little Crow;[This.GetLeLa] Petit[This.Get_E] Chapardeu[This.GetRSe];die kleine Krähe;;[This.GetElLa] Cuervecill[This.GetOA];;;;;;;;x
nick_the_little_nightmare;the Little Nightmare;le Petit Cauchemar;der kleine Alptraum;;la Pequeña pesadilla;;;;;;;;x
nick_the_little_spider;the Little Spider;la Petite Araignée;die kleine Spinne;;la Arañita;;;;;;;;x
nick_the_lord_of_realm;the [Root.GetLordLady] of [Root.PrimaryTitle.GetName];[Root.GetLeLa] [Root.GetLordLady] [Root.PrimaryTitle.Get_du_Realm];[This.Getderdie] [Root.GetLordLady] von [Root.PrimaryTitle.GetName];;[Root.GetElLa] [Root.GetLordLady] de [Root.PrimaryTitle.GetName];;;;;;;;;x
nick_the_loyal;the Loyal;[This.GetLeLa] Loyal[This.Get_E];[This.Getderdie] Loyale;;los Leales;;;;;;;;;x
nick_the_lucky;the Lucky;[This.GetLeLa] Fortuné[This.Get_E];[This.Getderdie] Glückliche;;El Afortunado;;;;;;;;;x
nick_the_mad;the Mad;[This.GetLeLa] F[This.GetOuOlle];[This.Getderdie] Wahnsinnige;;El Loco;;;;;;;;;x
nick_the_magnanimous;the Magnanimous;[This.GetLeLa] Magnanime;[This.Getderdie] Großmütige;;El Magnánimo;;;;;;;;;x
nick_the_magnificent;the Magnificent;[This.GetLeLa] Magnifique;[This.Getderdie] Prächtige;;El Magnífico;;;;;;;;;x
nick_the_maid;the Maid;la Pucelle;die Jungfrau;;La Doncella;;;;;;;;;x
nick_the_maid_of_virgin;the Virgin's Maid;la Servante de la vierge;die Zofe der Jungfrau;;[This.GetElLa] Servidor[This.GetXA] de la Virgen;;;;;;;;x
nick_the_martyr;the Martyr;[This.GetLeLa] Martyr[This.Get_E];[This.Getderdie] Märtyrer[This.GetinFemale];;El Mártir;;;;;;;;;x
nick_the_master_of_hungary;the Master of Hungary;le Maître de Hongrie;[This.Getderdie] Meister[This.GetinFemale] von Ungarn;;El Señor de Hungría;;;;;;;;;x
nick_the_mead_master;the Mead Master;Maître de l'Hydromel;[This.Getderdie] Met-Meister[This.GetinFemale];;Maestr[This.GetOA] del aguamiel;;;;;;;;x
nick_the_merciful;the Merciful;[This.GetLeLa] Miséricordieu[This.GetXSe];[This.Getderdie] Barmherzige;;[This.GetElLa] Misericordios[This.GetOA];;;;;x
nick_the_merciless;the Merciless;l'Impitoyable;[This.Getderdie] Erbarmungslose;;[This.GetElLa] Despiadad[This.GetOA];;;;;;;;x
nick_the_merry;the Merry;[This.GetLeLa] Joyeu[This.GetXSe];[This.Getderdie] Fröhliche;;El Jovial;;;;;;;;;x
nick_the_messenger_of_christ;the Messenger of Christ;[This.GetLeLa] Messag[This.GetErEre] du Christ;[This.Getderdie] [This.GetBoteBotin] Christi;;[This.GetElLa] Mensajer[This.GetOA] de Cristo;;;;;;;;x
nick_the_messy;the Messy;[This.GetLeLa] Désorganisé[This.Get_E];[This.Getderdie] Unordentliche;;[This.GetElLa] Desorganizad[This.GetOA];;;;;;;;x
nick_the_milkdrinker;the Milkdrinker;[This.GetLeLa] Faiblard[This.Get_E];[This.Getderdie] Milchtrinker[This.GetinFemale];;Bebeleche;;;;;;;;x
nick_the_miracle_worker;the Miracle-Worker;[This.GetLeLa] Faiseu[This.GetRSe] de Miracle;[This.Getderdie] Wundertäter[This.GetinFemale];;[This.GetElLa] Trabajado[This.GetXA] milagros[This.GetOA];;;;;x
nick_the_missionary;the Missionary;[This.GetLeLa] Missionnaire;[This.Getderdie] Missionar[This.GetinFemale];;[This.GetElLa] Misioner[This.GetOA];;;;;;;;x
nick_the_moaner;the Moaner;[This.GetLeLa] Râleu[This.GetRSe];[This.Getderdie] Nörgler[This.GetinFemale];;[This.GetElLa] Protest[This.GetOnOna];;;;;;;;x
nick_the_monk;the Monk;le Moine;der Mönch;;El Monje;;;;;;;;;x
nick_the_monster;the Monster;le Monstre;das Monster;;[This.GetElLa] Monstruo;;;;;;;;;x
nick_the_mule;the Mule;la Mule;der Esel;;la Mula;;;;;;;;;x
nick_the_munificent;the Munificent;[This.GetLeLa] Munificent[This.Get_E];[This.Getderdie] Großartige;;[This.GetElLa] Munificente;;;;;;;;x
nick_the_mutilator;the Mutilator;[This.GetLeLa] Mutilat[This.GetEurRice];[This.Getderdie] Verstümmler[This.GetinFemale];;[This.GetElLa] Mutilador[This.GetXA];;;;;;;;;x
nick_the_myrrh_streaming;the Myrrh-Streaming;Odeur de Myrrhe;[This.Getderdie] Gottesmutter der Pforte;;[This.GetElLa] Exudamirra;;;;;x
nick_the_mythological_creature;the [GetRandomMythologicalCreature];[GetRandomMythologicalCreature];[GetRandomMythologicalCreatureDE];;el [GetRandomMythologicalCreature];;;;;;;;;x
nick_the_noble;the Noble;[This.GetLeLa] Noble;[This.Getderdie] Edle;;El Noble;;;;;;;;;x
nick_the_nun;the Nun;la Nonne;die Nonne;;la Monja;;;;;;;;;x
nick_the_oakskin;Oakskin;Peau Rugueuse;die Eichenhaut;;Piel de roble;;;;;;;;x
nick_the_old;the Old;l'Ancie[This.GetNNne];[This.Getderdie] Alte;;El Anciano;;;;;;;;;x
nick_the_oppressor;the Oppressor;l'Oppresseur;[This.Getderdie] Unterdrücker[This.GetinFemale];;[This.GetElLa] Opresor[This.GetXA];;;;;;;;;x
nick_the_page_of_lord;the Page of Our Lord;le Page de Notre Seigneur;der Page unseres Herrn;;[This.GetElLa] Paje de Nuestro Señor;;;;;;;;x
nick_the_pale_prince;the Pale Prince;le Prince Pâle;[This.Getderdie] blasse Prinz[This.GetinFemale];;[This.GetElLa] Infant[This.GetEA] pálid[This.GetOA];;;;;;;;;x
nick_the_pale_spider;the Pale Spider;l'Araignée;die blasse Spinne;;la Araña pálida;;;;;;;;x
nick_the_patron_of_arts;the Patron of Arts;[This.GetLeLa] Patro[This.GetNNne] des Arts;[This.Getderdie] Patron[This.GetinFemale] der Künste;;[This.GetElLa] Mecenas de las artes;;;;;;;;x
nick_the_peace_maker;the Peace-Maker;[This.GetLeLa] Pacificat[This.GetEurRice];[This.Getderdie] Friedensstifter[This.GetinFemale];;[This.GetElLa] Pacificador[This.GetXA];;;;;;;;x
nick_the_peaceable;the Peaceable;[This.GetLeLa] Pacifique;[This.Getderdie] Friedfertige;;El Pacífico;;;;;;;;;x
nick_the_peacock;the Peacock;le Paon;der Pfau;;el Pavo real;;;;;;;;;x
nick_the_persevering;the Persevering;[This.GetLeLa] Persévérant[This.Get_E];[This.Getderdie] Beharrliche;;[This.GetElLa] Perseverante;;;;;;;;;x
nick_the_pest;the Pest;l'Enquiquineu[This.GetRSe];die Pest;;la Lapa;;;;;;;;x
nick_the_philosopher;the Philosopher;[This.GetLeLa] philosophe;[This.Getderdie] Philosoph[This.GetinFemale];;[This.GetElLa] Filósof[This.GetOA];;;;;;;;x
nick_the_piglet;the Piglet;le Porcelet;das Ferkel;;[This.GetElLa] Lech[This.GetOnOna];;;;;;;;x
nick_the_pilgrim;the Pilgrim;[This.GetLeLa] Pèlerin[This.Get_E];[This.Getderdie] Pilger[This.GetinFemale];;el Peregrino;;;;;;;;;x
nick_the_pious;the Pious;[This.GetLeLa] Pieu[This.GetXSe];[This.Getderdie] Fromme;;El Piadoso;;;;;;;;;x
nick_the_plaguebearer;the Plaguebearer;[This.GetLeLa] Pestiféré[This.Get_E];[This.Getderdie] Seuchenbringer[This.GetinFemale];;[This.GetElLa] Portador[This.GetXA] de la Peste;;;;;;;;;x
nick_the_poison_tooth;Poison-Tooth;Dent de poison;der Giftzahn;;Diente ponzoñoso;;;;;;;;x
nick_the_prophet;the Prophet;le Prophète;[This.Getderdie] Prophet[This.GetinFemale];;[This.GetElLa] Profeta;;;;;x
nick_the_proselytizer;the Proselytizer;[This.GetLeLa] Prosélyte;[This.Getderdie] Bekehrer[This.GetinFemale];;[This.GetElLa] Proselitista;;;;;;;;x
nick_the_protector;the Protector;[This.GetLeLa] Protect[This.GetEurRice];[This.Getderdie] Beschützer[This.GetinFemale];;[This.GetElLa] Protector[This.GetXA];;;;;x
nick_the_proud;the Proud;[This.GetLeLa] Fi[This.GetErEre];[This.Getderdie] Stolze;;El Orgulloso;;;;;;;;;x
nick_the_prudent;the Prudent;[This.GetLeLa] Prudent[This.Get_E];[This.Getderdie] Kluge;;El Prudente;;;;;;;;;x
nick_the_pups_gut;the Pups' Gut;Petit Estomac;der Welpenmagen;;Pocastripas;;;;;;;;x
nick_the_pure;the Pure;[This.GetLeLa] Pur[This.GetNNne];[This.Getderdie] Reine;;[This.GetElLa] Pur[This.GetOA];;;;;;;;x
nick_the_purified;the Purified;[This.GetLeLa] Purifié[This.Get_E];[This.Getderdie] Gereinigte;;[This.GetElLa] Purificad[This.GetOA];;;;;;;;x
nick_the_purifier;the Purifier;l'Épurat[This.GetEurRice];der Läuterer;;el Purificador;;;;;;;;;x
nick_the_quarreller;the Quarreller;[This.GetLeLa] Querelleu[This.GetRSe];[This.Getderdie] Zänkische;;El Peleón;;;;;;;;;x
nick_the_quick_fingers;Quick-Fingers;Doigts Agiles;Schnellfinger;;Dedos rápidos;;;;;;;;x
nick_the_quick_foot;Quickfoot;Aux Pas Rapides;Schnellfuß;;Pies ligeros;;;;;;;;x
nick_the_radiant;the Radiant;[This.GetLeLa] Radieu[This.GetXSe];[This.Getderdie] Strahlende;;[This.GetElLa] Radiante;;;;;;;;x
nick_the_rash;the Rash;l'Imprudent;[This.Getderdie] Vorschnelle;;la Erupción;;;;;;;;;x
nick_the_recluse;the Recluse;[This.GetLeLa] reclus[This.Get_E];[This.Getderdie] Einsiedler[This.GetinFemale];;[This.GetElLa] Reclus[This.GetOA];;;;;;;;x
nick_the_red;the Red;le Rouge;[This.Getderdie] Rote;;el Rojo;;;;;;;;;x
nick_the_red_cheeks;Red-cheeks;Joues rouges;das Rotbäckchen;;Mejillas rojas;;;;;;;;x
nick_the_red_gladiator;the Red Gladiator;le Gladiateur Rouge;[This.Getderdie] rote Gladiator[This.GetinFemale];;el Gladiador Rojo;;;;;;;;x
nick_the_red_gladiatrix;the Red Gladiatrix;la Gladiatrice Rouge;[This.Getderdie] rote Gladiator[This.GetinFemale];;la Gladiadora Roja;;;;;;;;x
nick_the_red_storm;the Red Storm;Tempête de Sang;der rote Sturm;;la Tormenta roja;;;;;;;;x
nick_the_rel_group;the [Root.Religion.GetGroupName];[Root.GetLeLa] [Root.GetReligiousGroupMascFem];[This.Getderdie] [Root.Religion.GetGroupName]e;;la [Root.Religion.GetGroupName];;;;;;;;;x
nick_the_repulsive;the Repulsive;[This.GetLeLa] Repoussant[This.Get_E];[This.Getderdie] Abstoßende;;[This.GetElLa] Repugnante;;;;;;;;;x
nick_the_resilient;the Resilient;[This.GetLeLa] Coriace;[This.Getderdie] Unverwüstliche;;¡Cumple los requisitos previos para construir un §YHospital§!;;;;;;;;;x
nick_the_restorer;the Restorer;[This.GetLeLa] Restaurat[This.GetEurRice];[This.Getderdie] Restaurator[This.GetinFemale];;El Restaurador;;;;;;;;;x
nick_the_right_believing;the Right-Believing;[This.GetLeLa] Vrai[This.Get_E] Croyant[This.Get_E];[This.Getderdie] Rechtschaffende;;[This.GetElLa] Creyente just[This.GetOA];;;;;x
nick_the_righteous;the Righteous;[This.GetLeLa] Vertueu[This.GetXSe];[This.Getderdie] Gerechte;;[This.GetElLa] Just[This.GetOA];;;;;x
nick_the_ripper;the Reaper;[This.GetLeLa] Faucheu[This.GetRSe];[This.Getderdie] Reißer[This.GetinFemale];;[This.GetElLa] Segador[This.GetXA];;;;;;;;x
nick_the_roaring_flame;the Roaring Flame;le Feu ardent;die tosende Flamme;;la Llama ardiente;;;;;x
nick_the_rough_hair;Roughhair;Hirsute;Rauhaar;;[This.GetElLa] Pelos;;;;;;;;x
nick_the_ruthless;the Ruthless;l'Impitoyable;[This.Getderdie] Unbarmherzige;;el Despiadado;;;;;;;;;x
nick_the_saint;the Saint;[This.GetLeLa] Saint[This.Get_E];[This.Getderdie] Heilige;;el Santo;;;;;;;;;x
nick_the_salt_snake;the Salt-Snake;le Serpent des mers;die Salzschlange;;la Serpiente salina;;;;;;;;x
nick_the_salt_viper;the Salt-Viper;la Vipère salée;die Salzviper;;la Víbora salina;;;;;;;;x
nick_the_saoshyant;the Saoshyant;le Saoshyant;der Saoschjant;;El Saoshyant;;;;;;;;;x
nick_the_scarlet_eagle;the Scarlet Eagle;l'Aigle Écarlate;[This.Getderdie] scharlachrote Adler[This.GetinFemale];;el Águila escarlata;;;;;;;;x
nick_the_scarlet_hands;Scarlet-Hands;Mains Écarlates;die scharlachrote Hand;;Manos escarlata;;;;;;;;x
nick_the_scarlet_painter;the Scarlet Painter;le peintre écarlate;[This.Getderdie] scharlachrote Maler[This.GetinFemale];;[This.GetElLa] Pintor[This.GetXA] escarlata;;;;;;;;x
nick_the_scholar;the Scholar;l'Érudit[This.Get_E];[This.Getderdie] Gelehrte;;el Erudito;;;;;;;;;x
nick_the_scourge;the Scourge;le Fléau;die Geißel;;[This.GetElLa] Azote;;;;;x
nick_the_scourge_of;the Scourge of [Root.Liege.PrimaryTitle.GetName];le Fléau [Root.Liege.PrimaryTitle.Get_du_Realm];die Geißel von [Root.Liege.PrimaryTitle.GetName];;el azote de [Root.Liege.PrimaryTitle.GetName];;;;;;;;;x
nick_the_scourge_of_god;the Scourge of [nickname_target.Religion.GetHighGodName];le Fléau [nickname_target.Get_du_HighGod];die Geißel von [nickname_target.Religion.GetHighGodName];;[This.GetElLa] Azote de [nickname_target.Religion.GetHighGodName];;;;;;;;;x
nick_the_sea_devil;the Sea-Devil;le Démon des mers;der Teufel der See;;el Diablo marino;;;;;;;;;x
nick_the_seducer;the Seducer;le Séducteur;der Verführer;;el Seductor;;;;;;;;;x
nick_the_shadow;the Shadow;l'Ombre;der Schatten;;la Sombra;;;;;;;;;x
nick_the_sharp_teeth;Sharp-teeth;Dents Aiguisées;Scharfzahn;;Dientes afilados;;;;;;;;x
nick_the_sharp_tongue;Sharp Tongue;Langue de vipère;die Scharfzunge;;Lengua afilada;;;;;;;;x
nick_the_shield_of_capital;Shield of [nick_target_the_shield_of_capital.Capital.GetName];Bouclier de [nick_target_the_shield_of_capital.Capital.GetName];das Schild von [nick_target_the_shield_of_capital.Capital.GetName];;Escudo de [nick_target_the_shield_of_capital.Capital.GetName];;;;;x
nick_the_shieldmaiden;the Shieldmaiden;la Skjaldmö;die Schildmaid;;la Doncella escudera;;;;;;;;;x
nick_the_short_tempered;the Short-tempered;l'Irascible;[This.Getderdie] Unbeherrschte;;[This.GetElLa] Irritable;;;;;;;;x
nick_the_shrewd;the Shrewd;l'Astucieu[This.GetXSe];[This.Getderdie] Kluge;;el sagaz;;;;;;;;;x
nick_the_shrinking_violet;the Shrinking Violet;[This.GetLeLa] Timide;das Mauerblümchen;;[This.GetElLa] Vergonzos[This.GetOA];;;;;;;;x
nick_the_silent;the Silent;[This.GetLeLa] Taciturne;[This.Getderdie] Schweiger[This.GetinFemale];;El Silencioso;;;;;;;;;x
nick_the_silver_tongue;Silvertongue;[This.GetLeLa] Conteu[This.GetRSe];die Silberzunge;;Lengua de plata;;;;;;;;x
nick_the_simple;the Simple;[This.GetLeLa] Simple;[This.Getderdie] Törichte;;El Simple;;;;;;;;;x
nick_the_singing_crow;the Singing Crow;Chant de Corbeau;die singende Krähe;;Cuervo cantarín;;;;;;;;x
nick_the_siren;the Siren;la Sirène;die Sirene;;la Sirena;;;;;;;;x
nick_the_skull_crusher;the Skull-Crusher;[This.GetLeLa] Broyeu[This.GetRSe] de Crâne;[This.Getderdie] Schädelbrecher[This.GetinFemale];;[This.GetElLa] Trituracráneos;;;;;;;;x
nick_the_sky_rider;the Sky Rider;[This.GetLeLa] Chevaucheu[This.GetRSe] du Ciel;[This.Getderdie] Himmelsreiter[This.GetinFemale];;[This.GetElLa] Jinete del cielo;;;;;;;;x
nick_the_slaughterer;the Slaughterer;[This.GetLeLa] Massacreu[This.GetRSe];[This.Getderdie] Schlächter[This.GetinFemale];;[This.GetElLa] Matarife;;;;;;;;x
nick_the_slayer_of_culture;Slayer of the [nickname_target.Culture.GetName];[This.GetLeLa] Faucheu[This.GetRSe] d'âmes [nickname_target.Culture.GetName]s;[This.Getderdie] Schlächter[This.GetinFemale] der [nickname_target.Culture.GetName]en;;[This.GetElLa] Mata[nickname_target.Culture.GetName];;;;;;;;;x
nick_the_sleepy;the Sleepy;l'Endormi[This.Get_E];[This.Getderdie] Schläfrige;;[This.GetElLa] Lir[This.GetOnOna];;;;;;;;x
nick_the_snake;the Snake;le Serpent;die Schlange;;la Serpiente;;;;;;;;;x
nick_the_snakeling;the Snakeling;[This.GetLeLa] Petit[This.Get_E] Rusé[This.Get_E];der Schlangling;;la Serpientilla;;;;;;;;x
nick_the_soul_flayer;the Soulflayer;l'Écorcheu[This.GetRSe] d'âmes;[This.Getderdie] Seelenschinder[This.GetinFemale];;[This.GetElLa] Despellejaalmas;;;;;;;;x
nick_the_spare;the Spare;[This.GetLeLa] Remplaçable;[This.Getderdie] Überflüssige;;[This.GetElLa] Reemplazable;;;;;;;;x
nick_the_spark_of_god;the Spark of [Root.Religion.GetHighGodName];la Lueur [Root.Get_du_HighGod];[This.Getderdie] [Root.Religion.GetHighGodName]funke;;la Chispa de [Root.Religion.GetHighGodName];;;;;x
nick_the_spider;the Spider;l'Araignée;die Spinne;;la Araña;;;;;;;;;x
nick_the_spirit_stalker;the Spirit-stalker;l'Esprit harceleur;[This.Getderdie] Geisterjäger[This.GetinFemale];;[This.GetElLa] Acosaespíritus;;;;;;;;x
nick_the_splinter;the Splinter;[This.GetLeLa] Trébucheu[This.GetRSe];der Splitter;;Tropezones;;;;;;;;x
nick_the_squealer;the Squealer;[This.GetLeLa] Crieu[This.GetRSe];[This.Getderdie] Verräter[This.GetinFemale];;Chillante;;;;;;;;x
nick_the_squirmy;the Squirmy;l'Entortillé[This.Get_E];[This.Getderdie] Eklige;;[This.GetElLa] Retorcid[This.GetOA];;;;;;;;x
nick_the_stallion;the Stallion;l'Étalon;der Hengst;;el Semental;;;;;;;;x
nick_the_stammerer;the Stammerer;[This.GetLeLa] Bègue;der Stotterer;;el Tartamudo;;;;;;;;;x
nick_the_star_weaver;the Starweaver;[This.GetLeLa] Grand[This.Get_E] Tisserand[This.Get_E];[This.Getderdie] Sternenweber[This.GetinFemale];;[This.GetElLa] Tejedor[This.GetXA] de estrellas;;;;;;;;x
nick_the_stormforged;the Stormforged;Forgé[This.Get_E] par la Tempête;[This.Getderdie] Sturmgeschmiedete;;la Forjada en la tormenta;;;;;;;;x
nick_the_strange;the Strange;l'Inconnu[This.Get_E];[This.Getderdie] Merkwürdige;;el Extraño;;;;;;;;;x
nick_the_stranger;the Stranger;l'Étrang[This.GetErEre];[This.Getderdie] Fremde;;el Extranjero;;;;;;;;;x
nick_the_strong;the Strong;[This.GetLeLa] Fort[This.Get_E];[This.Getderdie] Starke;;El Fuerte;;;;;;;;;x
nick_the_strongarm;Strongarm;Bras fort;Starkarm;;Brazofuerte;;;;;;;;x
nick_the_strongest_of_location;the Strongest of [Root.Location.GetName];[This.GetLeLa] plus fort[This.Get_E] de [Root.Location.GetName];[This.Getderdie] Stärkste von [Root.Location.GetName];;[This.GetElLa] Más fuerte de [Root.Location.GetName];;;;;;;;x
nick_the_submissive;the Submissive;[This.GetLeLa] Soumis[This.Get_E];[This.Getderdie] Unterwürfige;;[This.GetElLa] Sumis[This.GetOA];;;;;;;;x
nick_the_survivor;the Survivor;[This.GetLeLa] Survivant[This.Get_E];[This.Getderdie] Überlebende;;el Superviviente;;;;;;;;;x
nick_the_sword_of_god;the Sword of [Root.Religion.GetRandomGodName];l'Épée [Root.Get_du_HighGod];das Schwert [Root.Religion.GetRandomGodName]s;;La Espada de [Root.Religion.GetRandomGodName];;;;;;;;;x
nick_the_tamer;the Tamer;[This.GetLeLa] Dompteu[This.GetRSe];[This.Getderdie] Zähmer[This.GetinFemale];;[This.GetElLa] Domador[This.GetXA];;;;;;;;x
nick_the_tempest_of_capital;the Tempest of [Root.Capital.GetName];la Tempête de [Root.Capital.GetName];der Sturmwind von [Root.Capital.GetName];;la Tormenta de [Root.Capital.GetName];;;;;;;;x
nick_the_temptress;the Temptress;la Tentatrice;die Versucherin;;la Tentadora;;;;;;;;;x
nick_the_tenacious;the Tenacious;[This.GetLeLa] Tenace;[This.Getderdie] Störrische;;[This.GetElLa] Tenaz;;;;;;;;;x
nick_the_terrain_commander;the [battlefield_location.GetTerrainCap] Commander;[This.GetLeLa] Commandant[This.Get_E] [battlefield_location.GetTerrainCap];[This.Getderdie] [battlefield_location.GetTerrainCap]-Kommandant[This.GetinFemale];;[This.GetElLa] Comandante del [battlefield_location.GetTerrain];;;;;;;;;x
nick_the_terrible;the Terrible;[This.GetLeLa] Terrible;[This.Getderdie] Schreckliche;;El Terrible;;;;;;;;;x
nick_the_terror_of_provincename;the Terror of [nickname_target.GetName];la Terreur de [nickname_target.GetName];der Schrecken von [nickname_target.GetName];;[This.GetElLa] terror de [nickname_target.GetName];;;;;;;;;x
nick_the_theologian;the Theologian;[This.GetLeLa] théologie[This.GetNNne];[This.Getderdie] Theolog[This.GetinFemale][This.GeteMale];;[This.GetElLa] Teólog[This.GetOA];;;;;;;;x
nick_the_thigh_biter;the Thighbiter;le Vainqueur;[This.Getderdie] Schenkelbeißer[This.GetinFemale];;[This.GetElLa] Vencedor[This.GetXA];;;;;;;;x
nick_the_thin_minded;the Thin-Minded;l'Esprit Faible;[This.Getderdie] Engstirnige;;Mentecerrada;;;;;;;;x
nick_the_tiger;the Tiger;[This.GetLeLa] Tigr[This.GetEEsse];[This.Getderdie] Tiger[This.GetinFemale];;el Tigre;;;;;;;;;x
nick_the_toothless;the Toothless;l'Insuffisant[This.Get_E];[This.Getderdie] Zahnlose;;Sin garra;;;;;;;;x
nick_the_toothless_wolf;the Toothless Wolf;Loup Sans Dents;der zahnlose Wolf;;[This.GetElLa] Lob[This.GetOA] desdentad[This.GetOA];;;;;;;;x
nick_the_tormentor;the Tormentor;le Bourreau;[This.Getderdie] Peiniger[This.GetinFemale];;[This.GetElLa] Torturador[This.GetXA];;;;;;;;;x
nick_the_tower;the Tower;la Tour;[This.Getderdie] [This.GetTurmMauer];;la Torre;;;;;;;;;x
nick_the_trader;the Trader;[This.GetLeLa] Marchand[This.Get_E];[This.Getderdie] Händler[This.GetinFemale];;el Comerciante;;;;;;;;;x
nick_the_traitor;the Traitor;[This.GetLeLa] Traîtr[This.GetEEsse];[This.Getderdie] Verräter[This.GetinFemale];;[This.GetElLa] Traidor[This.GetXA];;;;;;;;;x
nick_the_trickster;the Trickster;l'Astucieu[This.GetXSe];[This.Getderdie] Trickser[This.GetinFemale];;[This.GetElLa] Embaucador[This.GetXA];;;;;;;;x
nick_the_troubadour;the Troubadour;le Troubadour;[This.Getderdie] Sänger[This.GetinFemale];;El Trovador;;;;;;;;;x
nick_the_twitchy;the Twitchy;[This.GetLeLa] Nerveu[This.GetXSe];[This.Getderdie] Reizbare;;[This.GetElLa] Nervios;;;;;;;;x
nick_the_tyrant;the Tyrant;[This.GetLeLa] Tyra[This.GetNNne];[This.Getderdie] Tyrann[This.GetinFemale];;[This.GetElLa] Tiran[This.GetOA];;;;;;;;;x
nick_the_unchaste;the Unchaste;l'Impudique;[This.Getderdie] Unkeusche;;el Impúdico;;;;;;;;;x
nick_the_undefeated;the Undefeated;l'Invaincu[This.Get_E];[This.Getderdie] Unbesiegte;;[This.GetElLa] Invict[This.GetOA];;;;;;;;x
nick_the_underdog;the Underdog;[This.GetLeLa] Perdant[This.Get_E];[This.Getderdie] Außenseiter[This.GetinFemale];;[This.GetElLa] Desamparad[This.GetOA];;;;;;;;;x
nick_the_understanding;the Understanding;[This.GetLeLa] Compréhensi[This.GetFVe];[This.Getderdie] Verständnisvolle;;[This.GetElLa] Comprensiv[This.GetOA];;;;;x
nick_the_undying;the Undying;l'Éterne[This.GetLLle];[This.Getderdie] Unsterbliche;;[This.GetElLa] Etern[This.GetOA];;;;;;;;;x
nick_the_unfaithful;the Unfaithful;l'Adultère;[This.Getderdie] Treulose;;el Infiel;;;;;;;;;x
nick_the_unlucky;the Unlucky;[This.GetLeLa] Malchanceu[This.GetXSe];[This.Getderdie] Glücklose;;El Desafortunado;;;;;;;;;x
nick_the_unmercenary_healer;the Unmercenary Healer;[This.GetLeLa] Guérisseu[This.GetRSe] intègre;[This.Getderdie] unerbittliche Heiler[This.GetinFemale];;el Anárgiro;;;;;x
nick_the_unready;the Unready;[This.GetLeLa] Novice;[This.Getderdie] Unfertige;;El Novato;;;;;;;;;x
nick_the_unwilling;the Unwilling;[This.GetLeLa] Couard[This.Get_E];[This.Getderdie] Unwillige;;El Flojo;;;;;;;;;x
nick_the_usurper;the Usurper;l'Usurpat[This.GetEurRice];[This.Getderdie] Thronräuber[This.GetinFemale];;El Usurpador;;;;;;;;;x
nick_the_vain;the Vain;[This.GetLeLa] Vaniteu[This.GetXSe];[This.Getderdie] Nutzlose;;[This.GetElLa] Van[This.GetOA];;;;;;;;x
nick_the_valkyrie;the Valkyrie;la Valkyrie;die Walküre;;la Valquiria;;;;;;;;;x
nick_the_vatican_prince;the Vatican Prince;le Prince du Vatican;der Vatikanprinz;;el Príncipe vaticano;;;;;;;;;x
nick_the_vatican_princess;the Vatican Princess;la Princesse du Vatican;die Vatikanprinzessin;;la Princesa vaticana;;;;;;;;;x
nick_the_venerable;the Venerable;[This.GetLeLa] Vénérable;[This.Getderdie] Ehrwürdige;;[This.GetElLa] Venerable;;;;;x
nick_the_vengeful;the Vengeful;[This.GetLeLa] Veng[This.GetEurEresse];[This.Getderdie] Rachsüchtige;;[This.GetElLa] Vengativ[This.GetOA];;;;;;;;;x
nick_the_victorious;the Victorious;[This.GetLeLa] Victorieu[This.GetXSe];[This.Getderdie] Siegreiche;;El Victorioso;;;;;;;;;x
nick_the_viking;the Viking;[This.GetLeLa] Viking;[This.Getderdie] Wikinger[This.GetinFemale];;el Vikingo;;;;;;;;;x
nick_the_virago;the Virago;la Virago;das Mannsweib;;[This.GetElLa] Virago;;;;;;;;x
nick_the_vixen;the Vixen;la Mégère;der Drache;;la Zorra;;;;;;;;x
nick_the_waking_teacher;the Waking-Teacher;l'Enseignant[This.Get_E] Éveillé[This.Get_E];[This.Getderdie] wandernde Lehrer[This.GetinFemale];;[This.GetElLa] Maestr[This.GetOA] de amaneceres;;;;;;;;x
nick_the_wall_of_title;the Wall of [Root.PrimaryTitle.GetName];le Mur [Root.PrimaryTitle.Get_du_Realm];die Mauer von [Root.PrimaryTitle.GetName];;el Muro de [Root.PrimaryTitle.GetName];;;;;;;;;x
nick_the_warlike;the Warlike;[This.GetLeLa] Belliqueu[This.GetXSe];[This.Getderdie] Streitbare;;El Belicoso;;;;;;;;;x
nick_the_warrior_child;the Warrior Child;l'Enfant Guerri[This.GetErEre];das Kriegerkind;;[This.GetElLa] Niñ[This.GetOA] guerrer[This.GetOA];;;;;;;;x
nick_the_warrior_philosopher;the Warrior Philosopher;[This.GetLeLa] philosophe guerri[This.GetErEre];[This.Getderdie] Kriegsphilosoph[This.GetinFemale];;[This.GetElLa] Filósof[This.GetOA] guerrer[This.GetOA];;;;;;;;x
nick_the_weak;the Weak;[This.GetLeLa] Faible;[This.Getderdie] Weichliche;;[This.GetElLa] Débil;;;;;;;;;x
nick_the_wealthy;the Wealthy;[This.GetLeLa] Fortuné[This.Get_E];[This.Getderdie] Wohlhabende;;[This.GetElLa] Ric[This.GetOA];;;;;;;;;x
nick_the_weaponsmith;the Weaponsmith;[This.GetLeLa] Forgero[This.GetNNne];[This.Getderdie] Waffenschmied[This.GetinFemale];;el Armero;;;;;;;;;x
nick_the_whiner;the Whiner;[This.GetLeLa] Pleurnicheu[This.GetRSe];[This.Getderdie] Quengler[This.GetinFemale];;[This.GetElLa] Quejica;;;;;;;;x
nick_the_whirling_spell;Whirling-Spell;Sort Tourbillonnant;[This.Getderdie] Wirbelzauber[This.GetinFemale];;Torbellino;;;;;;;;x
nick_the_whisperer;the Whisperer;[This.GetLeLa] Chuchoteu[This.GetRSe];der Flüsterer;;el Chismoso;;;;;;;;;x
nick_the_white_knight;the White Knight;le Chevalier Blanc;der Weiße Ritter;;[This.GetElLa] Caballer[This.GetOA] blanco;;;;;;;;x
nick_the_white_raven;the White Raven;le Corbeau Blanc;der weiße Rabe;;el Cuervo Blanco;;;;;;;;x
nick_the_wicked;the Wicked;[This.GetLeLa] Mauvais[This.Get_E];[This.Getderdie] Böse;;El Malvado;;;;;;;;;x
nick_the_wily;the Wily;[This.GetLeLa] Rusé[This.Get_E];[This.Getderdie] Listige;;el Astuto;;;;;;;;;x
nick_the_wise;the Wise;le Sage;[This.Getderdie] Weise;;El Sabio;;;;;;;;;x
nick_the_witch;the [Root.GetWarlockWitch];[Root.GetLeLa] [Root.GetWarlockWitch];[This.Getderdie] [Root.GetWarlockWitch];;[Root.GetWarlockWitch];;;;;;;;;x
nick_the_witch_hunter;the Witch Hunter;[This.GetLeLa] Chasseu[This.GetRSe] de sorcière;[This.Getderdie] Hexenjäger[This.GetinFemale];;[This.GetElLa] Cazador[This.GetXA] de brujas;;;;;;;;;x
nick_the_wolf;the Wolf;le Loup;der Wolf;;el Lobo;;;;;;;;;;x
nick_the_word_master;the Word Master;Maître des Mots;[This.Getderdie] Wortmeister[This.GetinFemale];;Maestr[This.GetOA] de palabras;;;;;;;;x
nick_the_word_slayer;the Word-Slayer;[This.GetLeLa] Jongleu[This.GetRSe] de mots;[This.Getderdie] Weltenvernichter[This.GetinFemale];;[This.GetElLa] Asesin[This.GetOA] de palabras;;;;;;;;x
nick_the_word_thief;the Word-Thief;Voleu[This.GetRSe] de Mots;[This.Getderdie] Wortdieb[This.GetinFemale];;Robapalabras;;;;;;;;x
nick_the_world_burner;the World Burner;[This.GetLeLaCap] Saccageu[This.GetRSe] du monde;[This.Getderdie] Weltenverbrenner[This.GetinFemale];;el Arrasador;;;;;;;;;x
nick_the_wyrm;the Wyrm;[This.GetLeLa] Drago[This.GetNNne] des mers;die Seeschlange;;la Serpiente marina;;;;;;;;x
nick_the_young;the Young;[This.GetLeLa] Jeune;[This.Getderdie] Junge;;El Joven;;;;;;;;;x
nick_the_young_conqueror;the Young Conqueror;[This.GetLeLa] Jeune Conquérant[This.Get_E];[This.Getderdie] junge [This.GetErobererEroberin];;[This.GetElLa] Joven conquistador[This.GetXA];;;;;;;;x
nick_the_young_eagle;the Young Eagle;l'Aiglon;der junge Adler;;[This.GetElLa] Joven águila;;;;;;;;x
nick_the_younger;the Younger;[This.GetLeLa] Jeune;[This.Getderdie] Jüngere;;el Joven;;;;;;;;;x
nick_the_youthful;the Youthful;[This.GetLeLa] Jeune;[This.Getderdie] Jugendhafte;;el Joven;;;;;;;;;x
nick_the_zealot;the Zealot;[This.GetLeLa] Fanatique;[This.Getderdie] Eifrige;;[This.GetElLa] Fanátic[This.GetOA];;;;;;;;x
nick_tiny;Tiny;[This.GetLeLa] tout[This.Get_E] petit[This.Get_E];[This.Getderdie] kleine;;[This.GetElLa] Diminut[This.GetOA];;;;;x
nick_twistedbeard;Twistedbeard;Barbetorte;der Krummbart;;Barba torcida;;;;;;;;;x
nick_warrior_lodge_spirit;[GetWarriorBattleNick];[GetWarriorBattleNick];[GetWarriorBattleNick];;[GetWarriorBattleNick];;;;;;;;;x
nick_whiteshirt;Whiteshirt;Hvitserk;Weißhemd;;Camisablanca;;;;;;;;;x

# Chinese nicknames
beautiful_beard;Beautiful Beard;Belle Barbe;Schöner Bart;;Barba hermosa;;;;;;;;;x
the_big_halberd;the Big Halberd;la Grande Hallebarde;die große Hellebarde;;la Gran alabarda;;;;;;;;;x
the_black_whirlwind;the Black Whirlwind;la Tornade Noire;der Schwarze Wirbelwind;;el Torbellino negro;;;;;;;;;x
the_ferocious_giant;the Ferocious Giant;[This.GetLeLa] Géant[This.Get_E] Féroce;der wilde Riese;;el Gigante feroz;;;;;;;;;x
the_jade_unicorn;the Jade Unicorn;la Licorne de Jade;das Jadeeinhorn;;el Unicornio de jade;;;;;;;;;x
the_panther_head;the Panther Head;la Tête de Panthère;der Kopf des Panthers;;la Cabeza de pantera;;;;;;;;;x
the_prodigy;the Prodigy;le Prodige;das Wunderkind;;el Prodigio;;;;;;;;;x
the_tattooed_monk;the Tattooed Monk;le Moine Tatoué;der tätowierte Mönch;;el Monje tatuado;;;;;;;;;x
the_thunderbolt;the Thunderbolt;le Coup de Tonnerre;der Blitz;;el Rayo;;;;;;;;;x
the_timely_rain;the Timely Rain;la Pluie Opportune;der fröhliche Regen;;la Lluvia oportuna;;;;;;;;;x
the_turbulent_river_dragon;the Turbulent River Dragon;le Dragon du Fleuve impétueux;der stürmische Flussdrache;;el Dragón fluvial turbulento;;;;;;;;;x
the_unrestrained;the Unrestrained;le Sans Limite;der Unbändige;;el Incontrolado;;;;;;;;;x
the_whirlwind;the Whirlwind;la Tornade;der Wirbelwind;;el Torbellino;;;;;;;;;x
the_winged_tiger;the Winged Tiger;le Tigre Ailé;der geflügelte Tiger;;el Tigre alado;;;;;;;;;x
the_wizard;the Wizard;l'Enchant[This.GetEurEresse];der Zauberer;;el Hechicero;;;;;;;;;x