EVTDESC_REP_101;[feuding_patrician.GetTitledName] will soon be hosting a great ball in [feuding_patrician.GetHerHis] family palace, and every patrician family in the republic has been invited - except for yours. Your dynasty's relation with the [feuding_patrician.GetOnlyDynastyName] family has been tense as of late, as you are competing with them in several important markets.\n\nThe decision not to invite [Root.GetOnlyDynastyName] members to the ball can only be seen as a grave insult. As you sit brooding in the chambers of your own palace, you wonder how to tackle this situation. Will you turn up at the ball anyway, pretending there has been some mistake, or will you turn the other cheek and accept this affront to [Root.GetOnlyDynastyName] honor?;[feuding_patrician.Get_Le_TitledName] organisera bientôt un grand bal dans son palais et toutes les familles patriciennes de la République y ont été conviées, excepté la vôtre. Les relations entre votre famille et celle des [feuding_patrician.GetOnlyDynastyName] sont tendues depuis un bon moment car vous êtes en compétition sur plusieurs importants marchés.\n\nLa décision de ne pas inviter à ce bal les membres de [Root.GetOnlyDynastyName] ne peut être comprise que comme une grave insulte. Alors que vous broyez du noir dans les pièces de votre palais, vous vous demandez comment aborder cette situation. Allez-vous vous rendre au bal malgré tout, prétextant une erreur, ou allez-vous rendre l'autre joue et accepter cet affront fait à l'honneur des [Root.GetOnlyDynastyName] ?;[feuding_patrician.GetTitledName] wird bald einen großen Ball in [feuding_patrician.GetHerHis]em Familienpalast veranstalten und jede Patrizierfamilie der Republik wurde eingeladen - mit Ausnahme der Euren. Eure Beziehungen mit der Familie [feuding_patrician.GetOnlyDynastyName] sind angespannt, da Ihr mit ihnen auf einigen wichtigen Märkten konkurriert.\n\nDie Entscheidung, Mitglieder der [Root.GetOnlyDynastyName]-Familie nicht auf den Ball einzuladen, kann nur als Affront angesehen werden. Während Ihr grübelnd in den Kammern Eures eigenen Palastes sitzt, fragt Ihr Euch, wie Ihr mit dieser Situation umgehen sollt. Werdet Ihr auf dem Ball auftauchen, einfach vortäuschend, dass es sich um einen Fehler handeln muss, oder werdet Ihr die andere Wange hinhalten und diesen Affront, zu ehren der Familie [Root.GetOnlyDynastyName], hinnehmen?;;[feuding_patrician.GetTitledName] pronto celebrará un gran baile en su palacio familiar, al cual todas las familias patricias de la república están invitadas -a excepción de la tuya-. La relación de la familia [feuding_patrician.GetOnlyDynastyName] con tu dinastía ha sido tensa últimamente, dado que ambas competís en importantes mercados.\n\nLa decisión de no invitar a los miembros de [Root.GetOnlyDynastyName] al baile no puede considerarse más que como un grave insulto. Te sientas a meditar en las cámaras de tu propio palacio, mientras te preguntas cómo afrontar esta situación. ¿Te presentas en el baile de todos modos, fingiendo que se ha cometido un error, o pones la otra mejilla y admites esta afrenta al honor de [Root.GetOnlyDynastyName]? ;;;;;;;;;x
EVTDESC_REP_102;You show up at the [feuding_patrician.GetOnlyDynastyName] family palace with your entourage, and make your way past the posted guards before they can block your way. Music and laughter can be heard from inside the palace, but it seems to die out the moment you step inside. Hushed whispers are all that can be heard as everyone's eyes seem to focus on you.\n\n"[Root.GetTitledFirstName]!" someone calls out. [feuding_patrician.GetTitledFirstName] emerges from the crowd with a smile on his face. "How kind of you to join us. May I see your invitation?" As you struggle for words, guards surround you and your party. "No invitation? That's a shame." With a small wave from [feuding_patrician.GetFirstName], the guards drag you all outside and throw you down the stairs of the entrance. Lying on your back in the dirt, you see [feuding_patrician.GetFirstName] grinning down at you.;Vous vous présentez au palais de la famille [feuding_patrician.GetOnlyDynastyName] avec votre entourage, vous faufilant entre les gardes avant qu'ils n'aient le temps de vous bloquer l'entrée. La musique et les rires qu'on entendait depuis l'extérieur du palais semblent subitement s'estomper alors que vous y entrez. Tous les regards se braquent sur vous et on n'entend plus que des chuchotements étouffés.\nQuelqu'un crie « [Root.GetTitledFirstName] ! ». [feuding_patrician.Get_Le_TitledFirstName] sort de la foule, le sourire aux lèvres. « Comme c'est aimable de vous joindre à nous. Puis-je voir votre invitation ? ». Alors que vous cherchez vos mots, des gardes vous entourent, vous et votre suite. « Pas d'invitation ? Comme c'est dommage. » D'un geste de la main, [feuding_patrician.GetIlElle] ordonne aux gardes de vous traîner vers l'extérieur et de vous jeter en bas des escaliers. Étendu[Root.Get_E] sur le dos, vous l'apercevez qui vous sourit de toutes ses dents.;Ihr erscheint am Familienpalast von [feuding_patrician.GetOnlyDynastyName] und passiert die Wachen. Musik und Gelächter erklingen aus dem Palast, doch es scheint in dem Moment erloschen, in dem Ihr eintretet. Gedämpftes Flüstern ist das Einzige, was zu hören ist, während sich alle Blicke auf Euch richten.\n\n"[Root.GetTitledFirstName]!", ruft jemand aus. [feuding_patrician.GetTitledFirstName] tritt mit einem Lächeln auf den Lippen aus der Menge. "Wie freundlich von Euch, sich uns anzuschließen. Dürfte ich Eure Einladung sehen?" Während Ihr nach Worten sucht, werdet Ihr und Eure Begleiter von Wachen umzingelt. "Keine Einladung? Das ist Schade." Nach einem Wink von [feuding_patrician.GetFirstName] werdet Ihr von den Wachen nach draußen gezogen und die Treppen zum Eingang hinuntergeworfen. Auf dem Rücken liegend, seht Ihr [feuding_patrician.GetFirstName] auf Euch herabgrinsen.;;"Te presentas en el palacio de la familia [feuding_patrician.GetOnlyDynastyName] con tu séquito y te abres camino entre los guardias apostados antes de que puedan impedirte el paso. Oyes música y risas que provienen del interior del palacio, pero parecen detenerse en cuanto penetras en su interior. Ahora solo se aprecian susurros y todos fijan los ojos en ti.\n\n""¡[Root.GetTitledFirstName]!"" dice alguien en voz alta. [feuding_patrician.GetTitledFirstName] aparece entre la multitud con una amplia sonrisa. ""Qué detalle que os unáis a nosotros. ¿Puedo ver vuestra invitación?"" Los guardias te rodean, al igual que a tus acompañantes, mientras intentas musitar unas palabras. ""¿No tenéis invitación? Qué lastima"". Tras una pequeña señal de [feuding_patrician.GetFirstName], los guardias os sacan a rastras y os empujan por las escaleras de la entrada. Tumbado en el suelo boca arriba, ves a [feuding_patrician.GetFirstName] que te mira y sonríe.";;;;;;;;;x
EVTDESC_REP_104;As a way to get back at the vile [feuding_patrician.GetOnlyDynastyName] family, you could make arrangements to host your own grand ball. Invitations will be sent out to all patrician families, with the exception of the [feuding_patrician.GetOnlyDynastyName] of course.\n\nIf this is to work, your ball will have to be much grander than the one that weasel [feuding_patrician.GetTitledFirstName] threw together. It won't be cheap, but it would restore your prestige and bring shame to those [feuding_patrician.GetOnlyDynastyName] dogs...;Pour rendre la monnaie de sa pièce à la vile famille [feuding_patrician.GetOnlyDynastyName], vous pourriez tenir votre propre grand bal. Des invitations seraient envoyées à toutes les familles patriciennes, à l'exception bien sûr de [feuding_patrician.GetOnlyDynastyName].\n\nPour que le plan fonctionne, votre bal devra être plus grandiose que cette soirée bâclée organisée par cette hyène de [feuding_patrician.GetTitledFirstName]. Un tel bal pourrait vous coûter très cher mais redorera votre image et mettra les vermines de [feuding_patrician.GetOnlyDynastyName] dans l'embarras...;Um Euch an der niederträchtigen [feuding_patrician.GetOnlyDynastyName]-Familie zu rächen, könntet Ihr Vorbereitungen treffen, um Euren eigenen großen Ball zu veranstalten. Einladungen werden an alle Patrizierfamilien versendet, mit Ausnahme von [feuding_patrician.GetOnlyDynastyName] natürlich.\n\nWenn dies funktionieren soll, muss Euer Ball noch größer sein als der, den dieses Wiesel [feuding_patrician.GetTitledFirstName] veranstaltet hat. Es wird nicht günstig, würde jedoch Euer Ansehen wiederherstellen und Schande über diese [feuding_patrician.GetOnlyDynastyName]-Hunde bringen ...;;Para vengarte de la ruin familia [feuding_patrician.GetOnlyDynastyName], podrías celebrar un gran baile en el que el anfitrión fueras tú. Se enviarán invitaciones a todas las familias patricias, salvo a [feuding_patrician.GetOnlyDynastyName], evidentemente.\n\nPara que salga bien, tu baile tendrá que ser mucho más grandioso que el organizado por la comadreja de [feuding_patrician.GetTitledFirstName]. No te saldrá barato, pero restaurarás tu prestigio y cubrirás de vergüenza a los perros de [feuding_patrician.GetOnlyDynastyName]...;;;;;;;;;x
EVTDESC_REP_105;The day of your grand ball has arrived and everyone of importance in [Root.MercRepCapital.GetName] is in your palace. Everyone but the [feuding_patrician.GetOnlyDynastyName] family. Your guards have strict orders not to permit anyone from their bloodline inside.\n\nIn one corner of the ballroom, a bearded gentleman who looks vaguely familiar is loudly and unfavorably comparing your ball with the [feuding_patrician.GetOnlyDynastyName] one. As you approach him to set him straight, you recognize something in his voice... could it be possible...? You rush forward and rip the thick beard from the man's face to reveal [feuding_patrician.GetTitledFirstName]! "YOU!"\n\nAstonished, [feuding_patrician.GetFirstName] pushes you aside and makes a mad dash for the exit like a frightened rabbit while shoving several dancing guests to the floor.;Le jour de votre grand bal est arrivé et votre palais accueille tous les notables de [Root.MercRepCapital.GetName]. Tous, sauf ceux de la famille [feuding_patrician.GetOnlyDynastyName]. Vos gardes ont reçu l'ordre formel de ne laisser entrer personne de cette Maison.\n\nDans un coin de la salle de bal, un gentilhomme barbu aux airs étrangement familiers dénigre bruyamment votre bal, le comparant à celui de [feuding_patrician.GetOnlyDynastyName]. Alors que vous vous approchez de lui pour tirer les choses au clair, vous reconnaissez sa voix... Est-ce possible... ? Vous vous précipitez sur lui pour tirer sa fausse barbe, ce qui démasque [feuding_patrician.Get_le_TitledFirstName] ! « VOUS ! »\n\nSurpris, [feuding_patrician.GetFirstName] vous repousse et détale comme un lapin vers la sortie, bousculant plusieurs danseurs au passage.;Der Tag des großen Balls ist gekommen und jede wichtige Persönlichkeit in [Root.MercRepCapital.GetName] befindet sich in Eurem Palast. Jeder, mit Ausnahme der [feuding_patrician.GetOnlyDynastyName]-Familie. Eure Wachen haben strikte Anweisungen erhalten, jedem dieser Blutlinie den Zugang zu verweigern.\n\nIn einer Ecke des Ballsaals vergleicht ein bärtiger Nobelmann, der Euch vage bekannt vorkommt, laut und sehr zu Eurem Nachteil Euren Ball mit dem von [feuding_patrician.GetOnlyDynastyName]. Als Ihr Euch ihm nähert, um ihn zurechtzustutzen, erkennt Ihr etwas in seiner Stimme ... ist es wirklich möglich, dass ...? Ihr eilt zu ihm und reißt ihm den dicken Bart aus dem Gesicht, nur um [feuding_patrician.GetTitledFirstName] zu enthüllen! "IHR!"\n\nÜberrascht stößt Euch [feuding_patrician.GetFirstName] zur Seite und wagt einen wilden Ansturm auf den Ausgang zu, ganz wie ein verängstigtes Kaninchen, während er einige tanzenden Gäste zu Boden schubst.;;"El día de tu gran baile ha llegado y todas las personas relevantes de [Root.MercRepCapital.GetName] están en palacio. Todos, excepto la familia [feuding_patrician.GetOnlyDynastyName]. Tus guardias tienen órdenes estrictas de impedir la entrada a todos los de su línea de parentesco.\n\nEn una esquina del salón de baile, un caballero con barba que te resulta vagamente familiar está comparando tu baile de forma desfavorable con el de [feuding_patrician.GetOnlyDynastyName] a grandes voces. Cuando te diriges a él para reprenderlo, reconoces algo en su voz... ¿será posible...? ¡Te precipitas hacia él y le arrancas la espesa barba de la cara para dejar el rostro de [feuding_patrician.GetTitledFirstName] al descubierto! ""¡TÚ!""\n\nAtónito, [feuding_patrician.GetFirstName] te empuja a un lado y empieza a correr como un loco hacia la salida al igual que un conejo asustado, derribando a empujones a varios invitados.";;;;;;;;;x
EVTDESC_REP_151;Word has reached you that your mortal enemies, the [feuding_patrician.GetOnlyDynastyName] family, are planning the construction of a great galley the likes of which has never before been seen. It is to surpass even the bucentaur, the flagship of the Venetian Doge, in size and splendor. The hubris of [feuding_patrician.GetTitledFirstName] is without equal!\n\n[Root.job_spymaster.GetTitledFirstName], your [Root.GetSpymasterName], has put together a plan to make sure this atrocity never sails the seas. Men loyal to [Root.job_spymaster.GetHerHim] will infiltrate the [feuding_patrician.GetOnlyDynastyName] shipyard in [Root.MercRepCapital.GetName] posing as shipwrights. Once inside, they will add several subtle structural flaws to the galley that will hopefully escape detection until it sets out on its maiden voyage...;Vous entendez dire que vos ennemis jurés, les [feuding_patrician.GetOnlyDynastyName], projettent la construction du plus grand navire que le monde n'ait jamais vu. Il devrait même surpasser en taille et en splendeur le Bucentaure, ce somptueux navire-amiral du Doge de Venise. La démesure [feuding_patrician.Get_du_TitledFirstName] est sans égale ! \n\n[Root.job_spymaster.GetTitledFirstName], votre [Root.GetSpymasterName], a ourdi un plan pour assurer que cette atrocité ne puisse jamais voguer sur les mers. Des hommes qui lui sont loyaux vont se faire passer pour des charpentiers et infiltrer le chantier naval de [feuding_patrician.GetOnlyDynastyName] à [Root.MercRepCapital.GetName]. Lorsqu'ils seront sur place, ils intégreront quelques subtils défauts à la structure de le navire. Ceux-ci ne seront sans doute pas détectés avant que le navire entreprenne son long voyage...;Euch ist zu Ohren gekommen, dass Euer Todfeind, die [feuding_patrician.GetOnlyDynastyName]-Familie, den Bau einer großen Galeere plant, von einem Ausmaß, das es nie zuvor gegeben hat. Es soll in Größe und Herrlichkeit sogar die Bucentaur überflügeln, das Flaggschiff des venezianischen Dogen. Die Selbstüberschätzung von [feuding_patrician.GetTitledFirstName] kennt keine Grenzen!\n\n[Root.job_spymaster.GetTitledFirstName], Euer [Root.GetSpymasterName], hat sich einen Plan ausgedacht, der dafür sorgen wird, dass diese Grässlichkeit niemals auf den Meeren segeln wird. Männer, die [Root.job_spymaster.Getihmihr] gegenüber loyal sind, werden die [feuding_patrician.GetOnlyDynastyName]-Werft in [Root.MercRepCapital.GetName] infiltrieren, indem sie sich als Schiffsbauer ausgeben. Sobald sie im Innern sind, werden sie viele bauliche Mängel an der Galeere vornehmen, die hoffentlich nicht entdeckt werden, bis sie zu ihrer Jungfernfahrt ausläuft ...;;Te han llegado rumores de que tus mortales enemigos, la familia [feuding_patrician.GetOnlyDynastyName], planea construir una gran galera de dimensiones nunca vistas. Sobrepasará en tamaño y esplendor incluso al bucintoro, el buque insignia del dux de Venecia. ¡La arrogancia de [feuding_patrician.GetTitledFirstName] no tiene parangón!\n\n[Root.job_spymaster.GetTitledFirstName], tu [Root.GetSpymasterName], ha elaborado un plan para asegurarse de que esta atrocidad no surque jamás los mares. Sus leales hombres se infiltrarán en el astillero de [feuding_patrician.GetOnlyDynastyName] en [Root.MercRepCapital.GetName] haciéndose pasar por carpinteros de ribera. Una vez en su interior, provocarán sutiles defectos estructurales en la galera que con suerte pasarán desapercibidos hasta que el buque realice su viaje inaugural...;;;;;;;;;x
EVTDESC_REP_152;[feuding_patrician.GetTitledFirstName] has decided to unveil the new [feuding_patrician.GetOnlyDynastyName] flagship today, at the annual Marriage of the Sea ceremony where the maritime dominance of Venice is celebrated. [feuding_patrician.GetFirstName] has invited [Root.RelHead.GetTitledFirstName] himself to oversee the ceremony from the great ship. As a long procession of ships sail through the city canals, the Pope drops one of his rings into the water and proclaims, "We wed thee, sea, in the sign of..." \n\nBefore he can finish the sentance, the galley lurches and begins to tip over! Both the Pope and [feuding_patrician.GetFirstName] are thrown overboard, but they are soon fished out of the water by some nearby gondoliers. The Supreme Pontiff of the Universal Church wrings out his drenched robes while launching a long tirade of profanity directed at [feuding_patrician.GetFirstName], who has turned red with embarassment.;[feuding_patrician.Get_Le_TitledFirstName] a décidé d'inaugurer le nouveau vaisseau des [feuding_patrician.GetOnlyDynastyName] aujourd'hui, jour de la cérémonie annuelle du mariage avec la mer, célébrée en l'honneur de l'hégémonie maritime de Venise. [feuding_patrician.GetFirstName] a invité [Root.RelHead.Get_le_TitledFirstName] en personne pour superviser la cérémonie depuis le grand navire. Alors qu'une longue procession de navires sillonne les canaux de la cité, le Pape lance un de ses anneaux dans l'eau et proclame : « Nous nous marions à toi, mer, en signe de... » \n\nAvant qu'il puisse terminer sa phrase, le navire fait une embardé et commence à basculer ! Le Pape et [feuding_patrician.GetFirstName] sont tous deux projetés par-dessus bord, mais sont vite repêchés par des gondoliers qui étaient tout près. Le Souverain Pontife de l'Église universelle tord sa robe trempée en proférant un chapelet de jurons à l'endroit de [feuding_patrician.GetFirstName], qui en devient rouge d'embarras.;[feuding_patrician.GetTitledFirstName] hat beschlossen, das neue [feuding_patrician.GetOnlyDynastyName]-Flaggschiff heute, anlässlich der jährlichen Zeremonie zur Hochzeit des Meeres, bei der die maritime Dominanz Venedigs zelebriert wird, zu enthüllen. [feuding_patrician.GetFirstName] hat [Root.RelHead.GetTitledFirstName] eingeladen, persönlich die Zeremonie vom großen Schiff aus zu überwachen. Während eine lange Prozession aus Schiffen durch die Kanäle der Stadt segeln, lässt der Papst einen seiner Ringe ins Wasser fallen und verkündet, "Wir ehelichen Euch, das Meer, im Zeichen des..."\n\nBevor er den Satz beenden kann, beginnt die Galeere zu schlingern und umzukippen! Beide, der Papst und [feuding_patrician.GetFirstName] gehen über Bord, doch sie werden schnell von einigen Gondolieri, die sich in der Nähe befanden, aus dem Wasser gefischt. Der Heilige Vater der Weltkirche wringt seine durchnässte Robe aus, während er eine lange Tirade an Obszönitäten über [feuding_patrician.GetFirstName] niederprasseln lässt, der rot vor Scham geworden ist.;;"[feuding_patrician.GetTitledFirstName] ha decidido presentar el nuevo buque insignia de [feuding_patrician.GetOnlyDynastyName] hoy, en la ceremonia anual de los esponsales del mar, que celebra el dominio marítimo de Venecia. [feuding_patrician.GetFirstName] ha invitado al mismísimo [Root.RelHead.GetTitledFirstName] a supervisar la ceremonia desde la gran nave. Mientras una larga procesión de barcos surca los canales de la ciudad, el Papa deja caer uno de sus anillos en el agua pronunciando: ""Te desposamos, mar, en el nombre del..."" \n\nAntes de que pueda terminar la liturgia, ¡la galera empieza a tambalearse y vuelca! Tanto el Papa como [feuding_patrician.GetFirstName] caen por la borda, pero son rápidamente rescatados por unos gondoleros cercanos. El Sumo Pontífice de la Iglesia Universal escurre sus túnicas empapadas mientras profiere una larga diatriba de blasfemias dirigidas a [feuding_patrician.GetFirstName], que enrojece de vergüenza.";;;;;;;;;x
EVTDESC_REP_153;The [feuding_patrician.GetOnlyDynastyName] flagship has been completed, and nobles from all over [Root.MercRepCapital.GetName] have gathered at the docks to watch as the mighty vessel is put to sea. [feuding_patrician.GetTitledFirstName] is beaming with arrogant pride, especially when he spots you in the crowd. Before long, the sleek vessel slides into the water and hoists its sails who are adorned with the [feuding_patrician.GetOnlyDynastyName] family crest.\n\nSuddenly the great galley snaps in half with a terrible crack! The crowd gasps in stunned silence, but [feuding_patrician.GetFirstName] turns to face you immediately, his eyes glowing with fury. "YOU! This was YOUR doing!" he screams as spittle sails from his mouth. With a howl he attempts to hurl himself at you, but his struggling aides hold him back. "I don't know how you did it, [Root.GetFirstName], but I swear you will pay for this! Do you hear me, [Root.GetFirstName]?! YOU WILL PAY!";Le navire des [feuding_patrician.GetOnlyDynastyName] a été achevé et des nobles de tout [Root.MercRepCapital.GetName] se sont assemblés sur les quais pour voir la mise à l'eau d'un si merveilleux vaisseau. [feuding_patrician.Get_Le_TitledFirstName] rayonne d'une fierté des plus arrogantes, surtout en vous apercevant dans la foule. En peu de temps, le majestueux vaisseau glisse sur les ondes et hisse ses voiles frappés des armoiries de la famille [feuding_patrician.GetOnlyDynastyName].\n\nSoudainement, le grand navire se brise en deux dans un terrible fracas ! La foule en devient muette de stupeur mais [feuding_patrician.GetFirstName] se retourne immédiatement vers vous, des éclairs de colère dans les yeux. « VOUS ! C'est vous qui avez causé cela ! », crie-t-il en postillonnant. Il tente de se ruer sur vous en hurlant, mais ses assistants luttent pour le retenir. « Je ne sais pas comment vous vous y êtes pris, [Root.GetFirstName], mais je jure que vous allez me le payer ! Vous avez entendu, [Root.GetFirstName] ?! VOUS ALLEZ ME LE PAYER ! »;Das [feuding_patrician.GetOnlyDynastyName]-Flaggschiff ist fertig und Adelige aus ganz [Root.MercRepCapital.GetName] haben sich am Kai versammelt, um Zeuge zu sein, wie das gewaltige Schiff in See sticht. [feuding_patrician.GetTitledFirstName] strahlt vor arrogantem Stolz, vor allem als er Euch in der Menge entdeckt. Binnen Kurzem gleitet das Schiff ins Wasser und hisst seine Segel, die mit dem Wappen der [feuding_patrician.GetOnlyDynastyName]-Familie verziert sind.\n\nPlötzlich bricht die große Galeere mit einem fürchterlichen Knacken entzwei! Die Menge hält den Atem an, doch [feuding_patrician.GetFirstName] dreht sich sofort in Eure Richtung, seine Augen vor Wut glühend. "IHR! Das war doch EUER Werk!", schreit er, während Speichel aus seinem Mund spritzt. Mit einem Heulen versucht er, sich auf Euch zu werfen, doch seine Helfer halten ihn mit allen Kräften zurück. "Ich weiß nicht, wie Ihr das geschafft habt, [Root.GetFirstName], aber ich schwöre Euch, dafür werdet Ihr bezahlen! Habt Ihr mich gehört, [Root.GetFirstName]?! DAFÜR WERDET IHR BEZAHLEN!";;"El buque insignia de [feuding_patrician.GetOnlyDynastyName] ha sido completado, por lo que los nobles de todo [Root.MercRepCapital.GetName] se han reunido en los muelles para ver como el poderoso buque se hace a la mar. [feuding_patrician.GetTitledFirstName] resplandece henchido de orgullo y arrogancia, sobre todo cuando te divisa entre la multitud. En pocos minutos, el esbelto navío se desliza sobre el agua e iza sus velas, adornadas con el escudo de la familia [feuding_patrician.GetOnlyDynastyName].\n\nDe repente, ¡se oye un terrible crujido y la gran galera se parte en dos! Todos quedan boquiabiertos y aturdidos en silencio, pero [feuding_patrician.GetFirstName] se gira hacia ti inmediatamente, con los ojos llenos de furia. ""¡TÚ! ¡Esto es cosa TUYA!"" grita, soltando escupitajos. Profiere un alarido y trata de abalanzarse sobre ti, pero sus ayudantes se lo impiden. ""¡No sé cómo lo has hecho, [Root.GetFirstName], pero te juro que pagarás por esto! ¡¿Me oyes, [Root.GetFirstName]?! ¡LO PAGARÁS!""";;;;;;;;;x
EVTDESC_REP_154;You are sitting on the deck of a [Root.GetOnlyDynastyName] galley, enjoying the cool sea air and the smell of saltwater when a large shadow suddenly blocks out the sun. A colossal galley, easily twice the size of your ship, sweeps past dangerously close and sends a large wave sweeping over the deck that knocks you off your feet. It's the new [feuding_patrician.GetOnlyDynastyName] flagship!\n\nAs you stand up, drenched from top to bottom, you hear cackling laughter from the deck of the other ship. [feuding_patrician.GetTitledFirstName] stands by the railing looking down at you with a smug grin on his face. "Well, well, if it isn't [Root.GetTitledFirstName]! How are you doing down there? You should take better care when sailing in waters trafficked by larger vessels. I would hate for an accident to occur..." You turn away from him to hide your scowl.;Assis sur le pont d'une galère des [Root.GetOnlyDynastyName], vous profitez de l'air marin lorsqu'une grande ombre vous cache soudainement le soleil. Un navire colossal, dont la taille est facilement le double du vôtre, le frôle dangereusement et envoie une énorme vague déferler sur le pont, vous laissant bouche bée. C'est le nouveau vaisseau des [feuding_patrician.GetOnlyDynastyName] !\n\nEn vous levant, trempé de la tête aux pieds, vous entendez des rires provenant du pont de l'autre navire. [feuding_patrician.Get_Le_TitledFirstName] est debout près de la rambarde, vous toisant de haut, un sourire narquois aux lèvres. « Tiens, tiens, ne serait-ce pas [Root.Get_le_TitledFirstName] ?! Comment allez-vous en bas ? Vous devriez faire plus attention quand vous naviguez sur ces eaux où circulent des vaisseaux plus grands. Je n'aimerais pas qu'un accident arrive... » Vous vous détournez pour masquer votre rage.;Ihr sitzt an Deck einer [Root.GetOnlyDynastyName]-Galeere, die kühle Seeluft und den Geruch von Meersalz genießend, als ein großer Schatten plötzlich die Sonne verdunkelt. Eine riesige Galeere, mühelos von doppelter Größe als Euer Schiff, streicht gefährlich nahe vorbei und eine große Welle fegt über das Deck, so dass Ihr von den Füßen gerissen werdet. Es ist das neue [feuding_patrician.GetOnlyDynastyName]-Flaggschiff!\n\nWährend Ihr Euch aufrappelt, von Kopf bis Fuß durchnässt, hört Ihr schallendes Gelächter vom Deck des anderen Schiffs. [feuding_patrician.GetTitledFirstName] steht an der Reling und schaut mit einem arroganten Grinsen auf seinem Gesicht auf Euch herab. "Na, na, wenn das nicht [Root.GetTitledFirstName] ist! Wie geht es Euch dort unten? Ihr solltet wirklich besser Acht geben, wenn Ihr in Gewässern segelt, die von großen Schiffen befahren werden. Es wäre doch schrecklich, wenn es zu einem Unfall kommen würde ..." Ihr dreht Euch von ihm weg, um Euren finsteren Blick zu verstecken.;;"Estás sentado en la cubierta de una galera de [Root.GetOnlyDynastyName], disfrutando del aire fresco del mar y del olor a agua salada cuando, de repente, una gran sombra cubre el sol. Una galera colosal, fácilmente el doble de grande que la tuya, te adelanta peligrosamente cerca creando una gran ola que inunda la cubierta y te tira al suelo. ¡Es el nuevo buque insignia de [feuding_patrician.GetOnlyDynastyName]!\n\nCuando te levantas, empapado de arriba a abajo, oyes carcajadas desde la cubierta del otro barco. [feuding_patrician.GetTitledFirstName] se encuentra junto a la barandilla, mirándote con una sonrisa de satisfacción en su rostro. ""Vaya, vaya, ¡si resulta que es [Root.GetTitledFirstName]! ¿Cómo te va por ahí abajo? Deberías tener más cuidado al navegar en aguas propias de buques mayores. No me gustaría que sufrieras un accidente..."" Te das la vuelta para que no te vea fruncir el ceño.";;;;;;;;;x
EVTDESC_REP_155;Yet another public execution has been scheduled in [Root.MercRepCapital.GetName], and your attendance is required. Though these events normally bore you, this one catches your full attention when you realize that the convicted men about to be executed are the same men [Root.job_spymaster.GetTitledFirstName] sent to infiltrate the [feuding_patrician.GetOnlyDynastyName] shipyard. [feuding_patrician.GetTitledFirstName] joins the executioner and the convicts on their platform, and looks at you with a gloating smile.\n\n"My friends, take a long, hard look at these men," [feuding_patrician.GetFirstName] begins. "They are enemies of the Republic and together they conspired to sabotage the construction of the new [feuding_patrician.GetOnlyDynastyName] flagship. Fortunately, they were caught in the act and it has been revealed that they were not acting alone..." He gives you a long glance and you think you realize where this is going.;Une autre exécution publique est prévue à [Root.MercRepCapital.GetName] et votre présence est requise. La plupart du temps, ces événements vous ennuient, mais celui-ci retient votre attention lorsque vous comprenez que les hommes sur le point d'être exécutés sont en faits ceux que [Root.job_spymaster.Get_le_TitledFirstName] avait envoyés pour infiltrer le chantier naval de [feuding_patrician.GetOnlyDynastyName]. [feuding_patrician.Get_Le_TitledFirstName] rejoint le bourreau et les condamnés sur la plateforme, vous regardant avec un sourire jubilatoire.\n\n« Mes amis, regardez très attentivement ces hommes, commence [feuding_patrician.GetFirstName]. Ils sont des ennemis de la République. Ensemble, ils ont conspiré au sabotage du vaisseau de [feuding_patrician.GetOnlyDynastyName]. Ils ont heureusement été attrapés en pleine action, et il semble qu'ils n'agissaient pas seuls... ». Son regard se pose longuement sur vous, et vous comprenez le tour que prennent les événements.;Eine weitere öffentliche Hinrichtung wurde in [Root.MercRepCapital.GetName] festgelegt, und Eure Anwesenheit ist vonnöten. Auch wenn Euch solche Ereignisse normalerweise langweilen, zieht dieses doch Eure gesamte Aufmerksamkeit auf sich, als Euch bewusst wird, dass die verurteilten Männer, die hingerichtet werden sollen, dieselben Männer sind, die [Root.job_spymaster.GetTitledFirstName] ausgesandt hat, um die [feuding_patrician.GetOnlyDynastyName]-Werft zu infiltrieren. [feuding_patrician.GetTitledFirstName] schließt sich dem Henker und den Verurteilten auf deren Podest an und bedenkt Euch mit einem strahlenden Lächeln.\n\n"Meine Freunde, schaut Euch diese Männer genau an", beginnt [feuding_patrician.GetFirstName]. "Sie sind Feinde der Republik und haben gemeinsam ein Komplott geschmiedet, um den Bau des neuen [feuding_patrician.GetOnlyDynastyName]-Flaggschiffs zu sabotieren. Glücklicherweise wurden sie auf frischer Tat ertappt und es hat sich herausgestellt, dass sie nicht alleine gearbeitet haben ..." Er bedenkt Euch mit einem langen Blick und Ihr glaubt zu wissen, wo dies hinführen wird.;;"Una nueva ejecución pública se ha programado en [Root.MercRepCapital.GetName] y requiere tu presencia. Aunque estos eventos normalmente te aburren, éste capta tu máxima atención en cuanto te das cuenta de que los hombres condenados y a punto de ser ejecutados son los mismos que [Root.job_spymaster.GetTitledFirstName] envió para infiltrarse en el astillero de [feuding_patrician.GetOnlyDynastyName]. [feuding_patrician.GetTitledFirstName] se reúne con el verdugo y los convictos en la plataforma y mira hacia ti con regodeo.\n\n ""Amigos míos, mirad a estos hombres largo y tendido"", empieza [feuding_patrician.GetFirstName]. ""Son enemigos de la República y juntos conspiraron para sabotear la construcción del nuevo buque insignia de [feuding_patrician.GetOnlyDynastyName]. Afortunadamente, fueron sorprendidos y se ha puesto de manifiesto que no actuaban solos..."" Te mira fijamente y crees darte cuenta de qué está pasando...";;;;;;;;;x
EVTDESC_REP_161;You wake in the middle of the night after a restless sleep, and decide to go for a stroll through the empty corridors of your palace. For some reason, you can't shake the feeling that something is amiss. Glancing through a window, you suddenly spot your laughing daughter on her balcony being serenaded by a secret lover below!\n\nTo your horror, you recognize the man as [romeo.GetTitledFirstName] of the despicable [romeo.GetOnlyDynastyName] family! You immediately grab the nearest crossbow and send several bolts after [romeo.GetFirstName] while screaming obscenities at him. The vile lecher quickly retreats and disappears into some bushes, while you hurry towards your crying daughter's room to scold her for bringing such shame to the [Root.GetOnlyDynastyName] name.;Vous vous réveillez au beau milieu de la nuit après un sommeil agité et décidez d'aller faire un tour dans les couloirs vides du palais. Pour une obscure raison, vous avez le sentiment que quelque chose ne tourne pas rond. En regardant par une fenêtre, vous apercevez soudain votre fille sur son balcon, riant aux éclats, se faisant courtiser par un prétendant secret !\n\nÀ votre grande horreur, vous reconnaissez cet homme : [romeo.Get_le_TitledFirstName] de l'odieuse famille [romeo.GetOnlyDynastyName] ! Vous prenez immédiatement l'arbalète la plus proche et vous lancez une série de carreaux vers [romeo.GetFirstName] en lui criant des obscénités. Le vil coureur de jupons s'enfuit rapidement et disparaît dans les buissons, tandis que vous vous précipitez dans la chambre de votre fille en pleurs pour la gronder d'avoir apporté le déshonneur et flétri le nom de [Root.GetOnlyDynastyName].;Ihr wacht nach einem unruhigen Schlaf mitten in der Nacht auf und entschließt Euch, einen Spaziergang durch die leeren Korridore Eures Palastes zu machen. Aus irgendeinem Grund werdet Ihr das Gefühl nicht los, dass etwas nicht in Ordnung ist. Als Ihr durch ein Fenster späht, erblickt Ihr plötzlich Eure lachende Tochter auf ihrem Balkon, der von einem geheimen Liebhaber unter ihr ein Ständchen gebracht wird!\n\nZu Eurem Entsetzen erkennt Ihr in dem Mann [romeo.GetTitledFirstName], von der verachtenswerten [romeo.GetOnlyDynastyName]-Familie! Ihr greift sofort zu der nächsten Armbrust und schickt [romeo.GetFirstName] einige Bolzen hinterher, während Ihr ihm Obszönitäten zuschreit. Der abscheuliche Lustmolch gibt schnell nach und verschwindet zwischen einigen Büschen, während Ihr in das Zimmer Eurer weinenden Tochter eilt, um sie dafür zu schelten, den [Root.GetOnlyDynastyName] Namen so beschmutzt zu haben.;;Despiertas en mitad de la noche después de un sueño intranquilo y decides dar un paseo por los pasillos vacíos de palacio. Por alguna razón, no puedes evitar tener la sensación de que algo anda mal. Miras a través de una ventana y, de repente, descubres a tu hija riéndose en el balcón, ¡mientras un amante secreto le dedica una serenata desde abajo!\n\nPara mayor horror, ¡reconoces a ese hombre como [romeo.GetTitledFirstName] de la despreciable familia [romeo.GetOnlyDynastyName]! Tomas de inmediato la ballesta más cercana y lanzas varias saetas a [romeo.GetFirstName], gritándole obscenidades. El infame libertino se retira rápidamente y desaparece entre unos arbustos, mientras tú te apresuras hacia la habitación de tu hija, rota en lágrimas, para reprenderla por deshonrar de tal modo el nombre de [Root.GetOnlyDynastyName].;;;;;;;;;x
EVTDESC_REP_163;You wake in the middle of the night after a restless sleep, and decide to go for a stroll through the empty corridors of your palace. For some reason, you can't shake the feeling that something is amiss. As you pass your son's room, you hear faint girlish laughter and other sounds of a carnal nature! You kick open the door to reveal your son in bed with a secret lover!\n\nTo your horror, you recognize the girl as [julia.GetTitledFirstName] of the despicable [julia.GetOnlyDynastyName] family! As you furiously scold your son for bringing such shame to the family, the girl leaps out of bed wearing only the bedsheets and runs away in tears. The sound of her bawling echoes throughout the palace corridors, and it is matched in volume only by your voice as you discipline your son.;Vous vous réveillez au beau milieu de la nuit après un sommeil agité et décidez d'aller faire un tour dans les couloirs vides du palais. Pour une raison obscure, vous avez le sentiment que quelque chose ne tourne pas rond. En passant devant la chambre de votre fils, vous entendez des petits rires féminins et d'autres bruits de nature charnelle ! Vous ouvrez la porte d'un coup de pied pour découvrir votre fils au lit avec une amante secrète !\n\nÀ votre grande horreur, vous reconnaissez cette fille : [julia.Get_le_TitledFirstName] de l'odieuse famille [julia.GetOnlyDynastyName] ! Tandis que vous grondez furieusement votre fils pour ainsi déshonorer votre famille, la fille se glisse hors du lit, ne portant que les draps en guise de vêtements, et elle s'enfuit en pleurant. L'écho de ses beuglements n'a d'égal que le niveau sonore de votre voix qui sermonne fermement votre fils.;Ihr wacht nach einem unruhigen Schlaf mitten in der Nacht auf und entschließt Euch, einen Spaziergang durch die leeren Korridore Eures Palastes zu machen. Aus irgendeinem Grund werdet Ihr das Gefühl nicht los, dass etwas nicht in Ordnung ist. Als Ihr an dem Zimmer Eures Sohnes vorbeikommt, hört Ihr leises Mädchengelächter und andere Geräusche körperlicher Natur. Ihr stoßt die Tür auf und entdeckt Euren Sohn mit einer heimlichen Geliebten!\n\nZu Eurem Entsetzen erkennt Ihr in dem Mädchen [julia.GetTitledFirstName], von der verachtenswerten [julia.GetOnlyDynastyName]-Familie! Während Ihr Euren Sohn dafür scheltet, dass er Schande über die Familie gebracht hat, springt das Mädchen, nur mit Bettlaken bekleidet aus dem Bett und rennt tränenüberströmt davon. Der Klang Ihres Geheules hallt durch die Palastkorridore und die Lautstärke Eurer Stimme, mit der Ihr Euren Sohn maßregelt, steht dem mitnichten nach.;;Despiertas en mitad de la noche después de un sueño intranquilo y decides dar un paseo por los pasillos vacíos de palacio. Por alguna razón, no puedes evitar tener la sensación de que algo anda mal. Al pasar junto a la habitación de tu hijo, ¡oyes una risita femenina y otros sonidos de naturaleza carnal! Abres la puerta de una patada ¡y sorprendes a tu hijo en la cama con una amante secreta!\n\nPara mayor horror, ¡reconoces a la chica como [julia.GetTitledFirstName] de la despreciable familia [julia.GetOnlyDynastyName]! Mientras regañas furiosamente a tu hijo por causar tal deshonra a la familia, la chica salta de la cama cubierta con solo las sábanas y huye entre sollozos. El eco de su llanto retumba en los corredores de palacio, apenas equiparable en volumen con las palabras de reproche que diriges a tu hijo.;;;;;;;;;x
EVTDESC_REP_164;You are eating supper when the doors to your palace's dining room suddenly fly open and [romeo.Father.GetTitledFirstName] storms inside, chased by your guards. "Where is he?" [romeo.Father.GetFirstName] demands, pounding his fist on the table. "Damn it, [Root.GetFirstName]! Where is my son?!" He slams a piece of paper on the table. "I expressly forbade him from having anything to do with that harlot daughter of yours, but today I found this note!"\n\nHe reads with a somber voice: "'Father, since you would deny me the love of my life and since...' etc, etc, '...my love and I have decided to end it all. Farewell.'" With a gasp, you push the table aside and rush up the stairs towards your daughter's room with [romeo.Father.GetFirstName] on your heels. There, embracing each other on the floor, the two lovers lie dead next to an empty bottle of poison...;Vous dégustez votre dîner quand tout à coup les portes de la salle à manger du palais s'ouvrent et [romeo.Father.Get_le_TitledFirstName] entre en coup de vent, poursuivi par vos gardes. « Où est-il ? », vocifère-t-il, frappant la table de son poing. « Bon Dieu, [Root.GetFirstName] ! Où est mon fils ?! » Il jette un bout de papier sur la table. « Je lui avais formellement interdit d'avoir une quelconque histoire avec votre traînée de fille, mais j'ai trouvé ce mot aujourd'hui ! »\nIl lit d'une sombre voix : « Père, comme vous rejetez l'amour de ma vie... (etc., etc.)...mon amour et moi avons décidé d'en finir. Adieu. » Pris de panique, vous repoussez la table et vous précipitez à l'étage dans la chambre de votre fille, [romeo.Father.GetFirstName] vous suit de près. Là, enlacés, les deux amants gisent morts sur le sol, un flacon de poison vide près d'eux...;Ihr esst gerade Euer Abendessen, als die Türen Eures Esszimmers plötzlich auffliegen und [romeo.Father.GetTitledFirstName], gefolgt von Euren Wachen, reinstürmt. "Wo ist er?", verlangt [romeo.Father.GetFirstName] zu wissen und donnert seine Faust auf den Tisch. "Verdammt, [Root.GetFirstName]! Wo ist mein Sohn?!" Er wirft einen Fetzen Papier auf den Tisch. "Ich habe ihm ausdrücklich verboten, sich mit dieser Hure, die Eure Tochter ist, einzulassen, doch heute fand ich diese Notiz!"\n\nMit düsterer Stimme liest er vor: "Vater, da Ihr mir die Liebe meines Lebens verweigert und da ..." usw., usf., "... haben die Liebe meines Lebens und ich beschlossen, allem ein Ende zu setzen." Mit einem Keuchen schiebt Ihr den Tisch zur Seite und stürzt die Treppen hoch und zum Raum Eurer Tochter, mit [romeo.Father.GetFirstName] dicht auf den Fersen. Eng umschlungen liegen dort die beiden Liebenden tot auf dem Boden, neben sich ein leeres Giftfläschchen ...;;"Estás cenando cuando de pronto las puertas del comedor de palacio se abren de par en par e irrumpe [romeo.Father.GetTitledFirstName], seguido de tus guardias. ""¿Dónde está?"" pregunta [romeo.Father.GetFirstName], dando un puñetazo en la mesa. ""¡Maldita sea, [Root.GetFirstName]! ¿Dónde está mi hijo?"" Estampa un trozo de papel sobre la mesa. ""Le prohibí expresamente toda relación con la ramera de tu hija, ¡pero hoy he hallado esta nota!""\n\nLee con voz sombría: ""'Padre, dado que ibais a negarme el amor de mi vida y que...' etc, etc, '...mi amor y yo hemos decidido acabar con todo. Adiós.'"" Con un grito ahogado, apartas la mesa y subes las escaleras corriendo hasta la habitación de tu hija, seguido de [romeo.Father.GetFirstName]. En ella, abrazados en el suelo, yacen muertos los dos amantes junto a una botella de veneno vacía...";;;;;;;;;x
EVTDESC_REP_165;You are eating supper when the doors to your palace's dining room suddenly fly open and [julia.Father.GetTitledFirstName] storms inside, chased by your guards. "Where is she?" [julia.Father.GetFirstName] demands, pounding his fist on the table. "Damn it, [Root.GetFirstName]! Where is my daughter?!" He slams a piece of paper on the table. "I expressly forbade her from having anything to do with that no-good son of yours, but today I found this note!"\n\nHe reads with a somber voice: "'Father, since you would deny me the love of my life and since...' etc, etc, '...my love and I have decided to end it all. Farewell.'" With a gasp, you push the table aside and rush up the stairs towards your son's room with [julia.Father.GetFirstName] on your heels. There, embracing each other on the floor, the two lovers lie dead next to an empty bottle of poison...;Vous dégustez votre dîner quand tout à coup les portes de la salle à manger du palais s'ouvrent et [julia.Father.Get_le_TitledFirstName] entre en coup de vent, poursuivi par vos gardes. « Où est-elle ? », vocifère-t-il, frappant la table de son poing. « Bon Dieu, [Root.GetFirstName] ! Où est ma fille ?! » Il jette un bout de papier sur la table. « Je lui avais formellement interdit d'avoir une quelconque histoire avec votre vaurien de fils, mais j'ai trouvé cette note aujourd'hui ! »\nIl lit d'une sombre voix : « Père, comme vous rejetez l'amour de ma vie... (etc., etc.)...mon amour et moi avons décidé d'en finir. Adieu. » Pris de panique, vous repoussez la table et vous précipitez à l'étage dans la chambre de votre fils, [julia.Father.GetFirstName] vous suit de près. Là, enlacés, les deux amants gisent morts sur le sol, un flacon de poison vide près d'eux...;Ihr esst gerade Euer Abendessen, als die Türen Eures Esszimmers plötzlich auffliegen und [julia.Father.GetTitledFirstName], gefolgt von Euren Wachen, reinstürmt. "Wo ist sie?", verlangt [julia.Father.GetFirstName] zu wissen und donnert seine Faust auf den Tisch. "Verdammt, [Root.GetFirstName]! Wo ist meine Tochter?!" Er wirft einen Fetzen Papier auf den Tisch. "Ich habe ihr ausdrücklich verboten, sich mit Eurem nutzlosen Sohn einzulassen, doch heute fand ich diese Notiz!"\n\nMit düsterer Stimme liest er vor: "Vater, da Ihr mir die Liebe meines Lebens verweigert und da..." usw., usf., "...haben die Liebe meines Lebens und ich beschlossen, allem ein Ende zu setzen." Mit einem Keuchen schiebt Ihr den Tisch zur Seite und stürzt die Treppen hoch und zum Raum Eures Sohnes, mit [julia.Father.GetFirstName] dicht auf den Fersen. Eng umschlungen liegen dort die beiden Liebenden tot auf dem Boden, neben sich ein leeres Giftfläschchen ...;;"Estás cenando cuando de pronto las puertas del comedor de palacio se abren de par en par e irrumpe [julia.Father.GetTitledFirstName], seguido de tus guardias. ""¿Dónde está?"" pregunta [julia.Father.GetFirstName], dando un puñetazo en la mesa. ""¡Maldita sea, [Root.GetFirstName]! ¿Dónde está mi hija?"" Estampa un trozo de papel sobre la mesa. ""Le prohibí expresamente toda relación con el impresentable de tu hijo, ¡pero hoy he hallado esta nota!""\n\nLee con voz sombría: ""'Padre, dado que ibais a negarme el amor de mi vida y que...' etc, etc, '...mi amor y yo hemos decidido acabar con todo. Adiós.'"" Con un grito ahogado, apartas la mesa y subes las escaleras corriendo hasta la habitación de tu hijo, seguido de [julia.Father.GetFirstName]. En ella, abrazados en el suelo, yacen muertos los dos amantes junto a una botella de veneno vacía...";;;;;;;;;x
EVTDESC_REP_166;It is a day of joyous celebration! Despite the bitter rivalry between the [Root.GetOnlyDynastyName] and [rival_kid.GetOnlyDynastyName] families, love found a way to bridge that gap and bring a young couple together. You decided not to intervene, and it seems [rival_kid.Father.GetTitledFirstName] shared your sentiments and gave his blessings to the couple. Today they are joined in the sacred union of marriage.\n\nThis will hopefully be the start of a lasting peace between your families, and a new era of friendship. As the ceremony is completed and the festivities commence, you and [rival_kid.Father.GetFirstName] shake hands and share some wine together.;C'est un grand jour de célébration ! Malgré l'amère rivalité entre les familles [Root.GetOnlyDynastyName] et [rival_kid.GetOnlyDynastyName], l'amour a réussi à franchir le fossé les séparant et a uni un jeune couple. Vous avez décidé de ne pas intervenir et il semble que [rival_kid.Father.Get_le_TitledFirstName] ait partagé vos sentiments et ait donné sa bénédiction aux tourtereaux. Aujourd'hui, ils s'unissent par les liens sacrés du mariage.\n\nTous espèrent que c'est là le début d'une longue période de paix entre vos deux familles, ainsi que d'une nouvelle amitié. La cérémonie terminée, les festivités commencent et vous serrez la main de [rival_kid.Father.GetFirstName] et trinquez ensemble.;Es ist ein freudiges Fest! Trotz der bitteren Rivalität zwischen den Familien [Root.GetOnlyDynastyName] und [rival_kid.GetOnlyDynastyName] hat die Liebe einen Weg gefunden, diese Kluft zu überbrücken und ein junges Paar zusammenzubringen. Ihr habt Euch entschlossen, nicht einzugreifen, und es hat allen Anschein, als habe [rival_kid.Father.GetTitledFirstName] Eure Absichten geteilt und dem Paar seinen Segen gegeben. Heute werden sie im Bund der heiligen Ehe vereint.\n\nDies wird hoffentlich der Beginn eines langandauernden Friedens zwischen Euren Familien sein und eine neue Ära der Freundschaft. Als die Zeremonie beendet ist und die Festlichkeiten beginnen, schüttelt Ihr und [rival_kid.Father.GetFirstName] die Hände und teilt den Wein untereinander.;;¡Este es un día de celebración gozosa! A pesar de la amarga rivalidad que existe entre las familias [Root.GetOnlyDynastyName] y [rival_kid.GetOnlyDynastyName], el amor ha hallado el modo de cerrar esa brecha y unir a la joven pareja. Decidiste no intervenir y parece que [rival_kid.Father.GetTitledFirstName] compartió tus sentimientos y dio su bendición a esta pareja, que se une hoy en Santo Matrimonio.\n\nEsperemos que sea el inicio de una paz duradera entre ambas familias y de una nueva era de amistad. Finalizada la ceremonia, da comienzo el festejo. Tú y [rival_kid.Father.GetFirstName] os dais la mano y compartis unas copas de vino.;;;;;;;;;x
EVTDESC_REP_168;The [Root.GetOnlyDynastyName] and the [rival_kid.GetOnlyDynastyName] families have come together on this day to mourn the recent loss of their two children. Yet amidst all the gloom there is a glimmer of hope for the future. You and [rival_kid.GetTitledFirstName] are meeting with all the ranking members of your two respective houses.\n\nTogether you have decided to finally end the bitter feud that has been raging longer than anyone can remember. It may be too late for your closest kin, but future generations of [Root.GetOnlyDynastyName] and [rival_kid.GetOnlyDynastyName] children will no longer grow up seeing each other as mortal enemies.;Les familles [Root.GetOnlyDynastyName] et [rival_kid.GetOnlyDynastyName] sont réunies en ce jour pour pleurer la perte douloureuse de leurs deux enfants. Au beau milieu de cette noirceur luit cependant une lueur d'espoir. [rival_kid.Get_Le_TitledFirstName] et vous vous rencontrez avec les membres les plus importants de vos clans respectifs.\n\nEnsemble, vous avez décidé de mettre un terme à cette amère rivalité qui ronge vos familles depuis si longtemps et dont personne ne se souvient de sa cause. Il est trop tard pour vos deux enfants, mais les générations futures de [Root.GetOnlyDynastyName] et [rival_kid.GetOnlyDynastyName] ne doivent plus jamais grandir en considérant l'autre comme ennemi mortel.;Die Familien [Root.GetOnlyDynastyName] und [rival_kid.GetOnlyDynastyName] sind an diesem Tag zusammengekommen, um den kürzlichen Verlust ihrer beiden Kinder zu betrauern. Doch inmitten der Finsternis gibt es einen Funken Hoffnung für die Zukunft. Ihr und [rival_kid.GetTitledFirstName] trefft Euch mit allen hochrangigen Mitgliedern Eurer zwei jeweiligen Häuser.\n\nGemeinsam habt Ihr beschlossen, endlich diese bittere Fehde zu beenden, die schon länger anhält, als sich irgendjemand erinnern kann. Es mag für Eure nächsten Verwandten zu spät sein, doch zukünftige Generationen von [Root.GetOnlyDynastyName] und [rival_kid.GetOnlyDynastyName] werden nie wieder aufwachsen und einander als Todfeinde betrachten.;;Las familias [Root.GetOnlyDynastyName] y [rival_kid.GetOnlyDynastyName] se han reunido en este día para llorar la reciente pérdida de sus dos hijos. Sin embargo, en medio de tanta penumbra, brilla una luz de esperanza para el futuro. Tú y [rival_kid.GetTitledFirstName] os reunís con los miembros principales de ambas dinastías.\n\nJuntos habéis acordado poner fin a la amarga disputa que se libra desde tiempos inmemoriales. Puede que sea demasiado tarde para tus allegados más próximos, pero las generaciones futuras de [Root.GetOnlyDynastyName] y [rival_kid.GetOnlyDynastyName] ya no crecerán como enemigos mortales.;;;;;;;;;x
EVTDESC_REP_182;You have long suspected that the dastardly [feuding_patrician.GetOnlyDynastyName] family are smuggling illegal goods into [Root.MercRepCapital.GetName], but now you have finally managed to confirm it through your sources. You have no proof, of course - [feuding_patrician.GetTitledFirstName] is too clever for that. As you contemplate your options in your study, your son [ambushing_son.GetFirstName] enters and presents a plan.\n\nHe has learned that a [feuding_patrician.GetOnlyDynastyName] smuggler is due to arrive in [Root.MercRepCapital.GetName] tomorrow night with a full hold. Together with some trusted men, he will lie in wait and seize the cargo as soon as the ship moors at the dock. The [feuding_patrician.GetOnlyDynastyName] smugglers won't know what hit them, and even if [feuding_patrician.GetFirstName] learns the truth, he won't be able to act against you without revealing the smuggling activities of his house. You could profit greatly by selling the smuggled goods...;Vous soupçonnez depuis longtemps l'ignoble famille [feuding_patrician.GetOnlyDynastyName] de faire la contrebande de biens illicites à [Root.MercRepCapital.GetName]. Grâce à vos sources, vous en avez maintenant la confirmation. Vous n'avez pas de preuves, bien sûr, [feuding_patrician.Get_le_TitledFirstName] est trop rusé pour se trahir ainsi. Alors que vous envisagez vos opportunités dans votre cabinet, votre fils, [ambushing_son.GetFirstName], vient vous voir et vous présente son plan.\n\nIl a ouï dire qu'un contrebandier de [feuding_patrician.GetOnlyDynastyName] devait arriver demain soir à [Root.MercRepCapital.GetName] avec un chargement plein. Avec des hommes de confiance, il va attendre que le navire s'amarre au port et s'emparer de sa marchandise. Les trafiquants de [feuding_patrician.GetOnlyDynastyName] ne sauront qui les assaille, et même si [feuding_patrician.GetFirstName] apprend la vérité, il ne pourra engager aucune action sans révéler les activités de contrebande de sa famille. Vous obtiendrez de jolis profits en revendant ces marchandises de contrebande...;Ihr hattet schon lange den Verdacht, dass die heimtückische [feuding_patrician.GetOnlyDynastyName]-Familie illegale Güter nach [Root.MercRepCapital.GetName] schmuggelt, doch endlich habt Ihr es geschafft, dies mithilfe Eurer Quellen zu bestätigen. Ihr habt natürlich keine Beweise - [feuding_patrician.GetTitledFirstName] ist zu klug dafür. Während Ihr Eure Möglichkeiten in Eurer Untersuchung abwägt, tritt Euer Sohn [ambushing_son.GetFirstName] ein und präsentiert Euch einen Plan.\n\nEr hat erfahren, dass ein Schmuggler von [feuding_patrician.GetOnlyDynastyName] morgen Nacht mit einem vollen Frachtraum in [Root.MercRepCapital.GetName] ankommen soll. Gemeinsam mit einigen vertrauenswürdigen Männern, wird er sich auf die Lauer legen und die Fracht beschlagnahmen, sobald das Schiff am Kai anlegt. Die Schmuggler von [feuding_patrician.GetOnlyDynastyName] werden nicht wissen, wie ihnen geschieht - und selbst wenn [feuding_patrician.GetFirstName] die Wahrheit herausfindet, wird es ihm nicht möglich sein, etwas gegen Euch zu unternehmen, ohne die Schmuggler-Aktivitäten in seinem Haus zu enthüllen. Ihr könntet davon sehr profitieren, indem Ihr die geschmuggelten Güter verkauft ...;;Sospechabas desde hace tiempo que los cobardes de la familia [feuding_patrician.GetOnlyDynastyName] estaban haciendo contrabando con mercancías ilegales en [Root.MercRepCapital.GetName], pero finalmente tus fuentes te lo han confirmado. No tienes pruebas, obviamente;;;;;;;;;x
EVTDESC_REP_185;As night falls over the docks of [Root.MercRepCapital.GetName], the smugglers quietly slip into port with their galley. They leave their lanterns unlit and skillfully rely on the moonlight to guide them in.\n\nWithout warning, masked men wearing dark robes suddenly leap onboard as the ship moors at the dock. Daggers glint in the moonlight and arrows whistle through the air. Soon five dead smugglers are floating with their faces down in the murky water below the docks, and the galley and its cargo, now under the command of [ambushing_son.GetFirstName], slips away towards a [Root.GetOnlyDynastyName] port.;Alors que la nuit tombe sur [Root.MercRepCapital.GetName], les contrebandiers font entrer tout doucement leur galère dans le port. Leurs fanaux sont éteints et ils se guident habilement grâce au clair de lune.\n\nSans crier gare, des hommes masqués vêtus de noir abordent soudainement le navire alors qu'il s'amarre aux quais. Des poignards brillent sous les rayons de lune et des flèches sifflent dans l'air. En peu de temps, les corps de cinq contrebandiers flottent sur le ventre dans les eaux troubles du port, tandis que le navire et ses marchandises, maintenant sous le commandement de [ambushing_son.GetFirstName], se dirigent vers un port des [Root.GetOnlyDynastyName].;Während die Nacht über dem Kai [Root.MercRepCapital.GetName] hereinbricht, gleiten die Schmuggler leise mit ihrer Galeere in den Hafen. Sie lassen ihre Laternen unangezündet und verlassen sich erfahren darauf, dass das Mondlicht sie leitet.\n\nOhne Warnung springen plötzlich maskierte Männer in dunkler Kleidung an Deck, als das Schiff am Kai anlegt. Dolche blitzen im Mondschein auf und Pfeile schwirren durch die Luft. Schon bald schwimmen fünf tote Schmuggler mit dem Gesicht nach unten im trüben Wasser unterhalb des Kais und die Galeere mitsamt seiner Fracht, nun unter dem Kommando von [ambushing_son.GetFirstName], gleitet in Richtung eines [Root.GetOnlyDynastyName]-Hafens davon.;;Al caer la noche sobre los muelles de [Root.MercRepCapital.GetName], los contrabandistas entran silenciosamente con su galera en el puerto. Apagan todos los faros y hábilmente se dejan guiar por la luz de la luna\n\nSin avisar, unos hombres enmascarados ataviados con ropas oscuras los abordan súbitamente tan pronto amarra el buque. Las dagas resplandecen bajo la luz de la luna y silban flechas cortando el aire. Pronto flotan cinco contrabandistas muertos boca abajo en las aguas turbias de los muelles. La galera con su carga, ahora bajo el mando de [ambushing_son.GetFirstName], se aleja rumbo al puerto de [Root.GetOnlyDynastyName].;;;;;;;;;x
EVTDESC_REP_186;You are drawn to your balcony in the middle of the night by someone calling your name. A group of riders with torches are standing just outside the walls of your palace, and you recognize [feuding_patrician.GetTitledFirstName] among them. In front of them, with his hands tied behind his back, stands [ambushing_son.GetFirstName]. "One of my ships had a visit from some of your men, [Root.GetFirstName]," [feuding_patrician.GetFirstName] calls out. "They have all been dealt with, but I want a little something for the effort I spent tracking down your whelp."\n\nYour son pulls free from the riders, and shouts up at you: "Don't do it, father! Don't trust these [feuding_patrician.GetOnlyDynastyName] bastards!" [feuding_patrician.GetFirstName] knocks [ambushing_son.GetFirstName] to the ground with the pommel of his sword. "Give me what I want, [Root.GetFirstName], and your boy will live. Otherwise..." He levels his sword at your son's head.;Au beau milieu de la nuit, vous êtes attiré sur votre balcon par quelqu'un qui appelle votre nom. Un groupe de cavaliers, torches à la main, se tient devant les murs de votre palais et vous reconnaissez [feuding_patrician.Get_le_TitledFirstName] parmi eux. En avant d'eux, les mains liées dans le dos, se tient [ambushing_son.GetFirstName]. « Un de mes navires a eu la visite de quelques-uns de vos hommes, [Root.GetFirstName] », annonce [feuding_patrician.GetFirstName]. « Nous nous sommes occupés de chacun d'eux, mais j'aimerais bien recevoir une petite récompense pour avoir récupéré votre rejeton. »\n\nVotre fils se libère des cavaliers et vous crie : « Père, ne faites pas ça ! Ne faites pas confiance à ces bâtards de [feuding_patrician.GetOnlyDynastyName] ! » [feuding_patrician.GetFirstName] frappe [ambushing_son.GetFirstName] du pommeau de son épée. « Donnez-moi ce que je veux, [Root.GetFirstName] et je lui laisserai la vie sauve. Sinon... » Il lève son épée au-dessus de la tête de votre fils.;Ihr werdet mitten in der Nacht auf Euren Balkon gelockt, als jemand Euren Namen ruft. Eine Gruppe Reiter mit Fackeln steht vor den Mauern Eures Palastes und Ihr erkennt [feuding_patrician.GetTitledFirstName] unter ihnen. Vor ihnen, mit den Händen hinter seinem Rücken gefesselt, steht [ambushing_son.GetFirstName]. "Eines meiner Schiffe hatte Besuch von einigen Eurer Männer, [Root.GetFirstName]", ruft [feuding_patrician.GetFirstName] herauf. "Man hat sich um alle gekümmert, doch ich möchte etwas für die Mühen, die ich darauf verbracht habe, Euren Welpen aufzuspüren."\n\nEuer Sohn reißt sich von den Reitern los und ruft zu Euch hoch: "Tut es nicht, Vater! Glaubt diesen [feuding_patrician.GetOnlyDynastyName]-Bastarden kein Wort!" [feuding_patrician.GetFirstName] schlägt [ambushing_son.GetFirstName] mit dem Knauf seines Schwertes zu Boden. "Gebt mir, was ich will, [Root.GetFirstName], und Euer Junge wird leben. Andernfalls ..." Er richtet sein Schwert auf den Kopf Eures Sohnes.;;"Alguien llama tu nombre en mitad de la noche y te asomas al balcón. Descubres un grupo de jinetes con antorchas ante los muros de palacio y reconoces a [feuding_patrician.GetTitledFirstName] entre ellos. Frente a él, con las manos atadas a la espalda, se encuentra [ambushing_son.GetFirstName]. ""Uno de mis barcos recibió la visita de algunos de tus hombres, [Root.GetFirstName]"", dice [feuding_patrician.GetFirstName] en voz alta. ""Me he encargado de todos ellos, pero quiero algo para compensar el esfuerzo que he dedicado a seguir la pista de tu cachorro"".\n\nTu hijo se libera de los jinetes y te grita: ""¡No lo hagáis, padre! ¡No confiéis en estos bastardos de [feuding_patrician.GetOnlyDynastyName]!"" [feuding_patrician.GetFirstName] derriba a [ambushing_son.GetFirstName] con la empuñadura de su espada. ""Dame lo que quiero, [Root.GetFirstName], y tu hijo vivirá. De lo contrario..."" Levanta la espada sobre la cabeza de tu hijo.";;;;;;;;;x
EVTDESC_REP_191;The port in [Root.MercRepCapital.GetName] is particularly busy today, but you have decided to take a small trip on one of your family's galleys and have no intention of cancelling your plans. Your captain skillfully guides the ship through the jumble of merchant vessels and towards the open sea. \n\nYou have nearly left the harbor area when another galley flying [feuding_patrician.GetOnlyDynastyName] colors recklessly cuts in front of you! The two galleys collide with the sound of splintering wood, but with the exception of several broken oars, there doesn't seem to be any serious damage to either ship. From the deck of the [feuding_patrician.GetOnlyDynastyName] galley, [feuding_patrician.GetTitledFirstName] screams obscenities at you and accuses you of trying to ram his ship on purpose. He demands the right of way to leave the port before you.;Bien que le port de [Root.MercRepCapital.GetName] soit particulièrement actif aujourd'hui, vous n'avez aucune intention de renoncer à l'idée d'aller faire un petit voyage sur l'une des navires de votre famille. Habilement, votre capitaine dirige le navire vers la mer à travers le méli mélo de vaisseaux marchands. \n\nVous étiez sur le point de quitter la zone portuaire lorsqu'un autre navire, drapeaux des [feuding_patrician.GetOnlyDynastyName] dans le vent, surgit insouciamment en face de vous ! Les deux navires se heurtent. Le son du bois qui se rompt retentit, mais à l'exception de quelques rames brisées, il ne semble pas y avoir de dégâts importants sur l'un ou l'autre des navires. Depuis le pont du navire des [feuding_patrician.GetOnlyDynastyName], [feuding_patrician.Get_le_TitledFirstName] vocifère des obscénités à votre encontre, vous accusant d'avoir intentionnellement tenté d'éperonner son navire. Il exige le droit de passage afin de quitter le port avant vous.;Der Hafen in [Root.MercRepCapital.GetName] ist heute besonders geschäftig, doch Ihr habt Euch dazu entschlossen, einen kleinen Ausflug mit der Familien-Galeere zu unternehmen und habt nicht die Absicht, Eure Pläne abzusagen. Euer Kapitän lenkt das Schiff geschickt durch das Gewirr von Handelsschiffen in Richtung der offenen See.\n\nIhr habt die Hafengegend fast verlassen, als eine andere Galeere, die die [feuding_patrician.GetOnlyDynastyName]-Farben trägt, Euch schneidet! Die zwei Galeeren kollidieren mit einem Geräusch von splitterndem Holz, doch mit Ausnahme einiger gebrochener Ruder, scheint keines der Schiffe ernsthafte Schäden davongetragen zu haben! Vom Deck der [feuding_patrician.GetOnlyDynastyName]-Galeere schreit Euch [feuding_patrician.GetTitledFirstName] Beleidigungen entgegen und bezichtigt Euch, mit Absicht versucht zu haben, sein Schiff zu rammen. Er verlangt Vorfahrt, um den Hafen vor Euch zu verlassen.;;El puerto de [Root.MercRepCapital.GetName] está particularmente concurrido hoy, pero habías decidido emprender un corto viaje en una de las galeras de la familia y no tienes intención de cancelar tus planes. Tu capitán guía hábilmente el barco a través de la maraña de buques mercantes en dirección al mar abierto.\n\n¡Apenas has abandonado la zona portuaria cuando otra galera ondeando los colores de [feuding_patrician.GetOnlyDynastyName] se entromete en tu camino imprudentemente! Las dos galeras chocan y oyes cómo se astilla la madera, aunque a excepción de varios remos rotos, el barco no parece haber sufrido daños graves. Desde la cubierta de la galera de [feuding_patrician.GetOnlyDynastyName], [feuding_patrician.GetTitledFirstName] profiere obscenidades contra ti y te acusa de intentar de chocar contra su nave a propósito. Exige el derecho de paso para salir del puerto primero.;;;;;;;;;x
EVTDESC_REP_192;Your ship is readied for battle, and [feuding_patrician.GetTitledFirstName] immediately responds in kind. Bowmen take up position at the railing and hails of flaming arrows are soon exchanged between the ships. Nearby merchant vessels hurry to distance themselves from the duel, and as the furious battle continues both galleys drift out of the harbor and far out to sea.\n\nThe rigging of the [feuding_patrician.GetOnlyDynastyName] galley has caught fire, but you have little time to celebrate this victory as your own ship is taking on water. A savage boarding action unfolds as both crews fight to escape their equally doomed ships. When the smoke settles, both galleys have slipped beneath the waves and you and [feuding_patrician.GetFirstName] are desperately clutching to the same piece of flotsam, shouting insults at each other.;Votre navire est paré pour la bataille, tout comme l'est aussitôt celui [feuding_patrician.Get_du_TitledFirstName]. Sur les deux navires des archers positionnés derrière la rambarde décochent des volées de flèches enflammées vers le navire ennemi. Les vaisseaux marchands à proximité s'empressent de s'éloigner de ce duel et à mesure que la furieuse bataille fait rage, les deux galères dérive hors de la zone portuaire et se retrouvent en haute mer.\n\nLe gréement de la galère des [feuding_patrician.GetOnlyDynastyName] a pris feu mais vous n'avez pas le temps de célébrer cette victoire car votre propre bateau prend l'eau. Il se déroule une féroce scène d'abordage alors que les équipages des deux navires condamnés au même sort luttent pour leur survie. Lorsque le nuage de fumée s'estompe, les deux navires ont disparu sous les vagues alors que vous et [feuding_patrician.GetFirstName] êtes agrippés au même morceau de débris flottant, occupés à échanger un flot d'insultes.;Euer Schiff wird für den Kampf vorbereitet und [feuding_patrician.GetTitledFirstName] reagiert sofort entsprechend. Bogenschützen nehmen ihre Positionen an der Reling ein und schon bald werden flammende Pfeilhagel zwischen den Schiffen ausgetauscht. In der Nähe befindliche Handelsschiffe versuchen sich schnellstens von dem Duell zu entfernen, und während der rasende Kampf weitergeht, treiben beide Schiffe langsam aus dem Hafen auf die offene See.\n\nDie Takelage der [feuding_patrician.GetOnlyDynastyName]-Galeere hat Feuer gefangen, doch lange könnt Ihr diesen Sieg nicht feiern, da Euer eigenes Schiff mit Wasser vollläuft. Eine wilde Enter-Aktion beginnt, als beide Mannschaften darum kämpfen, von ihren gleichermaßen verlorenen Schiffe zu entkommen. Als der Rauch sich legt, sind beide Galeeren unter die Wellen getaucht und Ihr und [feuding_patrician.GetFirstName] halten sich verzweifelt, einander beleidigend, an demselben Stück Treibgut fest.;;Tu barco está listo para la batalla y [feuding_patrician.GetTitledFirstName] responde inmediatamente en especie. Los arqueros toman posiciones en la borda y pronto ambos barcos se entrecruzan flechas ardientes. Los buques mercantes cercanos se apresuran a distanciarse del duelo y, mientras prosigue la furiosa batalla, las galeras se alejan de la bahía mar adentro.\n\nEl aparejo de la galera de [feuding_patrician.GetOnlyDynastyName] se ha incendiado, pero tienes poco tiempo para saborear esta victoria, dado que tu propio barco está haciendo agua. Se desencadena un alocado abordaje en el que ambas tripulaciones luchan por abandonar sus naves, igualmente maltrechas. Cuando se dispersa el humo, las dos galeras han desaparecido bajo las olas y tanto tú como [feuding_patrician.GetFirstName] os aferráis desesperados al mismo trozo de madera flotante, insultándoos mutuamente.;;;;;;;;;x
EVTDESC_REP_194;You drift at sea for what seems like days, until you and [feuding_patrician.GetTitledFirstName] are finally picked up by a passing galley. Your relief at being rescued is shortlived, however, when the grinning captain announces to his crew: "Looks like the spider just caught a couple of flies."\n\nTo the sound of cracking whips and a steady drumbeat, you and [feuding_patrician.GetFirstName] are chained and put to work as oarsmen along with the other slaves on the pirate galley. The hours pass in a haze as you toil at the oars, and you are nearly at the point of passing out when [feuding_patrician.GetFirstName] shares his water ration with you. He receives a severe whipping for this, but as the guards are busy with him you notice that one of the links in your rusty chains looks ready to snap. The ship is passing close to shore, and you could probably make it...;Vous dérivez à la mer pendant des jours jusqu'à ce que vous et [feuding_patrician.Get_le_TitledFirstName] soyez finalement sauvés par une galère passant par là. Le soulagement d'avoir été secouru est toutefois bien éphémère car le capitaine tout sourire annonce à son équipage : « L'araignée a mis la patte sur deux belles mouches, on diraît ! ».n\nAux sons des coups de fouets et des tambours, vous et [feuding_patrician.GetFirstName] êtes enchaînés et placés aux rames, avec tous les autres esclaves de ce navire de pirates. Les heures ont passé tandis que vous ne cessez de ramer, et vous êtes sur le point de vous évanouir lorsque [feuding_patrician.GetFirstName] partage avec vous sa ration d'eau. Ce geste lui vaut de terribles coups de fouet. Pendant que les gardes sont occupés à administrer la punition, vous remarquez que l'un des maillons de votre chaîne rouillée est bien prêt de céder. Le navire passe près de la côté et vous pourriez probablement en profiter...;Ihr treibt im Meer, was sich wie Tage anfühlt, bis Ihr und [feuding_patrician.GetTitledFirstName] endlich von einer vorbeifahrenden Galeere eingesammelt werden. Eure Erleichterung über Eure Rettung ist nur von kurzer Dauer, als der grinsende Kapitän seiner Mannschaft verkündet: "Scheint so, als habe die Spinne ein paar Fliegen gefangen."\n\nZu dem Klang der knallenden Peitsche und einem gleichmäßigen Trommelschlag werdet Ihr und [feuding_patrician.GetFirstName] in Ketten gelegt und, zusammen mit anderen Sklaven, auf der Piratengaleere als Ruderer an die Arbeit geschickt. Die Stunden ziehen in einem Dunstschleier dahin und Ihr seid nahe daran, ohnmächtig zu werden, als [feuding_patrician.GetFirstName] seine Wasserration mit Euch teilt. Dafür wird er ziemlich ausgepeitscht, doch während die Wachen mit ihm beschäftigt sind, bemerkt Ihr, dass eines Eurer rostigen Kettenglieder kurz vor dem Zerbrechen ist. Dieses Schiff fährt gerade nah an der Küste entlang, Ihr würdet es vermutlich schaffen ...;;"Pasáis una eternidad a la deriva en el mar hasta que una galera os recoge a ti y a [feuding_patrician.GetTitledFirstName]. No obstante, tu alegría por haber sido rescatado dura poco, ya que el capitán comunica a la tripulación, sonriendo: ""Parece que la araña acaba de atrapar un par de moscas.""\n\nAl son de los latigazos y los tambores, tú y [feuding_patrician.GetFirstName] sois encadenados y obligados a trabajar como remeros, junto con el resto de esclavos de la galera pirata. Pasas las horas aturdido, remando en la galera, y estás ya casi a punto de desmayarte cuando de repente [feuding_patrician.GetFirstName] comparte su ración de agua contigo. Recibe unos severos azotes por ello, pero mientras los guardias están ocupados con él te das cuenta de que uno de los oxidados eslabones de tu cadena está a punto de romperse. El barco se halla cerca de la costa y probablemente podrías alcanzarla...";;;;;;;;;x
EVTDESC_REP_195;Using your chain, you strangle the guard whipping [feuding_patrician.GetFirstName] and break free. The rest of the slaves take this as a cue to lash out at any pirate within their reach, and the ensuing commotion gives you enough time to sever [feuding_patrician.GetFirstName]'s chains with the fallen guard's scimitar. Together you work to free the rest of the slaves, and soon a full mutiny has broken out.\n\nMany slaves are cut down, but there are enough of them to overwhelm the pirates and within moments only their injured captain is left alive. "What now?" you ask [feuding_patrician.GetFirstName] as you sail back towards [Root.MercRepCapital.GetName]. "What now? Let me tell you what now," [feuding_patrician.GetFirstName] says. "We're even now. The feud between our families is no more. We've been through too much together." He offers you his hand in friendship...;À l'aide de votre chaîne, vous étranglez le garde qui fouette [feuding_patrician.GetFirstName] et vous vous échappez. Pour les autres esclaves, il s'agit du signal de la révolte généralisée et assaillent tout pirate à leur portée. La cohue qui s'ensuit vous donne le temps de briser les chaînes de [feuding_patrician.GetFirstName] à l'aide du cimeterre du garde terrassé. Ensemble, vous libérez les autres esclaves et bientôt une mutinerie complète éclate.\n\nMême si de nombreux esclaves sont maîtrisés, il y en a assez pour écraser les pirates. En peu de temps, seul leur capitaine, blessé, est toujours vivant. « Et maintenant ?» demandez-vous à [feuding_patrician.GetFirstName] en navigant vers [Root.MercRepCapital.GetName]. « Et maintenant ? Je vais vous le dire », dit [feuding_patrician.GetFirstName]. « Nous sommes quittes. Les querelles entre nos familles n'ont plus lieu d'être. Nous avons passé à travers tant de choses ensemble». Il vous tend la main pour que vous acceptiez son amitié...;Ihr nutzt Eure Kette, um eine Wache zu erwürgen, die [feuding_patrician.GetFirstName] auspeitscht und reißt Euch los. Die restlichen Sklaven sehen dies als Stichwort, jeden Piraten niederzuschlagen, der sich in ihrer Nähe befindet und der darauf folgende Tumult gibt Euch genug Zeit, um [feuding_patrician.GetFirstName]s Kette mithilfe des Krummsäbels der gefallenen Wache zu durchtrennen. Zusammen befreit ihr die restlichen Sklaven und schon bald ist eine vollständige Meuterei ausgebrochen.\n\nViele Sklaven werden niedergestreckt, doch es sind genug, um die Piraten zu überwältigen und einen Moment später ist nur noch der verletzte Kapitän am Leben. "Was jetzt?", fragt Ihr [feuding_patrician.GetFirstName] als Ihr Richtung [Root.MercRepCapital.GetName] segelt. "Was jetzt? Ich werde Euch erzählen, was jetzt ist", sagt [feuding_patrician.GetFirstName]. "Jetzt sind wir quitt. Die Fehde zwischen unseren Familien ist vorüber. Wir haben gemeinsam zu viel erlebt." Er reicht Euch seine Hand in Freundschaft ...;;"Utilizando la cadena, estrangulas al guardia que azota a [feuding_patrician.GetFirstName] y escapas. El resto de los esclavos lo toman como una señal para atacar a cualquier pirata a su alcance y la conmoción desencadenada te proporciona tiempo suficiente para romper las cadenas de [feuding_patrician.GetFirstName] con la cimitarra del guardia caído. Juntos colaboráis para liberar a los demás esclavos y pronto se desata un motín.\n\nMuchos esclavos caen abatidos, pero hay suficientes para arrinconar a los piratas y en unos instantes su capitán herido es el único que queda con vida. ""¿Y ahora qué?"", preguntas a [feuding_patrician.GetFirstName] mientras emprendes el rumbo de vuelta a [Root.MercRepCapital.GetName]. ""¿Y ahora qué? Deja que te explique qué"", dice [feuding_patrician.GetFirstName]. ""Ahora estamos en paz. El enfrentamiento entre nuestras familias ha terminado. Hemos sufrido demasiado juntos"". Te tiende la mano en señal de amistad...";;;;;;;;;x
EVTDESC_REP_201;These are hard times for the [Root.GetOnlyDynastyName] family. Your sworn enemies, the vile and untrustworthy [Liege.GetOnlyDynastyName] dynasty under the leadership of [Liege.GetTitledFirstName], have managed to secure rulership of the Republic using guile and treachery.\n\nAs the [Liege.GetTitle] is still dependant on the favor of the majority of the patrician families, [Liege.GetFirstName] is hesitant to take overt action against your family and its supporters. This hasn't stopped him, however, from using every other avenue at his disposal to tarnish the [Root.GetOnlyDynastyName] name.;Les temps sont durs pour la famille [Root.GetOnlyDynastyName]. Vos ennemis jurés, les infâmes traîtres de [Liege.GetOnlyDynastyName], sous le commandement [Liege.Get_du_TitledFirstName], sont parvenus à accèder aux rènes de la République en utilisant ruse et trahison.\n\nPuisque [Liege.Get_only_le_Title][Liege.GetTitle] est toujours dépendant de la faveur de la majorité des familles patriciennes, [Liege.GetFirstName] hésite à prendre des mesures contre votre famille et ses sympathisants. Cela ne l'a pas empêché toutefois d'user d'autres méthodes afin de ternir l'image des [Root.GetOnlyDynastyName].;Dies sind harte Zeiten für die Familie [Root.GetOnlyDynastyName]. Eure eingeschworenen Feinde, die abscheuliche und nicht vertrauenswürdige Dynastie [Liege.GetOnlyDynastyName] unter der Führung von [Liege.GetTitledFirstName] haben es geschafft, die Herrschaft der Republik mit List und Verrat zu sichern.\n\nDa der [Liege.GetTitle] weiterhin auf die Gefallen der meisten Patrizierfamilien angewiesen ist, zögert [Liege.GetFirstName], etwas gegen Eure Familie und seine Unterstützer zu unternehmen. Dies hat ihn jedoch nicht davon abgehalten, jede andere Möglichkeit nach seinem Gutdünken auszunutzen, um den Namen [Root.GetOnlyDynastyName] zu beschmutzen.;;Son tiempos duros para la familia [Root.GetOnlyDynastyName]. Tus enemigos declarados, la vil y malvada dinastía [Liege.GetOnlyDynastyName], liderados por [Liege.GetTitledFirstName], han logrado gobernar la República haciéndose valer de engaños y traiciones.\n\nComo el [Liege.GetTitle] aún depende del favor de la mayoría de las familias patricias, [Liege.GetFirstName] no se atreve a actuar abiertamente en contra de tu familia y tus partidarios. Sin embargo, esto no le ha impedido aprovechar todas las posibilidades a su disposición para empañar el nombre de [Root.GetOnlyDynastyName].;;;;;;;;;x
EVTDESC_REP_203;As [Root.GetTitle], you are in a unique position to act against the [feuding_patrician.GetOnlyDynastyName] family, your old enemies. Striking at them directly might draw the ire of the other patrician families, whose continued favor is necessary to cement your dynasty's rule over the Republic, however.\n\nThe [feuding_patrician.GetOnlyDynastyName]s still enjoy a lot of support in many quarters of [Root.MercRepCapital.GetName], but new, insidious ways of hurting them are open to you now with your current office. You have managed to tarnish their family's name and standing through an intensive lobby campaign.;En tant qu[Root.Get_only_e_Title][Root.GetTitle], vous êtes seul à pouvoir agir contre la famille [feuding_patrician.GetOnlyDynastyName], vos ennemis de longue date. Les attaquer directement pourrait attiser la colère des autres familles patriciennes dont toutefois la faveur vous est nécessaire pour consolider le règne de votre famille sur la République.\n\nLes [feuding_patrician.GetOnlyDynastyName] ont toujours des sympathisants dans de nombreux quartiers de [Root.MercRepCapital.GetName], mais de nouvelles ruses insidieuses de leur causer du tort s'offrent à vous grâce à votre position actuelle. Vous avez réussi à salir la réputation de leur famille en jouant intensément de votre influence.;Als [Root.GetTitle] seid Ihr in der einzigartigen Position, etwas gegen die Familie [feuding_patrician.GetOnlyDynastyName], Euren alten Feinden, zu unternehmen. Direkt zuzuschlagen könnte den Zorn der anderen Patrizierfamilien heraufbeschwören, deren kontinuierliche Gefallen jedoch nötig sind, um die Herrschaft Eurer Dynastie über die Republik zu festigen.\n\nDie [feuding_patrician.GetOnlyDynastyName]s genießen noch immer eine Menge Unterstützung in vielen Vierteln von [Root.MercRepCapital.GetName], doch neue, hinterhältige Möglichkeiten, sie zu verletzen, stehen Euch nun mit Eurem derzeitigen Büro zur Verfügung. Euch ist es gelungen, ihren Familiennamen mithilfe einer ausdauernden Lobby-Kampagne zu beschmutzen.;;Como [Root.GetTitle], tienes una posición privilegiada para actuar contra la familia [feuding_patrician.GetOnlyDynastyName], tus antiguos enemigos. Atacarlos directamente podría desatar la ira de las demás familias patricias, cuyo favor necesitas para consolidar el mandato de tu dinastía en la República.\n\nLos [feuding_patrician.GetOnlyDynastyName] siguen contando con gran apoyo en muchos distritos de [Root.MercRepCapital.GetName], pero ahora tu posición de gobernante te proporciona nuevas formas insidiosas de hacerles daño. Has logrado empañar el nombre y la posición de su familia mediante una intensa campaña de desprestigio.;;;;;;;;;x
EVTDESC_REP_206;Supporters of your family have clashed with [feuding_patrician.GetOnlyDynastyName] hooligans on the streets of [Root.MercRepCapital.GetName]! What started as a bar-room brawl quickly turned into a riot when hundreds of sailors from the merchant fleets of both families joined in the destructive melee.\n\nNearly a dozen dead have so far been reported by the city guard, and several stores were looted during the commotion. The other patrician families are not amused by this disturbance of the peace.;Des sympathisants de votre famille sont confrontés aux voyous des [feuding_patrician.GetOnlyDynastyName] dans les rues de [Root.MercRepCapital.GetName] ! Ce qui avait débuté comme une querelle de taverne s'est rapidement transformée en une émeute dans laquelle des centaines de marins et membres des flottes marchandes de l'une ou l'autre famille prennent part à cette furie destructrice.\n\nLes gardes signalent déjà près d'une dizaine de morts et plusieurs magasins ont été pillés pendant le tumulte. Ces troubles de la paix n'amusent pas les autres familles patriciennes. ;Unterstützer Eurer Familie sind auf den Straßen von [Root.MercRepCapital.GetName] mit Randalierern von [feuding_patrician.GetOnlyDynastyName] zusammengestoßen! Was als Stammtisch-Schlägerei begann, artete schnell in Ausschreitungen aus, als hunderte von Matrosen der Handelsschiffe beider Familien sich dem zerstörerischen Kampf anschlossen.\n\nBeinahe ein Dutzend Tote wurden bisher von der Stadtwache gemeldet und einige Geschäfte wurden während der Tumulte geplündert. Die anderen Patrizierfamilien sind von dieser Störung des Friedens nicht begeistert.;;¡Algunos partidarios de tu familia se han enfrentado con los camorristas de [feuding_patrician.GetOnlyDynastyName] en las calles de [Root.MercRepCapital.GetName]! Lo que comenzó como una pelea de bar rápidamente se convirtió en una revuelta cuando cientos de marineros de la flota mercante de ambas familias se unieron a la destructiva refriega.\n\nLa guardia urbana ha contabilizado cerca de una docena de muertos de momento. Además, durante los disturbios se han saqueado varios almacenes. A las demás familias patricias no les hacen ninguna gracia estos violentos altercados.;;;;;;;;;x
EVTNAME_REP_101;The Great Ball;Le grand bal;Der Große Ball;;El gran baile;;;;;;;;;x
EVTNAME_REP_102;Arriving at the Ball...;L'arrivée au bal...;Beim Ball;;Al llegar al baile...;;;;;;;;;x
EVTNAME_REP_104;The Even Greater Ball;Un bal encore plus grandiose;Der noch größere Ball;;Un baile aún mayor;;;;;;;;;x
EVTNAME_REP_105;The Day of the Ball;Le jour du bal;Der Tag des Balls;;El día del baile;;;;;;;;;x
EVTNAME_REP_151;The [feuding_patrician.GetOnlyDynastyName] Flagship;Le vaisseau de [feuding_patrician.GetOnlyDynastyName];Das [feuding_patrician.GetOnlyDynastyName]-Flaggschiff;;El buque insignia de [feuding_patrician.GetOnlyDynastyName];;;;;;;;;x
EVTNAME_REP_152;The Marriage of the Sea;Le mariage avec la mer;Die Hochzeit des Meeres;;Los esponsales del mar;;;;;;;;;x
EVTNAME_REP_153;The Ship is Launched;Le vaisseau est lancé;Das Schiff wurde zu Wasser gelassen;;La botadura del buque;;;;;;;;;x
EVTNAME_REP_154;The Lion of the Sea;Le lion des mers;Der Löwe des Meeres;;El león del mar;;;;;;;;;x
EVTNAME_REP_155;You Are Cordially Invited...;Vous êtes cordialement invité...;Ihr seid herzlich eingeladen ...;;Estás cordialmente invitado...;;;;;;;;;x
EVTNAME_REP_161;A Nightly Visit;Une visite nocturne;Ein nächtlicher Besuch;;Una visita nocturna;;;;;;;;;x
EVTNAME_REP_164;Never Was a Story of More Woe...;Car jamais il n' y eut plus douloureux récit...;Es gab niemals eine Geschichte von mehr Kummer;;Nunca contuvo una historia tanta aflicción...;;;;;;;;;x
EVTNAME_REP_166;Wedding Bells;Cloches nuptiales;Hochzeitsglocken;;Campanadas de boda;;;;;;;;;x
EVTNAME_REP_168;Two Funerals and a Truce;Deux funérailles et une trève;Zwei Beerdigungen und ein Waffenstillstand;;Dos funerales y una tregua;;;;;;;;;x
EVTNAME_REP_182;The Smugglers of [Root.MercRepCapital.GetName];Les contrebandiers de [Root.MercRepCapital.GetName];Die Schmuggler von [Root.MercRepCapital.GetName];;Los contrabandistas de [Root.MercRepCapital.GetName];;;;;;;;;x
EVTNAME_REP_185;The Only Good Smuggler...;Un bon contrebandier...;Der einzig gute Schmuggler...;;El único buen contrabandista...;;;;;;;;;x
EVTNAME_REP_186;The Ultimate Sacrifice;Le sacrifice ultime;Das größte Opfer;;El último sacrificio;;;;;;;;;x
EVTNAME_REP_191;The Right of Way;Le droit de passage;Das Wegerecht;;El derecho de paso;;;;;;;;;x
EVTNAME_REP_192;Battle is Joined!;Le combat s'engage !;Dem Kampf beigetreten;;¡Comienza la batalla!;;;;;;;;;x
EVTNAME_REP_194;Days of Toil and Hardship;Jours de lourd labeur et de peine;Tage des Schuftens und der Mühe;;Días de trabajo y esfuerzo;;;;;;;;;x
EVTNAME_REP_195;The Mutiny;La Mutinerie;Die Meuterei;;El motín;;;;;;;;;x
EVTNAME_REP_201;The Wrath of the [merchant_republic_leader.GetTitle];La colère [merchant_republic_leader.Get_only_du_Title][merchant_republic_leader.GetTitle];Der Zorn von [merchant_republic_leader.GetTitle];;La ira del [merchant_republic_leader.GetTitle];;;;;;;;;x
EVTNAME_REP_206;Riots in [Root.MercRepCapital.GetName]!;Des émeutes à [Root.MercRepCapital.GetName] !;Ausschreitungen in [Root.MercRepCapital.GetName]!;;¡Disturbios en [Root.MercRepCapital.GetName]!;;;;;;;;;x
EVTOPTA_REP_101;Ready my carriage!;Préparez mon attelage !;Bereitet meine Kutsche vor!;;¡Preparad mi carruaje!;;;;;;;;;x
EVTOPTA_REP_102;You will live to regret this, [feuding_patrician.GetFirstName]! Mark my words!;Vous allez le regretter toute votre vie, [feuding_patrician.GetFirstName] ! Prenez-en note !;"Das werdet Ihr mir büßen, [feuding_patrician.GetFirstName]! Merkt Euch meine Worte!";;¡Vivirás para lamentarlo, [feuding_patrician.GetFirstName]! ¡Recuerda estas palabras!;;;;;;;;;x
EVTOPTA_REP_104;Make it happen! Spare no expense!;Qu'il en soit ainsi ! Ne regardez pas à la dépense !;Macht es möglich! Lasst es an nichts fehlen!;;¡Organizadlo! ¡No escatiméis en gastos!;;;;;;;;;x
EVTOPTA_REP_105;Ha! Let him run.;Bah ! Laissez-le courir.;"Ha! Lasst ihn laufen.";;¡Ja! Dejad que corra.;;;;;;;;;x
EVTOPTA_REP_151;Brilliant! Send in the men!;Brillant ! Qu'on envoie ces hommes !;Brillant! Schickt diese Männer herein!;;¡Fantástico! ¡Enviad a los hombres!;;;;;;;;;x
EVTOPTA_REP_152;Hahaha!;Hahaha !;Hahaha!;;¡Ja, ja, ja!;;;;;;;;;x
EVTOPTA_REP_154;Gggh... that insufferable...!;Argh... C'est insupportable !;Gggh... dieser unausstehliche...!;;Pfff... ese insufrible...;;;;;;;;;x
EVTOPTA_REP_155;Let's go to damage control...;Essayons de limiter les dégâts...;Auf zur Schadensbegrenzung ...;;Vayamos al control de daños...;;;;;;;;;x
EVTOPTA_REP_161;You are not to see him again!;Tu ne le verras plus jamais !;Ihr werdet ihn nicht wiedersehen!;;¡Más vale que no lo vuelvas a ver!;;;;;;;;;x
EVTOPTA_REP_163;You are not to see her again!;Tu ne la verras plus jamais !;Ihr werdet sie nicht erneut wiedersehen!;;¡Más vale que no la vuelvas a ver!;;;;;;;;;x
EVTOPTA_REP_164;This feud has cost us everything... it has to end.;Cette vendetta nous aura coûté beaucoup trop cher... Nous devons y mettre fin.;Diese Fehde hat uns alles gekostet ... das muss ein Ende haben.;;Este enfrentamiento nos ha salido demasiado caro... debe terminar.;;;;;;;;;x
EVTOPTA_REP_166;A toast to the continued prosperity of our two families!;Je lève mon verre à la prospérité de nos deux familles !;Ein Trinkspruch auf den kontinuierlichen Wohlstand unserer beiden Familien!;;¡Un brindis por la continua prosperidad de nuestras dos familias!;;;;;;;;;x
EVTOPTA_REP_168;Let us never forget this day.;N'oublions jamais ce jour.;Lasst uns diesen Tag niemals vergessen.;;No debemos olvidar nunca este día.;;;;;;;;;x
EVTOPTA_REP_182;An excellent plan, [From.GetFirstName]. I am proud of you.;C'est un excellent plan, [From.GetFirstName]. Je suis fier de toi.;Ein hervorragender Plan, [From.GetFirstName]. Ich bin stolz auf Euch.;;Un plan excelente, [From.GetFirstName]. Me siento orgulloso de ti.;;;;;;;;;x
EVTOPTA_REP_185;Well done, my boy!;Bien joué, fiston !;Gut gemacht, mein Junge!;;¡Bien hecho, hijo mío!;;;;;;;;;x
EVTOPTA_REP_186;I don't have that kind of money, damn you!;Que le ciel vous maudisse ! Je n'ai pas cet argent.;So viel Geld habe ich nicht, schert Euch zum Teufel!;;¡No dispongo de semejante cantidad de dinero, maldita sea!;;;;;;;;;x
EVTOPTA_REP_191;That does it. Ready the ship for battle!;C'est assez. Branle-bas de combat !;Genug ist genug. Bereitet das Schiff für den Kampf vor!;;Estoy harto. ¡Preparad la nave para la batalla!;;;;;;;;;x
EVTOPTA_REP_192;I hope you're happy now!;J'espère que tu es content maintenant !;Ich hoffe, dass Ihr nun zufrieden seid!;;¡Espero que ahora estés contento!;;;;;;;;;x
EVTOPTA_REP_194;So long, fools!;Au revoir, bande d'idiots !;Bis dann, Dummköpfe!;;¡Hasta nunca, espabilados!;;;;;;;;;x
EVTOPTA_REP_195;So be it, friend.;Qu'il en soit ainsi, mon ami[From.Get_E].;So soll es sein, Freund.;;Que así sea, amigo.;;;;;;;;;x
EVTOPTA_REP_201;Some day, the boot will be on the other foot...;Un jour, les rôles seront inversés...;Eines Tages wird sich das Blatt wenden ...;;Algún día, cambiarán las tornas...;;;;;;;;;x
EVTOPTA_REP_203;Heed the words of the [Root.GetTitle]!;Écoutez les paroles [Root.Get_only_du_Title][Root.GetTitle] !;Beherzigt die Worte von [Root.GetTitle]!;;¡Prestad atención a las palabras del [Root.GetTitle]!;;;;;;;;;x
EVTOPTA_REP_206;They started it!;Ce sont eux qui ont commencé !;Sie haben angefangen!;;¡Empezaron ellos!;;;;;;;;;x
EVTOPTB_REP_101;Oh well. What's a ball? I suppose it would be frightfully dull, and...;Bah. Qu'est-ce qu'un bal ? C'est souvent si horriblement ennuyeux et...;Nun ja. Was ist schon ein Ball?;;Bueno... ¿Qué supone un baile? Seguro que será terriblemente aburrido... ;;;;;;;;;x
EVTOPTB_REP_104;I refuse to stoop to their childish level.;Je refuse de m'abaisser à ces enfantillages.;Ich weigere mich, mich auf ihr kindisches Niveau herabzubegeben.;;Me niego a rebajarme a su nivel infantil.;;;;;;;;;x
EVTOPTB_REP_151;This hare-brained scheme will never work.;Ce plan insensé ne marchera jamais.;Dieser verrückte Plan wird niemals funktionieren.;;Es imposible que este plan descabellado funcione.;;;;;;;;;x
EVTOPTB_REP_161;Perhaps I acted in haste.... I will not stand in the way of true love.;J'ai peut-être agi trop hâtivement... Je ne peux empêcher un véritable amour.;Vielleicht habe ich übereilt gehandelt ... Ich werde wahrer Liebe nicht im Weg stehen.;;Tal vez actué precipitadamente.... No voy a interponerme en el camino del amor verdadero.;;;;;;;;;x
EVTOPTB_REP_164;Y-you killed her! My sweet daughter!;V-vous l'avez tuée ! Ma fille chérie !;I-Ihr habt sie getötet! Meine süße Tochter!;;¡Tú, tú la has matado! ¡Mi dulce hija!;;;;;;;;;x
EVTOPTB_REP_165;Y-you killed him! My poor boy!;V-vous l'avez tué ! Mon pauvre fils !;I-Ihr habt ihn getötet! Mein armer Junge!;;¡Tú, tú lo has matado! ¡Mi pobre hijo!;;;;;;;;;x
EVTOPTB_REP_182;No, it is too risky.;Non, c'est trop risqué.;Nein, das ist zu riskant.;;No, es demasiado arriesgado.;;;;;;;;;x
EVTOPTB_REP_186;You'll have your money! Just let [ambushing_son.GetFirstName] go!;Vous aurez l'argent ! Laissez [ambushing_son.GetFirstName] partir !;Ihr werdet Euer Geld bekommen! Lasst nur [ambushing_son.GetFirstName] frei!;;¡Tendrás tu dinero! ¡Pero deja marchar a [ambushing_son.GetFirstName]!;;;;;;;;;x
EVTOPTC_REP_186;Be proud, my son. Chin up. Show these dogs how a [Root.GetOnlyDynastyName] dies.;Sois fier, mon fils. Garde la tête haute. Montre à ces chiens comment meurt un [Root.GetOnlyDynastyName].;Seid stolz, mein Sohn. Kopf hoch. Zeigt diesen Hunden, wie ein [Root.GetOnlyDynastyName] stirbt.;;Conserva el orgullo, hijo mío. Mantén la cabeza bien alta. Muestra a estos perros como muere un [Root.GetOnlyDynastyName].;;;;;;;;;x
EVTOPTB_REP_191;Oh, let that childish fool go first.;Oh, qu'on laisse cet enfant imbécile passer en premier.;Oh, lasst diesen kindischen Dummkopf zuerst fahren.;;Bueno, dejad que ese tonto pueril salga primero.;;;;;;;;;x
EVTOPTB_REP_194;I can't leave without [feuding_patrician.GetFirstName]...;Je ne peux pas partir sans [feuding_patrician.GetFirstName]...;Ich kann nicht ohne [feuding_patrician.GetFirstName] gehen ...;;No puedo marcharme sin [feuding_patrician.GetFirstName]...;;;;;;;;;x
EVTOPTB_REP_195;After everything your family has done? Never!;Après tout ce que votre famille a fait ? Jamais !;Nach allem, was Eure Familie getan hat? Niemals!;;¿Después de todo lo que ha hecho tu familia? ¡Jamás!;;;;;;;;;x
EVTTOOLTIP_REP_102;You decide to grace the ball with your presence, invitation or not.;Vous décidez d'honorer le bal de votre présence, qu'il y ait eu invitation ou non.;Ihr entschließt Euch, den Ball mit Eurer Anwesenheit zu schmücken, Einladung hin oder her.;;Decides honrar al baile con tu presencia, con invitación o sin ella.;;;;;;;;;x
EVTTOOLTIP_REP_105;You make arrangements to hold a splendid ball.;Vous organisez la tenue d'un bal splendide.;Trefft alle Vorkehrungen, um einen grandiosen Ball auszurichten.;;Haces los preparativos para celebrar un baile espléndido.;;;;;;;;;x
EVTTOOLTIP_REP_500;Your petition is heard.;Votre requête est entendue.;Eurer Bitte wird stattgegeben.;;Tu solicitud es escuchada.;;;;;;;;;x
EVTTOOLTIP_REP_502;You inform the Patrician that he will have to part with some of his Trade Posts.;Vous informez le Patricien qu'il devra céder quelques-uns de ses comptoirs.;Ihr informiert den Patrizier, dass er einige seiner Handelsposten abgeben muss.;;Informas al Patricio de que tendrá que desprenderse de algunos de sus Puestos Comerciales.;;;;;;;;;x
EVTTOOLTIP_REP_503;You have no choice but to grant his request.;Vous n'avez pas d'autre choix que de consentir à sa requête.;Ihr habt keine Wahl, als dieser Forderung nachzugeben.;;No tienes más remedio que acceder a su solicitud.;;;;;;;;;x
EVTTOOLTIP_REP_504;You inform the Patrician that his request has been granted.;Vous informez le Patricien que sa requête est acceptée.;Ihr informiert den Patrizier, dass seiner Forderung nachgekommen wird.;;Informaré al Patricio de que su solicitud ha sido concedida.;;;;;;;;;x
EVTTOOLTIP_REP_508;You inform the Patrician that you did your best.;Vous informez le Patricien que vous avez fait de votre mieux.;Ihr informiert den Patrizier, dass Ihr Euer Bestes versucht habt.;;Comunicas al Patricio que has hecho todo lo que estaba en tu mano.;;;;;;;;;x
EVTTOOLTIP_REP_510;You present your demand for several Trade Posts.;Vous présentez votre requête pour plusieurs comptoirs.;Ihr legt Euren Bedarf nach einigen Handelsposten dar.;;Presentas una solicitud para varios Puestos Comerciales.;;;;;;;;;x
EVTTOOLTIP_REP_512;With your high level of stewardship, you can easily prove that the Trade Posts will do far better under your continued rule.;Avec votre haut niveau d'Intendance, vous pouvez facilement prouver que les comptoirs seront bien plus rentables sous votre direction.;Dank Eurer großen Verwaltungsfähigkeiten könnt Ihr leicht beweisen, dass die Handelsposten unter Eurer fortgesetzten Herrschaft besser aufgehoben sind.;;Gracias a tu alto nivel de administración, puedes demostrar fácilmente que los Puestos Comerciales rendirán mucho mejor bajo tu control continuo.;;;;;;;;;x
EVTTOOLTIP_REP_513;You use your diplomatic skill to point out the folly of this request, and how it threatens the very foundation of the Republic.;Vous usez de vos talents de diplomate pour démontrer la folie de cette requête et pour illustrer la menace que celle-ci fait peser sur les fondements mêmes de la République.;Ihr benutzt Eure diplomatischen Fähigkeiten, um die Narretei seiner Anfrage aufzuzeigen und darzustellen, auf welche Weise sie die Grundlagen der Republik bedroht.;;Usas tu habilidad diplomática para poner de relieve la locura de esta solicitud y la peligrosa amenaza que supone para la mismísima fundación de la República.;;;;;;;;;x
EVTTOOLTIP_REP_514;With your skill at intrigue, you have already taken steps to ensure the continued loyalty of the men serving at these Trade Posts.;Grâce à votre aptitude en matière d'Intrigue, vous prenez dès lors des mesures pour assurer la fidélité des hommes assignés à ces comptoirs.;Dank Eurer Begabung für Intrigen habt Ihr bereits einige Schritte unternommen, um die Loyalität der Männer in diesen Handelsposten sicherzustellen.;;Gracias a tu destreza en la intriga, ya has tomado medidas para garantizar la continua lealtad de los hombres que sirven en estos Puestos Comerciales.;;;;;;;;;x
