EVTDESC_TOG_3000;As the enemy draws near during the battle, an uncontrollable rage begins to swell within you. You furiously bite down on the edges of your shield in an attempt to devour it. Trembling with anger, you then raise your great axe and charge howling into the enemy ranks. Many of the cowards attempt to flee at the mere sight of you, but your axe has no mercy to spare for them.;Alors que l'ennemi s'approche durant la bataille, une rage incontrôlable vous envahit. Vous mordez furieusement les coins de votre bouclier, tentant de le dévorer. Vibrant de colère, vous levez alors votre hache en hurlant et chargez vers les rangs ennemis. Rien qu'en vous voyant, bon nombre de ces lâches essaient de fuir mais votre hache est sans merci pour eux.;Als der Feind in der Schlacht herankommt, beginnt unkontrollierte Rage in Euch heranzuwachsen. Blindwütig beißt Ihr auf die Kanten Eures Schildes im Versuch, sie zu unterdrücken. Zitternd vor Wut erhebt Ihr schließlich Eure Langaxt und stürmt heulend in die feindlichen Linien. Viele der Feiglinge fliehen bei Eurem bloßen Anblick, doch Eure Axt kennt keine Gnade für sie.;;A medida que el enemigo se acerca durante la batalla, una rabia incontrolable comienza a apoderarse de ti. Empiezas a morder furiosamente los bordes de tu escudo con la intención de devorarlo. Temblando de ira, levantas tu gran hacha y cargas aullando contra las filas enemigas. Muchos de los cobardes tratan de huir sólo con verte, pero tu hacha no tiene piedad.;;;;;;;;;x
EVTDESC_TOG_3001;Consumed by bloodlust and shaking with berserker rage, you cleave the skull of yet another foe with your axe. That was a worthy opponent, and only when you turn to seek more fodder for your axe do you notice the large spear impaling your thigh.;Une soif de sang vous emporte et, vibrant de la fureur sacrée du berserk, vous fendez le crâne d'un autre adversaire avec votre hache. C'était un adversaire de taille. Ce n'est que lorsque vous vous retournez à la recherche d'autres ennemis à donner à votre hache que vous remarquez une grande lance qui traverse votre cuisse.;Getrieben vom Blutrausch und der Wut des Berserkers spaltet Ihr den Schädel eines weiteren Feindes mit Eurer Axt. Das war ein würdiger Gegner und erst als Ihr mehr Futter für die Axt sucht, bemerkt Ihr den langen Speer in Eurem Schenkel.;;Consumido por la sed de sangre y temblando de furia enloquecida, rompes el cráneo de otro enemigo con tu hacha. Ese era un digno oponente, y sólo cuando te giras para buscar más pasto para tu hacha te das cuenta de la gran lanza clavada en tu muslo.;;;;;;;;;x
EVTDESC_TOG_3002;Consumed by bloodlust and shaking with berserker rage, you cleave the skull of yet another foe with your axe. That was a worthy opponent, and only when you turn to seek more fodder for your axe do you notice the long arrow impaling your thigh.;Une soif de sang vous emporte et, vibrant de la fureur sacrée du berserk, vous fendez le crâne d'un autre adversaire avec votre hache. C'était un adversaire de taille. Ce n'est que lorsque vous vous retournez à la recherche d'autres ennemis donner à votre hache que vous remarquez une longue flèche qui traverse votre cuisse.;Getrieben vom Blutrausch und der Wut des Berserkers spaltet Ihr den Schädel eines weiteren Feindes mit Eurer Axt. Ein würdiger Gegner war er und erst als Ihr mehr Futter für die Axt sucht, bemerkt Ihr den langen Speer in Eurem Schenkel.;;Consumido por la sed de sangre y temblando de furia enloquecida, rompes el cráneo de otro enemigo con tu hacha. Ese era un digno oponente, y sólo cuando te giras para buscar más pasto para tu hacha te das cuenta de la gran flecha clavada en tu muslo.;;;;;;;;;x
EVTDESC_TOG_3003;Your berserker rage has left you isolated and surrounded, and as you swing your axe at the nearest foe, an arrow burrows into your shoulder and two more dig into your chest. Throwing your shield aside, you wield your axe two-handed and cleave yet another skull before falling to your knees. Moments later a dozen enemies hurl themselves at you like a pack of rabid dogs.;Votre fureur sacrée vous a laissé isolé[Root.Get_E] et encerclé[Root.Get_E]. Alors que vous brandissez votre hache, une flèche s'enfonce dans votre épaule et deux autres se plantent dans votre thorax. Vous lâchez votre bouclier et empoignez votre hache des deux mains afin de fendre un autre crâne avant de tomber à genoux. Quelques instants plus tard, des dizaines d'ennemis se jettent sur vous comme des chiens enragés.;Getrieben von Eurer Berserkerwut seid Ihr nun getrennt von den anderen und umzingelt. Als Ihr Eure Axt in den nächsten Gegner versenkt, bohrt sich ein Pfeil in Eure Schulter und zwei weitere in Eure Brust. Ihr werft Euren Schild beiseite und schwingt die Axt beidhändig, einen weiteren Schädel spaltend, bevor Ihr auf die Knie fallt. Augenblicke später fällt ein Dutzend Feinde, einem Rudel tollwütiger Hunde gleich, über Euch her.;;Tu furia enloquecida te ha dejado aislado y rodeado, y mientras mueves el hacha contra el enemigo más cercano, una flecha se hunde en tu hombro y dos más se te clavan en el pecho. Lanzas el escudo a un lado, empuñas tu hacha con las dos manos y rompes otro cráneo antes de caer de rodillas. Momentos después, una docena de enemigos se lanzan contra ti como una jauría de perros rabiosos.;;;;;;;;;x
EVTDESC_TOG_3004;Your vision turns red with bloodlust and you charge ahead without regard for your safety. As your nearest companions hurry to keep up, you surrender to your berserker rage and your axe cuts a wide swath in the enemy ranks. When the dust settles, they find you standing over half a dozen slain foes.;Une soif de sang vous emporte, vous voyez rouge et vous chargez droit devant vous sans penser à votre sécurité. Tandis que vos compagnons se pressent de vous suivre, vous vous abandonnez à votre fureur sacrée de berserk et votre hache décime les rangs ennemis. Lorsque la poussière retombe, ils vous retrouvent debout au-dessus d'une demi-douzaine d'adversaires abattus.;Euer Blick färbt sich rot vom Blutrausch und Ihr stürmt voran, ohne auf Eure Sicherheit zu achten. Als sich Eure am nächsten stehenden Gefährten beeilen, mit Euch mitzuhalten, ergebt Ihr Euch ganz dem Berserkerrausch und Eure Axt schlägt weite Löcher in die Linie der Feinde. Als sich der Staub legt, findet man Euch stehend über einem halben Dutzend erschlagener Feinde.;;Tu visión se vuelve roja con sed de sangre y atacas hacia adelante sin tener en cuenta tu seguridad. A medida que tus compañeros más cercanos se apresuran a seguirte, te entregas a tu furia enloquecida y tu hacha hace una amplia brecha en las filas enemigas. Cuando el polvo se asienta, te encuentran de pie junto a media docena de enemigos muertos.;;;;;;;;;x
EVTDESC_TOG_3005;Despite your best efforts, you have thus far been cheated of a glorious death in battle. Sadly, you no longer have the endurance or constitution necessary to sustain your berserker rage. Perhaps such things are best left for the youth...;Malgré tous vos efforts, vous n'avez pas jusqu'ici trouvé une glorieuse mort au combat. Malheureusement, vous n'avez plus l'endurance ou la constitution nécessaire pour encaisser votre fureur sacrée de berserk. Il vaut probablement mieux laisser ce genre de choses aux plus jeunes...;Trotz Eurer Bemühungen wurdet Ihr bislang um einen Heldentot in der Schlacht betrogen. Leider seid Ihr nicht länger in der Verfassung, die Berserkerwut aufrechtzuerhalten. Vielleicht sollte man solche Dinge der Jugend überlassen...;;A pesar de tus mejores esfuerzos, no has conseguido una muerte gloriosa en la batalla. Por desgracia, ya no tienes la resistencia o la constitución necesaria para sostener tu furia enloquecida. Tal vez este tipo de cosas es mejor dejarlas para los jóvenes...;;;;;;;;;x
EVTDESC_TOG_3006;You are in the middle of a heated discussion with [berserker_target.GetTitledFirstName], your bothersome courtier, when you feel the berserker rage rising within you. As [berserker_target.GetFirstName] continues to babble about trivial concerns, you bite down hard on the wooden table and begin to froth at the mouth. Soon your vision turns red as the familiar bloodlust is roused from its slumber...;Vous êtes au beau milieu d'une discussion animée avec [berserker_target.Get_le_TitledFirstName], un courtisan gênant, quand vous sentez la fureur sacrée du berserk vous envahir. Comme [berserker_target.GetFirstName] continue à jacasser à propos de sujets sans importance, vous mordez dans la table en bois et de l'écume sort de votre bouche. En peu de temps, vous commencez à voir rouge alors que votre soif de sang s'éveille...;Ihr befindet Euch mitten in einer angeregten Diskussion mit [berserker_target.GetTitledFirstName], Eurem nervigen Höfling, als Ihr fühlt wie die Berserkerwut in Euch aufsteigt. Als [berserker_target.GetFirstName] fortfährt, über irgendwelche Kleinigkeiten zu plappern, beißt Ihr fest in den Tisch und Schaum tropft von Euren Lippen. Euer Blick färbt sich rot, als der bekannte Blutrausch erwacht...;;Estás en medio de una acalorada discusión con [berserker_target.GetTitledFirstName], tu cortesano molesto, cuando sientes la furia enloquecida creciendo dentro de ti. Como [berserker_target.GetFirstName] sigue hablando sobre temas triviales, muerdes con fuerza la mesa de madera y comienzas a echar espuma por la boca. Pronto tu visión se vuelve roja como si la familiar sed de sangre se despertara de su sueño...;;;;;;;;;x
EVTDESC_TOG_3007;As your servants hurry towards your throne room to see what the commotion is about, the doors fly open and [berserker_target.GetTitledFirstName] tumbles out with torn clothes, several missing teeth and a face covered in bruises. He runs away in mad panic as you struggle to calm down.;Alors que vos serviteurs se précipitent vers la salle du trône pour voir d'où vient cette agitation, la porte s'ouvre d'un seul coup et [berserker_target.Get_le_TitledFirstName] se rue à l'extérieur, les vêtements déchirés, plusieurs dents en moins et le visage meurtri. Il se sauve dans une panique folle tandis que vous vous faites violence pour vous calmer.;Als Eure Diener zu Eurem Thronsaal eilen, fliegen die Türen auf und [berserker_target.GetTitledFirstName] stolpert, mit zerrissener Kleidung, einigen fehlenden Zähnen und einem Gesicht voller Blutergüsse, heraus. In wilder Panik rennt er davon, während Ihr versucht, Euch zu beruhigen.;;Mientras tus siervos se apresuran hacia la sala del trono para ver qué es el alboroto, las puertas se abren y [berserker_target.GetTitledFirstName] cae con la ropa rota, varios dientes rotos y el rostro lleno de moratones. Él huye en pánico mientras tú luchas por calmarte.;;;;;;;;;x
EVTDESC_TOG_3008;You bite off a large chunk of table and spit it out as [berserker_target.GetTitledFirstName] continues to drone on. The berserker rage is upon you, but with great effort you manage to channel it towards the table instead of [berserker_target.GetFirstName]. With your axe you reduce the table to firewood, and as you lie panting in the wreckage, [berserker_target.GetFirstName] finally stops his tirade to ask: Are you feeling well, my [Root.GetTitle]?;Vous croquez un gros morceau de la table et le recrachez tandis que [berserker_target.Get_le_TitledFirstName] poursuit son monologue. La fureur sacrée du berserk vous envahit, mais vous réussissez tant bien que mal à la canaliser vers la table plutôt que vers [berserker_target.GetFirstName]. Avec votre hache, vous réduisez votre table en bois de chauffage et, alors que vous gisez, haletant, sur ce qui en reste, [berserker_target.GetFirstName] arrête enfin sa tirade et vous demande : « Est-ce que tout va bien M[Root.Liege.GetOnA][Root.Liege.GetLordLady] ? »;Ihr beißt ein Stück aus dem Tisch, während [berserker_target.GetTitledFirstName] weiterschwafelt. Die Berserkerwut brennt in Euch, doch mit großer Mühe könnt Ihr sie auf den Tisch anstatt auf [berserker_target.GetFirstName] kanalisieren. Mit Eurer Axt zerhackt Ihr den Tisch und liegt keuchend zwischen den Stücken, als [berserker_target.GetFirstName] endlich seine Tirade beendet und fragt: "Fühlt Ihr Euch wohl, mein [Root.GetTitle]?";;Muerdes un gran trozo de mesa y lo escupes mientras [berserker_target.GetTitledFirstName] sigue con su tono monótono. La furia enloquecida se está apoderando de ti, pero con gran esfuerzo logras canalizarla hacia la mesa en lugar de [berserker_target.GetFirstName]. Con tu hacha reduces la mesa a leña, y mientras te acuestas jadeando entre los escombros, [berserker_target.GetFirstName] finalmente detiene su diatriba para preguntar: ¿Se siente usted bien, mi [Root.GetTitle]?;;;;;;;;;x
EVTDESC_TOG_3100;Varangian raiders sailing from the distant north down the rivers leading into the Black Sea have proven themselves to be formidable warriors. You have managed to recruit a great many of their number into a personal guard loyal only to the [Root.GetTitle].\n\nThis new Varangian Guard will not only form a powerful shock force against the Empire's many enemies, but their foreign roots should also preclude them from becoming too entangled in the palace intrigue and power struggles that are so commonplace in [Root.Capital.GetName].;Les pillards varègues qui, depuis le nord lointain, voguent sur les fleuves qui se jettent dans la mer Noire, ont prouvé qu'ils étaient de redoutables guerriers. Vous avez réussi à recruter un grand nombre d'entre eux pour monter une garde personnelle de soldats totalement loyaux envers leur [Root.GetTitle].\n\nL'avantage de cette nouvelle Garde varègue est non seulement de former une puissante force de frappe contre les nombreux ennemis de l'empire, mais aussi d'être détachée, par ses racines étrangères, des complots et des jeux de pouvoir qui ont lieu au palais et qui sont monnaie courante à [Root.Capital.GetName].;Warägerräuber, die aus dem fernen Norden die Flüsse bis zum Schwarzen Meer segelten, haben sich als herausragende Krieger erwiesen. Ihr konntet eine große Anzahl von ihnen als Leibwache rekrutieren, die nur dem [Root.GetTitle] gegenüber loyal sind.\n\nDiese neue Warägergarde stellt nicht nur eine mächtige Stoßtruppe dar, ihre ausländische Herkunft sollte auch sicherstellen, dass sie nicht allzu sehr in die Intrigen und Machtspiele verwickelt werden, die so typisch für [Root.Capital.GetName] sind.;;Invasores Varangianos navegando desde el lejano norte por los ríos que llevan al Mar Negro han demostrado ser guerreros formidables. Tú has logrado reclutar un gran número de ellos para una guardia personal leal sólo al [Root.GetTitle].\n\nEsta nueva Guardia Varangiana no sólo formará una gran fuerza contra los muchos enemigos del Imperio, sino que también sus raíces extranjeras impedirán que se enreden demasiado en la intriga palaciega y las luchas de poder que son tan comunes en [Root.Capital.GetName].;;;;;;;;;x
EVTDESC_TOG_3101_A;[From.GetFirstName], the great [From.GetKingQueen] of the Greeks, is distraught over the poor mettle of [From.GetHerHis] countrymen. Knowing well our skill in battle, [From.GetSheHe] has decided to form a bodyguard consisting solely of Norse warriors.\n\nThose who serve [From.GetHerHim] in the great city of Miklagård are generously rewarded, and even now many of our young men, eager for riches and adventure, have departed for Greece to pick up [From.GetHerHis] banner.;[From.GetFirstName], [From.GetLeLa] grand[From.Get_E] [From.GetKingQueen] des Grecs, est bouleversé[From.Get_E] par la misère de ses compatriotes. Connaissant bien nos compétences au combat, [From.GetIlElle] a décidé de former un groupe de gardes du corps composé uniquement de guerriers nordiques. \nCeux qui [From.GetLeLa] servent dans la grande ville de Miklagård sont généreusement récompensés. Même à présent, bon nombre de nos jeunes hommes, avides de richesse et d’aventure, sont partis pour la Grèce sous sa bannière.;[From.GetFirstName], [From.Getderdie] große [From.GetKingQueen] der Griechen, ist bestürzt über den lausigen Eifer [From.GetHerHis]er Landsmänner. Euren Kampfesmut kennend hat [From.GetSheHe] beschlossen, eine Leibwache nur aus nordischen Kriegern aufzustellen.\n\nWer [From.GetHerHim] in Miklagård dient, wird reich belohnt, und viele Eurer jungen Männer sind erpicht auf Gold und Abenteuer, weshalb sie nach Griechenland abgereist sind, um in [From.GetHerHis]e Dienste zu treten.;;[From.GetFirstName], [From.GetElLa] gran [From.GetKingQueen] de los griegos, está consternad[From.GetOA] por el escaso temple de sus compatriotas. Conociendo bien nuestra destreza en combate, ha decidido crear una guardia personal formada solo por guerreros nórdicos.\n\nQuienes [From.GetRleRla] sirven en la gran ciudad of Miklagard son recompensados generosamente y ahora muchos de nuestros jóvenes ansiosos de riquezas y aventuras han partido a Grecia a levantar su estandarte.;;;;;;;;;x
EVTDESC_TOG_3101_B;[From.GetFirstName], the great [From.GetKingQueen] of the Greeks, is distraught over the poor mettle of [From.GetHerHis] countrymen. Knowing well our skill in battle, [From.GetSheHe] has decided to form a bodyguard consisting solely of Norse warriors.\n\nThose who serve [From.GetHerHim] in the great city of Miklagård are generously rewarded, and even now many of our young men and women, eager for riches and adventure, have departed for Greece to pick up [From.GetHerHis] banner.;[From.GetFirstName], [From.GetLeLa] grand[From.Get_E] [From.GetKingQueen] des Grecs, est bouleversé[From.Get_E] par la misère de ses compatriotes. Connaissant bien nos compétences au combat, [From.GetIlElle] a décidé de former un groupe de gardes du corps composé uniquement de guerriers nordiques. \nCeux qui [From.GetLeLa] servent dans la grande ville de Miklagård sont généreusement récompensés. Même à présent, bon nombre de nos jeunes hommes et de nos jeunes femmes, avides de richesse et d’aventure, sont partis pour la Grèce sous sa bannière.;[From.GetFirstName], [From.Getderdie] große [From.GetKingQueen] der Griechen, ist bestürzt über den lausigen Eifer [From.GetHerHis]er Landsmänner. Euren Kampfesmut kennend hat [From.GetSheHe] beschlossen, eine Leibwache nur aus nordischen Kriegern aufzustellen.\n\nWer [From.GetHerHim] in Miklagård dient, wird reich belohnt, und viele Eurer jungen Männer und Frauen sind erpicht auf Gold und Abenteuer, weshalb sie nach Griechenland abgereist sind, um in [From.GetHerHis]e Dienste zu treten.;;[From.GetFirstName], [From.GetElLa] gran [From.GetKingQueen] de los griegos, está consternad[From.GetOA] por el escaso temple de sus compatriotas. Conociendo bien nuestra destreza en combate, ha decidido crear una guardia personal formada solo por guerreros nórdicos.\n\nQuienes [From.GetRleRla] sirven en la gran ciudad of Miklagard son recompensados generosamente y ahora muchos de nuestros jóvenes ansiosos de riquezas y aventuras han partido a Grecia a levantar su estandarte.;;;;;;;;;x
EVTDESC_TOG_3101_C;[From.GetFirstName], the great [From.GetKingQueen] of the Greeks, is distraught over the poor mettle of [From.GetHerHis] countrymen. Knowing well our skill in battle, [From.GetSheHe] has decided to form a bodyguard consisting solely of Norse warriors.\n\nThose who serve [From.GetHerHim] in the great city of Miklagård are generously rewarded, and even now many of our young women, eager for riches and adventure, have departed for Greece to pick up [From.GetHerHis] banner.;[From.GetFirstName], [From.GetLeLa] grand[From.Get_E] [From.GetKingQueen] des Grecs, est bouleversé[From.Get_E] par la misère de ses compatriotes. Connaissant bien nos compétences au combat, [From.GetIlElle] a décidé de former un groupe de gardes du corps composé uniquement de guerriers nordiques. \nCeux qui [From.GetLeLa] servent dans la grande ville de Miklagård sont généreusement récompensés. Même à présent, bon nombre de nos jeunes femmes, avides de richesse et d’aventure, sont parties pour la Grèce sous sa bannière.;[From.GetFirstName], [From.Getderdie] große [From.GetKingQueen] der Griechen, ist bestürzt über den lausigen Eifer [From.GetHerHis]er Landsmänner. Euren Kampfesmut kennend hat [From.GetSheHe] beschlossen, eine Leibwache nur aus nordischen Kriegern aufzustellen.\n\nWer [From.GetHerHim] in Miklagård dient, wird reich belohnt, und viele Eurer jungen Frauen sind erpicht auf Gold und Abenteuer, weshalb sie nach Griechenland abgereist sind, um in [From.GetHerHis]e Dienste zu treten.;;[From.GetFirstName], [From.GetElLa] gran [From.GetKingQueen] de los griegos, está consternad[From.GetOA] por el escaso temple de sus compatriotas. Conociendo bien nuestra destreza en combate, ha decidido crear una guardia personal formada solo por guerreros nórdicos.\n\nQuienes [From.GetRleRla] sirven en la gran ciudad of Miklagard son recompensados generosamente y ahora muchos de nuestros jóvenes ansiosos de riquezas y aventuras han partido a Grecia a levantar su estandarte.;;;;;;;;;x
EVTDESC_TOG_3110;My [my_child.GetSonDaughter], [my_child.GetTitledFirstName], has decided to enlist with the Varangian Guard in Miklagård and seek [my_child.GetHerHis] fortune there! Although [my_child.GetSheHe] will no doubt gain both riches and valuable battle experience in service of the Greek [greek_king_or_queen.GetKingQueen], there will be many perils that could well cost [my_child.GetHerHim] [my_child.GetHerHis] life.;M[my_child.GetOnA] [my_child.GetSonDaughter], [my_child.Get_le_TitledFirstName], a décidé de s'enrôler dans la Garde varègue à Miklagård et d'y chercher fortune ! Même si le fait d'être au service du roi grec va sans doute l'enrichir d'une importante expérience de combat, de nombreux dangers pourront lui coûter la vie.;M[my_child.Geteineine] [my_child.GetSonDaughter] [From.GetTitledFirstName] hat beschlossen, sich der Warägergarde in Miklagård anzuschließen und dort [my_child.GetHerHis] Glück zu suchen. Obwohl [my_child.GetSheHe] zweifellsohne sowohl Reichtum als auch wertvolle Kampferfahrung im Dienst der Griechen finden wird, gibt es viele Gefahren, die [my_child.Getihnsie] [my_child.GetHerHis] Leben kosten könnten.;;¡Mi [my_child.GetSonDaughter], [my_child.GetTitledFirstName], ha decidido alistarse en la guardia varega de Miklagard y buscar fortuna allí! Aunque sé que ganará riquezas y una valiosa experiencia bélica al servicio [greek_king_or_queen.GetDelDela] [greek_king_or_queen.GetKingQueen] grieg[greek_king_or_queen.GetOA], habrá muchos peligros que pueden costarle la vida.;;;;;;;;;x
EVTDESC_TOG_3112;A grizzled old warrior having just returned from Greece arrived with a message from [From.GetTitledFirstName] today. Though [From.GetSheHe] has left the Varangian Guard, my [From.GetSonDaughter] has apparently found [From.GetHerselfHimself] a Greek [From.GetHusbandWifeOpp] and decided to remain in Miklagård and build a new life there. "It is doubtful we will ever see [From.GetHerHim] again, my [Root.GetLordLady].";Un vieux guerrier grisonnant est revenu aujourd'hui de Grèce portant un message de la part [From.Get_du_TitledFirstName]. Bien qu'[From.GetIlElle] ait quitté la Garde varègue, votre [From.GetSonDaughter] s'est apparemment trouvé[From.Get_E] un[From.Get_EOpp] [From.GetManWomanOpp] [From.GetGrecGrecqueOpp] à épouser et a décidé de rester à Miklagård pour y refaire sa vie. « Nous ne [From.GetLeLa] reverrez probablement plus jamais... M[Root.GetOnA][Root.GetLordLady] »;Ein grauhaariger alter Krieger ist gerade aus Griechenland mit Nachricht von [From.GetTitledFirstName] heimgekehrt. Auch wenn [From.GetSheHe] die Warägergarde verlassen hat, hat m[From.Geteineine] [From.GetSonDaughter] wohl [From.GeteineneineOpp] griechische[From.GetnMale] [From.GetHusbandWifeOpp] gefunden und beschlossen, in Miklagård zu bleiben und ein neues Leben zu beginnen. Es ist zweifelhaft, ob Ihr [From.Getihnsie] jemals wiedersehen werdet...;;Hoy acaba de volver de Grecia un guerrero anciano y entrecano con un mensaje de [From.GetTitledFirstName]. Aunque dejó la guardia varega, parece que mi [From.GetSonDaughter] se ha echado un[From.GetXAOpp] [From.GetHusbandWifeOpp] grieg[From.GetOAOpp] y decidido quedarse en Miklagard para construir ahí una nueva vida. "Dudo que vayamos a volver a ver[From.GetRleRla], mi [Root.GetLordLady]".;;;;;;;;;x
EVTDESC_TOG_3113;After finishing [From.GetHerHis] service with the Varangian Guard, [From.GetTitledFirstName] has married a local [From.GetManWomanOpp] and decided to remain in Constantinople instead of returning home to the barbaric frozen wasteland [From.GetSheHe] once came from. [From.GetSheHeCap] has pledged [From.GetHerHis] continued service to me.;Après avoir terminé son service dans la Garde varègue, [From.Get_le_TitledFirstName] s'est marié[From.Get_E] à un[From.Get_EOpp] [From.GetManWomanOpp] du pays et a décidé de rester à Constantinople au lieu de retourner en terre natale, ce désert gelé et barbare. [From.GetIlElleCap] s'est engagé[From.Get_E] à toujours me servir.;Nachdem [From.GetSheHe] [From.GetHerHis]en Dienst in der Warägergarde beendet hatte, heiratete [From.GetTitledFirstName] [From.GeteineneineOpp] hiesige[From.GetnMale] [From.GetManWomanOpp] und beschloss, in Konstantinopel zu bleiben statt in die gefrorene Ödnis seiner Heimat zurückzukehren. [From.GetSheHeCap] hat sich Euch zu weiterem Dienst verpflichtet.;;Tras terminar su servicio con la guardia varega, [From.GetTitledFirstName] se ha casado con un[From.GetXAOpp] [From.GetManWomanOpp] de la zona y decidido quedarse en Constantinopla en lugar de volver al páramo helado bárbaro del que salió en el pasado. Ha jurado que me seguirá sirviendo.;;;;;;;;;x
EVTDESC_TOG_3115;A heavily scarred warrior clad in strange armor approaches my throne, and before [From.GetSheHe] can be disarmed, the stranger relieves my guard of their spear in a swift, fluid motion and tosses it aside. Other guards hurry forward, but I raise my hand to stop them. The stranger is [From.GetTitledFirstName], at last returned from Greece!;Un[From.Get_E] guerri[From.GetErEre] profondément balafré[From.Get_E], revêtu[From.Get_E] d'une étrange armure, s'approche de mon trône et, avant qu'on n'ait pu [From.GetLeLa] désarmer, l'étrang[From.GetErEre], d'un mouvement prompt et adroit, désarme mon garde et jette sa lance par terre. Les autres gardes s'approchent en vitesse, mais je lève mon bras pour les arrêter. L'étrang[From.GetErEre] est en fait [From.Get_le_TitledFirstName], enfin revenu[From.Get_E] de Grèce !;[From.GetEinEine] vernarbte[From.GetrMale] Krieger[From.GetinFemale] in seltsamer Rüstung erscheint vor Eurem Thron und bevor [From.GetSheHe] entwaffnet werden kann, entreißt [From.GetSheHe] Eurer Wache den Speer und wirft ihn beiseite. Andere Wachen eilen heran, doch Ihr hebt die Hand, um sie aufzuhalten. [From.GetDerDie] Fremde ist [From.GetTitledFirstName] und endlich aus Griechenland heimgekehrt!;;Un[From.GetXA] guerrer[From.GetOA] llen[From.GetOA] de cicatrices vestid[From.GetOA] con una extraña armadura se acerca a mi trono y antes de desarmarse, [From.GetElLa] extrañ[From.GetOA] le quita la lanza a mi guardia con un movimiento veloz y fluido y la tira a un lado. Otros guardias se adelantan apresurados, pero levanto la mano para detenerlos. ¡[From.GetElLaCap] extrañ[From.GetOA] es [From.GetTitledFirstName], que por fin ha vuelto de Grecia!;;;;;;;;;x
EVTDESC_TOG_3117;My [From.GetSonDaughter], [From.GetTitledFirstName], has finally returned home from Greece and [From.GetHerHis] service with the Varangian Guard! Although I can't quite put my finger on it, [From.GetSheHe] seems different somehow... and what is this Greek love he speaks of?;M[From.GetOnA] [From.GetSonDaughter], [From.Get_le_TitledFirstName], est finalement revenu[From.Get_E] de Grèce et de son service dans la Garde varègue ! Bien que je ne puisse encore dire pourquoi, [From.GetIlElle] semble quelque peu différent[From.Get_E]... Serait-ce cet 'amour grec' dont il parle ?;[From.GetEuerEure] [From.GetSonDaughter], [From.GetTitledFirstName], ist endlich aus Griechenland und dem Dienst in der Warägergarde zurückgekehrt. Obschon Ihr es nicht genau benennen könnt, wirkt [From.GetSheHe] irgendwie verändert... Und was genau hat es mit dieser "griechischen Liebe" auf sich, von der [From.GetSheHe] spricht?;;¡Mi [From.GetSonDaughter], [From.GetTitledFirstName], por fin ha vuelto de Grecia y de servir con la guardia varega! Pero parece diferente, aunque no sé decir muy bien cómo… ¿y qué es ese "amor griego" del que habla?;;;;;;;;;x
EVTDESC_TOG_3119;A frail, robed [From.GetManWoman] is led into my throne room, and the guards explain that [From.GetSheHe] just arrived on a ship coming from Miklagård. The [From.GetManWoman] would only speak my name over and over again, and so [From.GetSheHe] was brought to me. To my horror, I recognize [From.GetHerHim] at last as [From.GetTitledFirstName]!;Un[From.Get_E] [From.GetManWoman] frêle et vêtu[From.Get_E] d'une robe est amené[From.Get_E] à ma salle du trône et mes gardes expliquent qu'[From.GetIlElle] vient tout juste de débarquer d'un navire en provenance de Miklagård. [From.GetIlElleCap] répétait inlassablement mon nom. Je frémis d'horreur en [From.GetLeLa] reconnaissant, c'est [From.Get_le_TitledFirstName] !;[From.GetEinEine] gebrechliche[From.GetrMale], berobte[From.GetrMale] [From.GetManWoman] wird in Euren Thronsaal geführt und Eure Wachen erklären, dass [From.GetSheHe] gerade mit dem Schiff von Miklagård eingetroffen ist. [From.GetDerDie] [From.GetManWoman] sprach nur wieder und wieder Euren Namen, daher wurde [From.GetSheHe] zu Euch gebracht. Voller Erschrecken erkennt Ihr [From.Getihnsie] schließlich als [From.GetTitledFirstName]!;;Llevan a mi salón del trono a un[From.GetXA] [From.GetManWoman] frágil, vestid[From.GetOA] con túnica. Los guardias explican que acaba de llegar en barco de Miklagard y que no hacía más que decir mi nombre una y otra vez, así que me [From.GetLoLa] trajeron. ¡Para mi horror, le acabo reconociendo como [From.GetTitledFirstName]!;;;;;;;;;x
EVTDESC_TOG_3121;[From.GetTitledFirstName] has finally returned home after a long and successful career in the Varangian Guard! [From.GetSheHeCap] fought in several battles, and learned much from the clever strategies and tactics favored by both the Greeks and their enemies in Serkland.;[From.Get_Le_TitledFirstName] est finalement de retour au bercail après une fructueuse et longue carrière dans la garde varègue ! [From.GetIlElleCap] a pris part à plusieurs batailles et a beaucoup appris sur les adroites stratégies et les tactiques utilisées par les Grecs et leurs ennemis au Serkland.;[From.GetTitledFirstName] ist nach langer und erfolgreicher Karriere in der Warägergarde endlich heimgekehrt! [From.GetSheHeCap] hat in vielen Schlachten gefochten und vieles von den schlauen Strategien und Taktiken der Griechen und ihrer Feinde in Serkland erfahren.;;¡[From.GetTitledFirstName] ha vuelto por fin a casa tras una carrera larga y exitosa en la guardia varega! Luchó en muchas batallas y aprendió mucho de las inteligentes estrategias y tácticas favoritas tanto de griegos como de sus enemigos de Serkland.;;;;;;;;;x
EVTDESC_TOG_3123;[From.GetTitledFirstName] has returned from Greece and the Varangian Guard, but [From.GetSheHe] refuses to speak of [From.GetHerHis] experiences there. I know [From.GetSheHe] took part in several battles and killed many foes, but instead of reveling in the glory of [From.GetHerHis] accomplishments, [From.GetFirstName] is plagued by nightmares and jumps at sudden sounds.;[From.Get_Le_TitledFirstName] est de retour de Grèce et de la Garde varègue, mais refuse de parler de son expérience là-bas. Je sais qu'[From.GetIlElle] a pris part à plusieurs batailles et qu'[From.GetIlElle] a eu raison de nombreux ennemis, mais au lieu de raconter ses glorieux exploits, [From.GetFirstName] fait des cauchemars toutes les nuits et sursaute au moindre bruit.;[From.GetTitledFirstName] ist aus Griechenland und der Warägergarde zurückgekehrt, aber [From.GetSheHe] weigert sich, von seinen Erlebnissen zu sprechen. Ihr wisst, dass [From.GetSheHe] an etlichen Schlachten teilgenommen und viele Feinde erschlagen hat, doch statt [From.GetHerHis]e glorreichen Erfolge zu feiern, wird [From.GetFirstName] von Alpträumen geplagt und erschreckt bei plötzlichen Geräuschen.;;[From.GetTitledFirstName] ha regresado de Grecia y la guardia varega, pero se niega a hablar de sus experiencias allí. Sé que tomó parte en muchas batallas y mató a muchos enemigos, pero en vez de deleitarse en la gloria de sus logros, [From.GetFirstName] se ve acosad[From.GetOA] por pesadillas y salta con los ruidos repentinos.;;;;;;;;;x
EVTDESC_TOG_3125;[From.GetTitledFirstName] has come home from Miklagård and [From.GetHerHis] service with the Varangian Guard, but [From.GetSheHe] is not alone. [From.GetSheHeCap] has found a Greek [From.GetHusbandWifeOpp] and brought [From.GetHerHimOpp] with [From.GetHerHim]. [From.GetSheHeCapOpp] is not familiar with our customs or language, and the climate does not seem to agree with [From.GetHerHimOpp], but [From.GetSheHeOpp] seems willing to make the best of [From.GetHerHisOpp] new home.;[From.Get_Le_TitledFirstName] est de retour de Miklagård et de son service dans la Garde varègue, mais [From.GetIlElle] ne revient pas seul[From.Get_E]. [From.GetIlElleCap] a épousé un[From.Get_EOpp] [From.GetManWomanOpp] [From.GetGrecGrecqueOpp] et l'a ramené[From.Get_EOpp] avec [From.GetLuiElle]. [From.GetIlElleCapOpp] n'est pas habituée à nos coutumes et à notre langue, et ne semble pas apprécier notre climat, mais [From.GetIlElleOpp] semble vouloir faire d'ici son chez-soi.;[From.GetTitledFirstName] ist aus Miklagård und [From.GetHerHis]em Dienst in der Warägergarde heimgekehrt. [From.GetSheHeCap] hat [From.GeteineneineOpp] griechische[From.GetnMale] [From.GetHusbandWifeOpp] gefunden und mitgebracht. [From.GetSheHeCapOpp] kennt unsere Gebräuche und Sprache nicht und das Wetter hier scheint [From.GetHerHimOpp] nicht gutzutun, doch [From.GetSheHeOpp] ist willig, das Beste aus [From.GetHerHisOpp]em neuen Heim zu machen.;;[From.GetTitledFirstName] ha vuelto a casa de Miklagard y servir en la guardia varega, pero no está sol[From.GetOA]. Se ha echado un[From.GetXAOpp] [From.GetHusbandWifeOpp] grieg[From.GetOAOpp] y [From.GetLoLa] ha traído consigo. [From.GetElEllaCapOpp] no conoce ni nuestras costumbres ni el idioma y no parece congeniar con el clima, pero parece dispuest[From.GetOAOpp] a sacar el mejor partido a su nuevo hogar.;;;;;;;;;x
EVTDESC_TOG_3127;After many years in Greece, [From.GetTitledFirstName] has finally been released from [From.GetHerHis] service to the Varangian Guard and returned home. My son is a changed [From.GetManWoman], however. The old gods no longer hold any interest for him, and [From.GetSheHe] instead speaks incessantly of Christendom and the horrors that await those who refuse to convert...;Après plusieurs années en Grèce, [From.Get_le_TitledFirstName] a enfin été dégagé[From.Get_E] de ses fonctions dans la garde varègue et est rentré[From.Get_E] au bercail. M[From.GetOnA] [From.GetSonDaughter] est cependant un[From.Get_E] [From.GetManWoman] changé[From.Get_E]. Les anciens dieux ne l'intéressent plus et [From.GetIlElle] parle sans cesse de la chrétienté et des horreurs qui s'abattront sur ceux qui refusent de se convertir...;Nach vielen Jahren in Griechenland wurde [From.GetTitledFirstName] endlich aus [From.GetHerHis]em Dienst in der Warägergarde entlassen und ist heimgekehrt. Doch [From.GetEuerEure] [From.GetSonDaughter] ist ein gewandelter [From.GetManWoman]. Die alten Götter interessieren [From.Getihnsie] nicht länger, stattdessen spricht [From.GetSheHe] ununterbrochen vom Christentum und den Schrecken, die jene erwarten, die nicht konvertieren...;;Tras muchos años en Grecia, por fin [From.GetTitledFirstName] ha terminado el servicio en la guardia varega y vuelto a casa. Pero mi [From.GetSonDaughter] está cambiad[From.GetOA]. Los viejos dioses ya no le interesan y en su lugar habla continuamente del cristianismo y los horrores que aguardan a aquellos que se niegan a convertirse…;;;;;;;;;x
EVTDESC_TOG_3129;[From.GetTitledFirstName] has returned from Miklagård and the Varangian Guard a changed [From.GetManWoman]. [From.GetSheHeCap] is wiser, more confident in [From.GetHerHis] own abilities and more knowledgeable in matters of war. It seems the time spent in Greece did [From.GetHerHim] good.;[From.Get_Le_TitledFirstName] est de retour de Miklagård et de la Garde varègue et c'est un[From.Get_E] [From.GetManWoman] changé[From.Get_E]. [From.GetIlElleCap] est plus sage, plus sûr[From.Get_E] d[From.GetEluiElle] et connaît très bien l'art de la guerre. Le temps qu'[From.GetIlElle] a passé en Grèce semble lui avoir fait du bien.;[From.GetTitledFirstName] ist als gewandelte[From.GetrMale] [From.GetManWoman] aus Miklagård und dem Dienst in der Warägergarde zurückgekehrt. [From.GetSheHeCap] ist weiser, zuversichtlicher und besitzt neue Kenntnisse in Kriegsangelegenheiten. Es scheint, als habe [From.GetHerHim] die Zeit bei den Griechen gutgetan.;;[From.GetTitledFirstName] que ha regresado de Miklagard y la guardia varega es una persona cambiada. Es más sabi[From.GetOA], siente más confianza en sus habilidades y más cult[From.GetOA] en asuntos de guerra. Parece que el tiempo que pasó en Grecia le fue bien.;;;;;;;;;x
EVTDESC_TOG_3131;Several former Varangian Guardsmen have recently returned home after serving the Greek [greek_king_or_queen.GetKingQueen], and they bring news most grave. My [From.GetSonDaughter], [From.GetTitledFirstName], has fallen in battle while campaigning in Serkland. They assure me that [From.GetSheHe] faced [From.GetHerHis] enemy with bravery and slew many, before their numbers overwhelmed [From.GetHerHim].;Plusieurs anciens gardes varègues sont de retour de leur service pour le roi des Grecs depuis peu et ils apportent de mauvaises nouvelles. M[From.GetOnA] [From.GetSonDaughter], [From.Get_le_TitledFirstName], est tombé[From.Get_E] au combat lors de la campagne du Serkland. Ils m'assurent qu'[From.GetIlElle] a affronté l'ennemi avec bravoure et qu'[From.GetIlElle] en a tué plusieurs avant qu'ils aient eu raison d[From.GetEluiElle].;Einige frühere Waräger Gardisten sind von ihrem Dienst bei den Griechen heimgekehrt und bringen schlechteste Neuigkeiten mit. Euer [From.GetSonDaughter] [From.GetTitledFirstName], ist in einer Schlacht in Serkland gefallen. Sie versichern Euch, dass [From.GetSheHe] [From.GetHerHis]em Feind mit Tapferkeit begegnet ist und viele erschlug, bevor ihre schiere Zahl [From.Getihnsie] überwältigte.;;Varios antiguos guardias varegos que han vuelto hace poco a casa tras servir [greek_king_or_queen.GetAlAla] [greek_king_or_queen.GetKingQueen] grieg[greek_king_or_queen.GetOA] trayendo noticias muy graves. Mi [From.GetSonDaughter], [From.GetTitledFirstName], cayó en batalla durante una campaña en Serkland. Me aseguran que se enfrentó al enemigo con valor y dio muerte a muchos antes de que su número [From.GetLoLa] superara.;;;;;;;;;x
EVTDESC_TOG_3133;[From.GetTitledFirstName] has at last returned from Greece on a longship filled with the spoils of war! Apparently the great [greek_king_or_queen.GetKingQueen] of the Greeks is generous to those who serve [greek_king_or_queen.GetHerHim] well, and there is gold here from all over the Greek realm, Serkland and beyond. My [From.GetSonDaughter] insists on sharing these riches with me, [From.GetHerHis] loving [Root.GetFatherMother].;[From.Get_Le_TitledFirstName] est enfin de retour de Grèce, à bord d'un drakkar contenant un impressionnant butin de guerre ! [greek_king_or_queen.GetLeLaCap] grand[greek_king_or_queen.Get_E] [greek_king_or_queen.GetKingQueen] des Grecs est apparemment très généreu[greek_king_or_queen.GetXSe] avec ceux qui [greek_king_or_queen.GetLeLa] servent bien, et il y a de l'or de tous les coins de la Grèce, du Serkland et de plus loin encore. M[From.GetOnA] [From.GetSonDaughter] insiste pour partager ses richesses avec moi, s[Root.GetOnA] [Root.GetFatherMother] bien-aimé[Root.Get_E].;[From.GetTitledFirstName] ist endlich aus Griechenland heimgekehrt, auf einem großen Beiboot, gefüllt mit Kriegsbeute. Offenbar ist [greek_king_or_queen.Getderdie] [greek_king_or_queen.GetKingQueen] der Griechen großzügig gegenüber jenen, die [greek_king_or_queen.GetHerHim] gut dienen. Hier findet sich Gold aus allen Ecken Griechenlands, Serklands und darüber hinaus. [From.GetEuerEure] [From.GetSonDaughter] besteht darauf, den Reichtum mit Euch, [From.GetHerHis]em geliebten [Root.GetFatherMother], zu teilen.;;¡[From.GetTitledFirstName] ha regresado por fin de Grecia con un barco largo lleno de botín de guerra! Al parecer [greek_king_or_queen.GetElLa] gran [greek_king_or_queen.GetKingQueen] de los griegos es generos[greek_king_or_queen.GetOA] con quienes le sirven bien y hay oro de todo el país griego, Serkland y más allá. Mi [From.GetSonDaughter] insiste en compartir estas riquezas conmigo, su querid[Root.GetOA] [Root.GetFatherMother].;;;;;;;;;x
EVTDESC_TOG_3134;The death of my [From.GetRootRelation], [From.GetTitledFirstName], has urged me to depart Miklagård and leave the Varangian guard. I am returning home on a longship, filled with loot from our campaigns in Serkland. After a long and perilous journey back, my feet are now firmly planted on the soil of the land that is my birthright. The throne is mine.;La mort de m[From.GetOnA] [From.GetRootRelation] m'a poussé à abandonner la Garde varègue et quittez Miklagård sur un drakkar pour rentrer au bercail, rapportant un important butin amassé lors de mes campagnes en Serkland. Le voyage du retour fut long et périlleux, mais mes pieds foulent maintenant la terre ferme, cette terre dont je suis l'hériti[Root.GetErEre]. Le trône est mien.;Als Ihr vom Tod [From.GetEuresEurer] [From.GetRootRelation], [From.GetTitledFirstName] erfahrt, verlasst Ihr die Warägergarde und Miklagård in einem großen Beiboot, gefüllt mit der Beute Eurer Schlachten in Serkland. Es war eine lange und gefahrvolle Reise, doch jetzt setzt Ihr Eure Füße auf heimatliche Erde, die Euer Geburtsrecht ist. Der Thron gehört Euch.;;La muerte de mi [From.GetRootRelation] [From.GetTitledFirstName] me ha impulsado a irme de Miklagard y dejar la guardia varega. Regreso a casa en un barco largo lleno de botín de nuestras campañas en Serkland. Tras un largo viaje de vuelta, vuelvo a plantar los pies en la tierra que me pertenece por nacimiento. El trono es mío.;;;;;;;;;x
EVTDESC_TOG_3200;A woman claiming to be a völva, a seeress, has been brought before you and she asks to join your court. If her sejdr sorcery is as strong as she claims and she can truly glimpse into the future, her services could prove invaluable...;Une femme disant être une völva, une voyante, a été conduite devant vous et demande à se joindre à votre cour.  Si ses pouvoirs de sorcellerie sejdr sont aussi forts qu'elle le prétend et qu'elle peut réellement prédire l'avenir, ses services pourraient vous être d'une grande valeur...;Eine Frau, die behauptet eine Völva - eine Seherin - zu sein, wurde vor Euch gebracht und bittet darum, Eurem Hof beitreten zu dürfen. Wenn ihre Seiðr-Zauberei so stark ist, wie sie behauptet, und sie wahrlich die Zukunft blicken kann, könnten ihre Dienste nützlich sein...;;Una mujer que dice ser una völva, una vidente, ha sido traída ante ti y te pide unirse a tu corte. Si su hechicería sejdr es tan fuerte como ella dice y realmente puede vislumbrar el futuro, sus servicios podrían resultar invaluables...;;;;;;;;;x
EVTDESC_TOG_3201;There are rumors of a young woman from an isolated farm in [Root.Capital.GetName] who has been gifted with the mysterious powers of sejdr. The sorcery she wields grants her the power to see into the future and to curse or bless those she lays her eyes on. Will you ask her to join your court?;Les rumeurs courent sur une jeune femme venue d'une ferme isolée de [Root.Capital.GetName]. Elle serait dotée de mystérieux pouvoirs de sejdr. Sa sorcellerie lui donne le pouvoir de prédire l'avenir et de maudire ou de bénir ceux sur qui elle pose son regard. Voulez-vous lui demander de rejoindre votre cour ?;Es gehen Gerüchte um von einer jungen Frau auf einer isolierten Farm in [Root.Capital.GetName], die mit den mysteriösen Gaben des Seiðr beschenkt wurde. Ihre Zauberei ermöglicht ihr, in die Zukunft zu blicken und andere zu segnen oder zu verfluchen. Werdet Ihr sie bitten, Eurem Hof beizutreten?;;Hay rumores de que una joven de una granja aislada en [Root.Capital.GetName] ha sido dotada con los misteriosos poderes de sejdr. La magia que ejerce le otorga el poder de ver el futuro y de maldecir o bendecir a los que ponen sus ojos en ella. ¿Vas a pedir que se una a tu corte?;;;;;;;;;x
EVTDESC_TOG_3202;A faint whisper draws your attention and you find a haggard old crone in a dark corner of your longhouse. Before you have a chance to throw her out, she explains that she is a völva – a seeress. She claims to be powerful in the ways of sejdr, and she has come to offer you her services.;Un faible chuchotement attire votre attention et vous apercevez dans un coin sombre de votre maison longue une vieille femme hagarde. Avant que vous n'ayez eu l'opportunité de l'expulser, elle vous explique qu'elle est une völva, une voyante. Elle vous assure que ses pouvoirs de sejdr pourraient bien vous servir.;Ein leises Flüstern lenkt Eure Aufmerksamkeit auf sich und Ihr findet ein ausgezehrtes, altes Weib in einer dunklen Ecke Eures Langhauses. Bevor Ihr sie hinauswerft, erklärt sie, dass sie eine Völva - eine Seherin - ist. Sie behauptet, stark zu sein in den Pfaden des Seiðr, und entbietet Euch ihre Dienste.;;Un leve susurro te llama la atención y te encuentras con una vieja bruja demacrada en un rincón oscuro de la casa comunal. Antes de poder echarla, te explica que es una völva, una vidente. Afirma ser poderosa en las formas de sejdr, y ha venido a ofrecerte sus servicios.;;;;;;;;;x
EVTDESC_TOG_3205;You are spending some time with [pregnant_spouse.GetFirstName], who is carrying your unborn child, when [warning_volva.GetFirstName], your völva seeress, bursts screaming into your bedchamber. The child is a demon, she wails. I have seen it! You are about to unleash a great evil upon the world!;Vous passez du temps avec [pregnant_spouse.GetFirstName], qui est enceinte, quand [warning_volva.GetFirstName], votre voyante völva, fait irruption dans votre chambre à coucher en criant « Cet enfant est un démon, je l'ai vu ! Le monde entier souffrira de ce grand mal que vous provoquerez ! »;Ihr verbringt gerade Zeit mit [pregnant_spouse.GetFirstName], die Euer ungeborenes Kind unterm Herzen trägt, als [warning_volva.GetFirstName], Eure Völva-Seherin, schreiend hereinstürmt. "Das Kind ist ein Dämon", ruft sie. "Ich habe es gesehen! Ihr werdet ein großes Übel in die Welt entlassen!";;Estás pasando algún tiempo con [pregnant_spouse.GetFirstName], que lleva a tu hijo en el vientre, cuando [warning_volva.GetFirstName], la vidente völva, entra gritando en tu dormitorio. El niño es un demonio, se lamenta. ¡Lo he visto! ¡Estás a punto de desatar un gran mal en el mundo!;;;;;;;;;x
EVTDESC_TOG_3211;It is the dead of night when a sudden chill comes upon you. You open your eyes and sit up only to see [demon_child.GetFirstName] standing at the foot of your bed staring at you in complete silence. After rubbing the sleep out of your eyes, you look again and now there is no sign of the child.;Au beau milieu de la nuit, un frisson vous envahit soudain. Vous ouvrez les yeux et vous redressez pour découvrir [demon_child.GetFirstName], debout au pied de votre lit qui vous regarde fixement dans un silence complet. Vous frottez vos yeux encore embrumés puis plus rien, l'enfant a disparu.;Mitten in der Nacht fröstelt es Euch plötzlich. Ihr öffnet die Augen und setzt Euch auf, nur um [demon_child.GetFirstName] am Fuß Eures Bettes zu sehen, Euch still anstarrend. Nachdem Ihr Euch den Schlaf aus den Augen gerieben habt, schaut Ihr erneut hin, doch nun gibt es kein Zeichen von dem Kind.;;Es totalmente de noche, cuando sientes un repentino escalofrío. Abres los ojos y te sientas sólo para ver a [demon_child.GetFirstName] al pie de tu cama mirándote en completo silencio. Te frotas los ojos para quitarte el sueño, vuelves a mirar y no hay ni rastro del niño.;;;;;;;;;x
EVTDESC_TOG_3213;[demon_child.GetFirstName] is sitting on the floor, playing with [demon_child.GetHerHis] toys when something dark suddenly seems to come over the child. While spasming wildly, [demon_child.GetFirstName] cries out in a tongue foreign to you and [demon_child.GetHerHis] eyes roll back inside [demon_child.GetHerHis] head.;[demon_child.GetFirstName] est assis[demon_child.Get_E] au sol, jouant avec ses jouets, quand une sombre chose semble soudainement l'envahir. Secoué[demon_child.Get_E] de spasmes, [demon_child.GetFirstName] crie dans une langue qui vous est étrangère et ses yeux se révulsent.;[demon_child.GetFirstName] sitzt auf dem Boden und spielt mit [demon_child.GetHerHis]en Spielsachen, als plötzlich etwas Dunkles über das Kind kommt. Wild zuckend schreit [demon_child.GetFirstName] in fremden Zungen, mit nach hinten gerollten Augen.;;[demon_child.GetFirstName] está sentado en el suelo, jugando con [demon_child.GetHerHis] juguetes cuando algo oscuro parece sucederle al niño. Mientras tiene violentos espasmos, [demon_child.GetFirstName] grita en un idioma extranjero  y [demon_child.GetHerHis] ojos ruedan hacia dentro de [demon_child.GetHerHis] cabeza.;;;;;;;;;x
EVTDESC_TOG_3215;An inhuman wail interrupts your sleep, and you hurry outside with your axe. On the ground in front of the longhouse you find [demon_child.GetFirstName] running around in circles upside down on all fours like a spider.;Un cri inhumain vous réveille et vous vous ruez à l'extérieur, la hache à la main. Vous apercevez [demon_child.GetFirstName], la tête à l'envers, courant à quatre pattes comme une araignée, en faisant de grands cercles devant la maison longue.;Ein unmenschlicher Schrei unterbricht Euren Schlaf und mit Eurer Axt eilt Ihr nach draußen. Auf dem Boden vor dem Langhaus findet Ihr [demon_child.GetFirstName] im Kreis rennend vor, gleich einer Spinne auf allen Vieren laufend.;;Un aullido inhumano interrumpe tu sueño, y sales afuera apresuradamente con tu hacha. En el suelo frente a la casa comunal encuentras a [demon_child.GetFirstName] corriendo en círculos arriba y abajo a cuatro patas como una araña.;;;;;;;;;x
EVTDESC_TOG_3218;The corpse of [killed_courtier.GetTitledName] was discovered today at the bottom of a steep ravine with a broken neck. It seems to have been a tragic accident ordained by the gods, but strangely, [demon_child.GetFirstName] was seen standing next to the ravine, peering down into it just before the tragedy was revealed.;Le corps [killed_courtier.Get_du_TitledName] a été découvert aujourd'hui au fond d'un ravin escarpé, le cou brisé. Ce semble être un tragique accident, un châtiment des dieux, mais, étrangement, peu de temps avant qu'on ait eu vent de cette tragédie, on a vu [demon_child.GetFirstName] près du ravin, observant quelque chose en contrebas.;Die Leiche von [killed_courtier.GetTitledName] wurde heute, am Boden einer steilen Schlucht mit gebrochenem Genick, entdeckt. Es scheint ein tragischer Unfall zu sein, hervorgebracht durch den Willen der Götter, doch seltsamerweise wurde [demon_child.GetFirstName] ganz in der Nähe gesehen, kurz bevor die Tragödie entdeckt wurde.;;El cadáver de [killed_courtier.GetTitledName] fue descubierto hoy en el fondo de un barranco con el cuello roto. Parece haber sido un trágico accidente ordenado por los dioses, pero extrañamente, [demon_child.GetFirstName] fue visto de pie junto a la quebrada, mirando hacia abajo justo antes de que se produjera la tragedia.;;;;;;;;;x
EVTDESC_TOG_3221;[killed_courtier.GetTitledName] was found impaled on a wooden fence just outside your longhouse this morning. You can only deduce that [killed_courtier.GetSheHe] fell on the fence from the roof of your longhouse, though what business [killed_courtier.GetSheHe] had up there you cannot fathom. Poor [demon_child.GetFirstName] was the first one to lay eyes on the gruesome scene...;Ce matin, [killed_courtier.Get_le_TitledName] a été trouvé[killed_courtier.Get_E] empalé[killed_courtier.Get_E] sur une clôture de bois à l'extérieur de la maison longue. Vous déduisez qu'[killed_courtier.GetIlElle] était sur le toit de la maison longue avant de tomber sur la clôture, mais ce qu'[killed_courtier.GetIlElle] y faisait, vous n'en avez aucune idée. Pauvre [demon_child.GetFirstName] qui a vu cette horrible scène en premier... ;[killed_courtier.GetTitledName] wurde, direkt vor Eurem Langhaus auf einem Holzzaun aufgespießt, gefunden. Es scheint, als sei [killed_courtier.GetSheHe] vom Dach deines Langhauses gefallen, doch was [killed_courtier.GetSheHe] dort oben zu tun hatte, ist unklar. [demon_child.GetFirstName] erblickte die grauenvolle Szene unglückseligerweise als Erstes...;;[killed_courtier.GetTitledName] fue encontrado esta mañana atravesado en una valla de madera fuera de tu casa comunal. Sólo puedes deducir que [killed_courtier.GetSheHe] se cayó en la valla desde el tejado de la casa comunal, aunque lo que [killed_courtier.GetSheHe] hacía allí arriba no lo puedes comprender. El pobre [demon_child.GetFirstName] fue el primero en ver la horripilante escena...;;;;;;;;;x
EVTDESC_TOG_3224;[killed_courtier.GetTitledName] was found stuffed head first into a barrel full of rain water this morning, with only [killed_courtier.GetHerHis] pale, rigid legs visible above the surface. Your guards speculate that [killed_courtier.GetSheHe] tripped, somehow fell into the barrel and then tragically drowned. [demon_child.GetFirstName] was found playing just nearby, but doesn't seem to have seen anything.;Ce matin, [killed_courtier.Get_le_TitledName] a été trouvé[killed_courtier.Get_E] la tête au fond du tonneau d'eau de pluie, on ne voyait dépasser que ses jambes pales et raides. Vos gardes présument qu'[killed_courtier.GetIlElle] a trébuché et glissé dans le tonneau, se noyant ainsi. [demon_child.GetFirstName] jouait dans les parages, mais n'a semble-t-il rien vu.;[killed_courtier.GetTitledName] wurde heute morgen Kopf voran in einem Wasserfass gefunden, nur die fahlen, starren Beine sichtbar über der Wasseroberfläche. Eure Wachen spekulieren, dass [killed_courtier.GetSheHe] stolperte, irgendwie in das Fass fiel und ertrank. [demon_child.GetFirstName] spielte ganz in der Nähe, hat aber scheinbar nichts gesehen. ;;[killed_courtier.GetTitledName] fue encontrado esta mañana con la cabeza metida en un barril lleno de agua de lluvia, con sólo [killed_courtier.GetHerHis] pálidas y rígidas piernas visibles sobre la superficie. Tus guardias especulan que [killed_courtier.GetSheHe] se tropezó, de alguna manera cayó en el barril y luego se ahogó trágicamente. [demon_child.GetFirstName] fue encontrado jugando muy cerca, pero no parece haber visto nada.;;;;;;;;;x
EVTDESC_TOG_3252;[exorcising_volva.GetTitledName] ambushes you as you leave your longhouse and speaks to you in a pleading voice. [demon_child.GetFirstName] must be purged of the evil [demon_child.GetSheHe] carries within [demon_child.GetHerHim]. There is no other way. I can perform a galdr ritual, but I won't lie - the child may or may not survive the ordeal. Nevertheless, the demon must be vanquished.;[exorcising_volva.Get_Le_TitledName] se met en travers de votre chemin alors que vous quittez votre maison longue et vous demande d'une voix plaintive : 'Il faut purger [demon_child.GetFirstName] du mal qu'[demon_child.GetIlElle] porte en [demon_child.GetLuiElle]. Nous n'avons pas d'autre choix. Je peux célébrer un rituel galdr, mais je dois vous dire la vérité : l'enfant peut ne pas survivre à cette épreuve. Le démon doit être vaincu.';[exorcising_volva.GetTitledName] überrascht Euch, als Ihr gerade Euer Langhaus verlasst und spricht mit flehender Stimme: "[demon_child.GetFirstName] muss von dem Bösen befreit werden, das in dem Kind lauert. Es gibt keinen anderen Weg! Ich kann das Galdr-Ritual durchführen, doch ich werde nicht lügen: Das Kind wird den Ritus vielleicht nicht überleben. Dennoch - der Dämon muss vernichtet werden!";;[exorcising_volva.GetTitledName] te tiende una emboscada cuando sales de la casa comunal y te habla con una voz suplicante. [demon_child.GetFirstName] debe ser purgado del mal que [demon_child.GetSheHe] lleva en [demon_child.GetHerHim]. No hay otra manera. Puedo realizar un ritual galdr, pero no te voy a mentir, el niño puede o no sobrevivir a la terrible experiencia. Sin embargo, el demonio será vencido.;;;;;;;;;x
EVTDESC_TOG_3253;The galdr ritual to cleanse your spawn of evil has begun. The child is brought to a raised platform in a grove where [exorcising_volva.GetFirstName] awaits surrounded by chanting maidens. You are not permitted to witness the sacred ritual itself, so you depart the grove and wait.;Le rituel galdr pour purifier votre progéniture de son mal commence. On emmène l'enfant dans un bosquet sur une plateforme surélevée. Là, [exorcising_volva.GetFirstName] l'attend, entourée de jeunes filles qui chantent. Vous ne pouvez assister à ce rituel sacré, vous quittez donc le bosquet et attendez.;Das Galdr-Ritual, um Euer Kind vom Bösen zu befreien, hat begonnen. Es wird zu einer Plattform in einem Hain geführt, wo [exorcising_volva.GetFirstName] umgeben von singenden Mädchen wartet. Es ist nicht erlaubt, dass Ihr das heilige Ritual beobachtet, also verlasst Ihr den Wald und wartet. ;;El ritual galdr para limpiar a tu engendro del mal ha comenzado. El niño es llevado a una plataforma elevada en un bosque donde [exorcising_volva.GetFirstName] espera rodeado de doncellas cantando. Tú no estás autorizado a presenciar el ritual sagrado, por lo que sales del bosque y esperas.;;;;;;;;;x
EVTDESC_TOG_3256;The incantations from the grove suddenly stop, and several maidens, their white gowns red with someone else's blood, run past screaming. Fearing the worst you hurry back, but when you reach the platform you find only the butchered remains of [exorcising_volva.GetFirstName]... and [demon_child.GetFirstName] standing smiling next to them.;Les incantations qui proviennent du bosquet s'arrêtent soudainement et plusieurs jeunes filles, la robe blanche maculée du sang d'un autre, en sortent en hurlant. Craignant le pire, vous accourez à la plateforme où vous ne trouvez que des restes déchiquetés de [exorcising_volva.GetFirstName]... et [demon_child.GetFirstName] tout sourire juste à côté.;Die Gesänge aus dem Hain hören plötzlich auf und einige der Mädchen, ihre weißen Kleider rot von fremden Blut, rennen schreiend davon. Das Schlimmste befürchtend eilt Ihr zurück, doch als Ihr die Plattform erreicht, findet Ihr nur die zerfleischten Überreste von [exorcising_volva.GetFirstName]... und [demon_child.GetFirstName] steht lächelnd daneben.;;Los encantamientos de la arboleda paran de repente, y varias doncellas, con sus togas blancas de color rojo con la sangre de otra persona, pasan corriendo gritando. Temiendo lo peor te das prisa en regresar, pero al llegar a la plataforma sólo encuentras los restos descuartizados de [exorcising_volva.GetFirstName]... y [demon_child.GetFirstName] sonriendo a su lado.;;;;;;;;;x
EVTDESC_TOG_3257;A solemn procession of maidens led by [exorcising_volva.GetTitledName] finally emerges from the grove, but there is no sign of [demon_child.GetFirstName]. It is done, [exorcising_volva.GetFirstName] announces. The demon is no more... but I fear there was no way to save your child. The corruption simply went too deep.;Une procession solennelle de jeunes filles, guidée par [exorcising_volva.Get_le_TitledName], émerge finalement du bosquet, mais nul signe de [demon_child.GetFirstName]. « C'est fait, annonce [exorcising_volva.GetFirstName]. Le démon n'est plus... mais je crains de n'avoir pu sauver votre enfant. Le mal était trop enraciné. »;Eine feierliche Prozession von Mädchen, angeführt von [exorcising_volva.GetTitledName], verlässt endlich den Hain, aber ohne ein Zeichen von [demon_child.GetFirstName]. "Es ist vollbracht," meint [exorcising_volva.GetFirstName]. "Der Dämon ist nicht mehr... doch ich fürchte, es gab keinen Weg, das Kind zu retten. Das Verderben war schon zu tief eingedrungen.";;Una solemne procesión de doncellas lideradas por [exorcising_volva.GetTitledName] finalmente emerge del bosque, pero no hay ninguna señal de [demon_child.GetFirstName]. Ya está hecho, anuncia [exorcising_volva.GetFirstName]. El demonio ya no está... pero me temo que no ha habido manera de salvar a tu hijo. La corrupción simplemente fue demasiado profunda.;;;;;;;;;x
EVTDESC_TOG_3258;The chanting from the grove comes closer and [exorcising_volva.GetTitledName] appears together with [demon_child.GetFirstName], flanked on either side by singing maidens. The child looks shaken, but otherwise unharmed. It is done, [exorcising_volva.GetFirstName] announces. The demon is no more. [demon_child.GetFirstName] is [demon_child.GetHerselfHimself] again.;Les chants qui proviennent du bosquet se rapprochent et [exorcising_volva.Get_le_TitledName] apparaît en compagnie de [demon_child.GetFirstName] et entouré des jeunes filles qui chantent. L'enfant semble secoué mais sain et sauf. « C'est fait », annonce [exorcising_volva.GetFirstName]. « Le démon n'est plus. [demon_child.GetFirstName] est de nouveau [demon_child.GetLuiElle]-même. »;Die Gesänge aus dem Hain kommen näher und [exorcising_volva.GetTitledName] erscheint zusammen mit [demon_child.GetFirstName], flankiert von singenden Mädchen. Das Kind wirkt verwirrt, aber unverletzt. "Es ist vollbracht," ruft [exorcising_volva.GetFirstName] aus. "Der Dämon ist hinfort. [FromFrom.GetFirstName] ist wieder [demon_child.GetHerselfHimself].";;Los cantos de la arboleda se oyen más cerca y [exorcising_volva.GetTitledName] aparece junto a [demon_child.GetFirstName], flanqueado a ambos lados por doncellas cantando. El niño se ve sacudido, pero por lo demás sano y salvo. Ya está hecho, anuncia [exorcising_volva.GetFirstName]. El demonio ya no existe. [demon_child.GetFirstName] es [demon_child.GetHerselfHimself] de nuevo.;;;;;;;;;x
EVTDESC_TOG_3259;The chanting from the grove comes closer and [exorcising_volva.GetTitledName] appears together with [demon_child.GetFirstName], flanked on either side by singing maidens. The child's vacant stare hints that something is wrong. It is done, [exorcising_volva.GetFirstName] announces. The demon is no more, but the struggle was great. I fear it has left scars on [demon_child.GetFirstName] that may never heal...;Les chants qui proviennent du boisé se rapprochent et [exorcising_volva.Get_le_TitledName] apparaît avec [demon_child.GetFirstName], entourés de jeunes filles qui chantent. Le regard fixe et vide de votre enfant indique que quelque chose ne tourne pas rond. 'C'est fait, annonce [exorcising_volva.GetFirstName]. Le démon n'est plus, mais ce fut une dure bataille. Je crains que [demon_child.GetFirstName] n'ait subi d'incurables séquelles.';Die Gesänge aus dem Hain kommen näher und [exorcising_volva.GetTitledName] erscheint zusammen mit [demon_child.GetFirstName], flankiert von singenden Mädchen. Der starre Blick des Kindes zeigt, dass etwas nicht stimmt. "Es ist vollbracht," ruft [exorcising_volva.GetFirstName] aus. "Der Dämon ist hinfort, doch der Kampf war schwer. Ich fürchte, er hat bei [demon_child.GetFirstName] Narben hinterlassen, die vielleicht niemals heilen werden...";;Los cantos de la arboleda se oyen más cerca y [exorcising_volva.GetTitledName] aparece junto a [demon_child.GetFirstName], flanqueado a ambos lados por doncellas cantando. La vacante mirada del niño revela que algo anda mal. Ya está hecho, anuncia [exorcising_volva.GetFirstName]. El demonio ya no existe, pero la lucha fue enorme. Me temo que ha dejado cicatrices en [demon_child.GetFirstName] que quizá nunca curen...;;;;;;;;;x
EVTDESC_TOG_3300;As your men return from looting the holding, one of them hands you an axe with a strange purple sheen and a plus etched into the handle, followed by the number two. After weighing it carefully in your hands, you toss aside your old, grey axe in favor of the new weapon.;Lorsque vos hommes reviennent de leur pillage, l'un d'eux vous apporte une hache à l'étrange lustre violet avec un plus gravé sur son manche, suivi du nombre deux. Après l'avoir soupesée avec précaution, vous jetez votre vieille hache grise pour adopter la nouvelle arme.;Als Eure Männer von der Plünderung zurückkehren, übergibt Euch einer von ihnen eine Axt mit einem merkwürdigen lila Schimmer und einem eingeritzten Pluszeichen im Griff, gefolgt von der Zahl zwei. Ihr balanciert die Axt sorgfältig in Euren Händen und schleudert schließlich Eure alte, graue Axt von Euch und behaltet die neue Waffe.;;Cuando tus hombres regresan de saquear la propiedad, uno de ellos te da un hacha con un extraño brillo y un signo más grabado en el mango, seguido del número dos. Después de sopesarla con cuidado en sus manos, tiras a un lado tu hacha vieja y gris a favor del nuevo arma.;;;;;;;;;x
EVTDESC_TOG_3301;A strange chest made of an unknown metal was recovered by your men while they looted the holding. Try as they might, they haven't been able to force the chest open and its contents remain a mystery. It has now been deposited into your care.;Un étrange coffre d'un métal inconnu a été rapporté par vos hommes après le pillage de la propriété. Malgré tous leurs efforts, ils n'ont pas réussi à forcer l'ouverture du coffre et son contenu demeure un mystère. Ils vous l'ont confié.;Eine merkwürdige Truhe aus unbekanntem Metall wurde von Euren Männern bei der Plünderung des Besitztums geborgen. Doch egal wie energisch sie es probierten, die Truhe ließ sich nicht öffnen und ihr Inhalt bleibt ein Rätsel. Die Truhe befindet sich nun in Eurer Obhut.;;Un extraño cofre hecho de un metal desconocido fue recuperado por tus hombres mientras saqueaban la propiedad. Hagan lo que hagan, no han sido capaces de abrirlo y su contenido sigue siendo un misterio. Lo han dejado a tu cargo. ;;;;;;;;;x
EVTDESC_TOG_3302;While looting the holding, one of your men came upon a strange looking key made of an unknown metal. As you examine it, the metal reminds you of that mysterious chest you recovered earlier. Perhaps there is a connection!;En pillant la propriété, un de vos hommes a trouvé une étrange clef forgée dans un métal inconnu. En l'examinant, vous remarquez que ce métal ressemble au mystérieux coffre qui a été trouvé un peu plus tôt. Les deux sont peut-être liés !;Während der Plünderung des Besitztums fand einer Eurer Männer einen merkwürdig aussehenden Schlüssel aus unbekanntem Metall. Als Ihr ihn untersucht, erinnert Euch das Metall an die mysteriöse Truhe, die Ihr zuvor gefunden habt. Vielleicht gibt es da eine Verbindung!;;Mientras saquean la propiedad, uno de tus hombres llega con una extraña llave hecha de un metal desconocido. Mientras lo examinas, el metal te recuerda a ese cofre misterioso que recuperaste anteriormente. ¡Tal vez hay una conexión!;;;;;;;;;x
EVTDESC_TOG_3303;While looting the holding, one of your men came upon a strange looking key made of an unknown metal. You have only seen such a metal once before – that mysterious chest that has been inherited and passed along in your family. It's still gathering dust somewhere in your chambers... could this be the key that opens it?;En pillant la propriété, un de vos hommes a trouvé une étrange clef forgée dans un métal inconnu. Vous n'avez vu cette sorte de métal qu'une seule fois, il s'agissait d'un mystérieux coffre possédé par votre famille depuis des générations. Il est toujours dans vos appartements, sous une épaisse couche de poussière... serait-ce la clef qui l'ouvrirait ?;Während der Plünderung des Besitztums fand einer Eurer Männer einen merkwürdig aussehenden Schlüssel aus unbekanntem Metall. Ihr habt ein solches Metall nur einmal zuvor gesehen – an der mysteriösen Truhe, die in Eurer Familie seit Generationen weitervererbt wird. Sie dient irgendwo in Euren Gemächern als Staubfänger... könnte dies der Schlüssel zur Truhe sein?;;Mientras saquean la propiedad, uno de tus hombres llega con una extraña llave hecha de un metal desconocido. Sólo  has visto un metal así una vez: ese misterioso cofre que ha sido heredado y transmitido en tu familia. Todavía está acumulando polvo en algún lugar de tus habitaciones... ¿podría ser esa la llave que lo abre?;;;;;;;;;x
EVTDESC_TOG_3306;The key fits the lock, and trembling with anticipation you slowly open the chest. It is filled with ancient gold coins, carved with the likeness of the long-dead Emperors of Rome and words written in their strange language!;La clef entre dans la serrure et, tremblant d'excitation, vous ouvrez lentement le coffre. Il est rempli d'anciennes pièces d'or gravées d'un seau similaire à celui des empereurs romains morts depuis des lustres et de mots écrits dans leur langue étrange !;Der Schlüssel passt perfekt ins Schloss und zitternd vor Erwartung öffnet Ihr langsam die Truhe. Sie ist mit uralten Goldmünzen gefüllt, die das Antlitz längst verstorbener, römischer Imperatoren eingeprägt haben sowie Worte in ihrer fremden Sprache.;;La llave encaja en la cerradura, y temblando de emoción abres el cofre poco a poco. ¡Está lleno de antiguas monedas de oro, talladas con la imagen de los Emperadores de Roma muertos hace mucho tiempo y palabras escritas en su extraño idioma!;;;;;;;;;x
EVTDESC_TOG_3307;The key fits the lock, and trembling with anticipation you slowly open the chest. Disappointingly, it contains only a few parched scrolls that crumble into dust at your touch. Whatever wisdom they held has been forever lost to the world.;La clef entre dans la serrure et, tremblant d'excitation, vous ouvrez lentement le coffre. À votre grande déception, vous n'y trouvez que de vieux parchemins poussiéreux qui s'effritent sous vos mains. Quel que soit le savoir qu'ils renfermaient, celui-ci est perdu à jamais.;Der Schlüssel passt perfekt ins Schloss und zitternd vor Erwartung öffnet Ihr langsam die Truhe. Zu Eurer Enttäuschung enthält sie nur einige Pergamentrollen, die zudem unter Eurer Berührung zu Staub zerfallen. Das Wissen, das sie enthalten haben mögen, ist für immer verloren.;;La llave encaja en la cerradura, y temblando de emoción abres el cofre poco a poco. Lamentablemente, sólo contiene algunos pergaminos resecos que se convierten en polvo cuando los tocas. Cualquiera que sea la sabiduría que contenían, se ha perdido para siempre.;;;;;;;;;x
EVTDESC_TOG_3308;The key fits the lock, and trembling with anticipation you slowly open the chest. Sadly, it is filled with nothing but worthless baubles and various trinkets. There is not a trace of gold to be found here, but the contents of the chest could probably be traded away for a few coins at least.;La clef entre dans la serrure et, tremblant d'excitation, vous ouvrez lentement le coffre. Il est malheureusement rempli de babioles sans valeur et autres colifichets. Il n'y a aucune trace d'or, mais on pourrait probablement tirer quelques pièces du coffre lui-même.;Der Schlüssel passt perfekt ins Schloss und zitternd vor Erwartung öffnet Ihr langsam die Truhe. Zu Eurer Enttäuschung enthält sie nur wertlose Glaskugeln und Tand. Nicht ein Körnchen Gold ist zu finden, aber eventuell kann der Inhalt wenigstens gegen einige Münzen eingetauscht werden.;;La llave encaja en la cerradura, y temblando de emoción abres el cofre poco a poco. Lamentablemente, está lleno de adornos inútiles y baratijas diversas. No hay ni rastro de oro aquí, pero el contenido del cofre probablemente podría ser comercializado por unas pocas monedas por lo menos.;;;;;;;;;x
EVTDESC_TOG_3309;The key fits the lock, and you slowly open the chest. It contains nothing but dust! As you run your hand through it, strange lights begin to manifest in the room and you close your eyes when the first ghostly apparitions appear. You hear the screams of your guards, and when you finally open your eyes again, the spectres are gone... and your guards have been reduced to ash.;La clef entre dans la serrure et vous ouvrez lentement le coffre. Il ne contient que de la poussière ! Alors que vous passez la main à l'intérieur, d'étranges lumières fusent dans la pièce et vous fermez les yeux au moment où le premier fantôme apparaît. Vous entendez les cris de vos gardes et, lorsque vous rouvrez enfin les yeux, les spectres sont disparus... mais vos gardes ont été réduits en cendres.;Der Schlüssel passt perfekt ins Schloss und Ihr öffnet langsam die Truhe. Sie enthält nichts als Staub! Als Ihr den Staub durch Eure Finger rinnen lasst, manifestiert sich ein merkwürdiges Licht im Raum und Ihr schließt Eure Augen, als die erste Geistererscheinung auftaucht. Ihr hört die Schreie Eurer Wachen, und als Ihr es wagt, Eure Augen wieder zu öffnen, sind die Geister verschwunden... und Eure Wachen zu Staub zerfallen.;;La llave encaja en la cerradura, y poco a poco abres el cofre. ¡No contiene nada más que polvo! Al pasar la mano a través de él, extrañas luces comienzan a manifestarse en la habitación y cierras los ojos cuando aparecen las primeras apariciones fantasmales. Se oyen los gritos de tus guardias, y cuando por fin abres los ojos de nuevo, los fantasmas se han ido... y tus guardias han sido reducidos a cenizas.;;;;;;;;;x
EVTDESC_TOG_3320;The pillaging and looting undertaken in your name has earned you a reputation as a fearsome Viking raider. All along the coasts, mothers tucking their children in for the night warn that unless they behave, the terrible [Root.GetFirstName], scourge of the seas, will come ashore with [Root.GetHerHis] undead warriors and eat them.;Les pillages commis en votre nom vous ont valu une réputation de redoutable pillard viking. Tout le long des côtes, les mères bordent leurs enfants le soir en leur disant que s'ils ne sont pas sages, [Root.GetLeLa] terrible [Root.GetFirstName], le fléau des mers, débarquera avec ses guerriers morts-vivants pour les manger.;Das Brandschatzen und Plündern in Eurem Namen hat Euch den Ruf eines furchtlosen Wikinger-Räubers eingebracht. An allen Küsten Europas bringen Mütter ihre Kinder abends zu Bett und flüstern Warnungen, dass der Schrecken [Root.GetFirstName], die Geißel der Meere, mit [Root.GetHerHis] untoten Kriegern kommen und sie fressen wird, wenn sie sich nicht benehmen.;;Los pillajes y saqueos realizados en tu nombre te han dado la reputación de ser un[Root.GetXA] saqueador[Root.GetXA] viking[Root.GetOA] temible. Madres en todas las costas acuestan a sus niños diciendo que si no se portan bien, vendrá [Root.GetElLa] terrible [Root.GetFirstName], el azote de los mares, con sus guerreros no muertos y se los comerá.;;;;;;;;;x
EVTDESC_TOG_3320_HF;The pillaging and looting undertaken in your name has earned you a reputation as a fearsome Pirate. All along the coasts, mothers tucking their children in for the night warn that unless they behave, the terrible [Root.GetFirstName], scourge of the seas, will come ashore with [Root.GetHerHis] undead warriors and eat them.;Les pillages commis en votre nom vous ont valu une réputation de pirate redoutable. Tout le long des côtes, les mères bordent leurs enfants le soir en leur disant que s'ils ne sont pas sages, [Root.GetLeLa] terrible [Root.GetFirstName], le fléau des mers, débarquera avec ses guerriers morts-vivants pour les manger.;Die Plünderungen und das Brandschatzen in Eurem Namen hat Euch den Ruf eines gefürchteten Piraten eingebracht. Überall an der Küste warnen Mütter ihre Kinder davor, sollten sie sich nicht benehmen, die schreckliche Geißel der Meere, [Root.GetFirstName], mit [Root.GetHerHis]en Untoten Kriegern an Land kommt uns sie essen wird.;;El pillaje y saqueo realizado en tu nombre te han ganado la reputación de ser un[Root.GetXA] pirata terrible. Las madres a lo largo de todas las costas acuestan a sus niños de noche diciéndoles que si no se portan bien, [Root.GetElLa] temible [Root.GetFirstName], azote de los mares, desembarcará con sus guerreros no muertos para comérselos.;;;;;;;;x
EVTDESC_TOG_3321_HF;Few alive have a more fearsome reputation than you. Where many Pirates merely raid you destroy entire towns and castles, leaving none alive besides one to spread the tale of [Root.GetFirstName] the Ravager.;Peu de personnes en vie sont plus redoutées que vous. Alors que de nombreux pirates ne font que piller, vous détruisez cités et châteaux, en ne laissant personne en réchapper, sauf une personne afin qu'elle répande l'histoire de [Root.GetFirstName] [Root.GetLeLa] Ravageu[Root.GetRSe].;Nur wenige haben einen so furchterregenden Ruf wie Ihr. Wo die meisten Piraten nur plündern, zerstört Ihr ganze Städte und Burgen und lasst niemanden außer einen am Leben, der die Geschichte von [Root.GetFirstName], [Root.Getdemder] Verwüster[Root.GetinFemale] erzählen kann.;;Hay poca gente viva con una reputación más temible que la tuya. Allá donde muchos piratas solo asaltaron, tú destruyes pueblos y castillos enteros, dejando solo a uno que narre la historia de [Root.GetFirstName] el Saqueador.;;;;;;;;x
EVTDESC_TOG_3400;Two mysterious hunters came to me recently, telling me that I should lie with [buffalo_woman.GetFirstName], my ugly, deformed wife, for she shall bear me a son who will become a great and mighty king. The wise men and wise women tell me that the hunters have powers of prophecy and magic, and that I should heed their advice.;Deux chasseurs mystérieux sont venus me voir récemment, me disant que je devrais m'allonger avec [buffalo_woman.GetFirstName], ma femme laide et difforme, afin qu'elle puisse porter mon fils qui deviendra un roi puissant et grand.;Jüngst erschienen zwei seltsame Jäger und rieten mir [buffalo_woman.GetFirstName], meinem hässlichen, unförmigen Weib, beizuwohnen, da sie mir einen starken und mächtigen König gebären würde. Die weisen Männer und Frauen sagen, dass die Jäger prophetische Kräfte haben und ich ihren Rat annehmen sollte.;;Dos cazadores misteriosos vinieron a mi, diciéndome que debo yacer con [buffalo_woman.GetFirstName], my horrible y deforme esposa, porque ella me dará un hijo que será un gran y poderoso rey. El hombre sabio y la mujer sabia me dijeron que los cazadores tenían poderes de profecía y magia, y que debería atender su sugerencia.;;;;;;;;;x
EVTDESC_TOG_3401;Your men have managed to hunt down the bear that has been killing livestock in nearby villages. The men are now calling for a feast in commemoration of the bear's spirit, called peijaiset. Since bears hold great symbolism in our life, it might not be wise to pass this opportunity.;Vos hommes ont réussi à abattre l'ours qui tuait le bétail des villages voisins. Ils prévoient une fête en commémoration de l'esprit de l'ours nommé peijaiset. L'ours tenant une grande importance symbolique dans nos coutumes, il ne serait pas sage de laisser cette opportunité passée.;Euren Männern ist es gelungen, den gewaltigen Bären, der das Vieh der umliegenden Dörfer gerissen hat, zu erlegen. Nun verlangen sie nach einem Gelage in Gedenken an den Tiergeist des Bären, den sie peijaiset nennen. Bären haben große Symbolkraft in unserem Leben, also erscheint es nicht weise, dem zu widersprechen.;;Tus hombres consiguieron cazar un oso que estaba matando al ganado en los pueblos de los alrededores. Estos hombres reclaman una fiesta conmemorando el espíritu del oso, llamado Peijaiset. Ya que los osos representan un gran simbolismo en nuestras vidas, no sería astuto dejar pasar esta oportunidad.;;;;;;;;;x
EVTDESC_TOG_3402;As you are out hunting one afternoon, a bearded elder approaches, donning a simple traveler's cloak and a wide brimmed hat that conceals his other eye. He greets you with courtesy, requests a horn of mead, and then informs you that just yonder, a well lies forgotten, filled with gold. He wanders off, chuckling as he goes, leaving you struck with the familiarity of his presence.;Alors que vous chassez un après-midi, un ancien, barbu et portant une simple cape de voyageur et un large chapeau cachant son autre oeil, s'approche. Il vous salue courtoisement, demande une corne d'hydromel, puis vous informe que juste là-bas, un puits gît, oublié mais rempli d'or. Il repart vagabonder, gloussant doucement, vous laissant frappé[Root.Get_E] par la familiarité de sa présence.;Als Ihr eines Nachmittags auf der Jagd seid, begegnet Ihr einem bärtigen Alten, gekleidet in einen einfachen Mantel eines Wanderers und einen breitkrempigen Hut. Er grüßt Euch höflich, verlangt nach einem Horn Met und erzählt Euch dann von einem goldenen vergessenen Brunnen ganz in der Nähe. Dann wandert er vor sich hin kichernd von dannen.;;Una tarde mientras estás cazando, un anciano barbudo se acerca, vistiendo tan sólo una túnica de viaje y un ancho sombrero que tapa uno de sus ojos. Te saluda con entusiasmo, te pide un cuerno con bebida, y te informa que un poco más adelante hay un pozo abandonado lleno de oro. Se marcha cojeando, dejándote pensando en la familiaridad de su presencia.;;;;;;;;;x

EVTNAME_TOG_3100;The Varangian Guard;La Garde varègue;Die Warägergarde;;La Guardia Varangiana;;;;;;;;;x

EVTOPTA_TOG_3000;Must... kill... more...;Dois... tuer... plus...;Muss... mehr... töten...;;Tengo… que matar… más…;;;;;;;;;x
EVTOPTA_TOG_3001;Only a flesh wound...;Ce n'est qu'une blessure légère...;Nur eine Fleischwunde...;;Sólo una herida fresca…;;;;;;;;;x
EVTOPTA_TOG_3003;It is a good day to die...;C'est un beau jour pour mourir...;Ein guter Tag zum Sterben...;;Es un buen día para morir…;;;;;;;;;x
EVTOPTA_TOG_3004;*guttural howl*;*hurlement guttural*;*gutturales Heulen*;;* aullido gutural *;;;;;;;;;x
EVTOPTA_TOG_3005;Perhaps indeed.;En effet.;Ja, vielleicht...;;Posiblemente.;;;;;;;;;x
EVTOPTA_TOG_3006;Gggh... m-must... control... r-rage...;Gggh... d-dois... contrôler... r-rage...;Gggh... m-muss... mich... be-beherrschen...;;Gggh… Controla… la… r-rabia…;;;;;;;;;x
EVTOPTA_TOG_3007;I probably shouldn't have done that...;Je n'aurais peut-être pas dû faire ça...;Das hätte ich vermutlich nicht tun sollen...;;Probablemente no tendría que haber hecho eso…;;;;;;;;;x
EVTOPTA_TOG_3008;Yes... yes. I just need a moment to collect my wits.;Oui... oui. J'ai seulement besoin d'un moment pour rassembler mes esprits.;Ja... ja. Ich muss mich nur kurz sammeln. ;;Si… si. Sólo necesito un momento para recobrar el juicio.;;;;;;;;;x
EVTOPTA_TOG_3100;They shall serve me well.;Ils devraient bien me servir.;Sie werden mir gut dienen.;;Me servirán bien.;;;;;;;;;x
EVTOPTA_TOG_3101;May they find the excitement they yearn.;Puissent-ils trouver l'action à laquelle ils aspirent.;Mögen sie den Spaß finden, den sie so sehr suchen.;;Espero que encuentren la emoción que anhelan.;;;;;;;;;x
EVTOPTA_TOG_3110;I will not allow it!;Je ne permettrai pas !;Das werde ich nicht erlauben!;;¡No lo permitiré!;;;;;;;;;x
EVTOPTA_TOG_3112;My [From.GetBoyGirl]...;M[From.GetOnA] [From.GetBoyGirl]...;M[From.Geteineine] [From.GetBoyGirl]...;;Mi [From.GetBoyGirl]…;;;;;;;;;x
EVTOPTA_TOG_3113;Very well.;Très bien.;Sehr gut.;;Muy bien.;;;;;;;;;x
EVTOPTA_TOG_3115;[From.GetFirstName]! You've... changed!;[From.GetFirstName] ! Tu as... changé !;[From.GetFirstName]! Ihr habt Euch... verändert!;;¡[From.GetFirstName]! ¡Has… cambiado!;;;;;;;;;x
EVTOPTA_TOG_3117;No matter, I'm just glad [From.GetSheHe] made it home!;Peu importe, son retour me fait grand plaisir !;Egal, Hauptsache [From.GetSheHe] ist wieder da!;;¡No importa, solo me alegro de que haya vuelto a casa!;;;;;;;;;x
EVTOPTA_TOG_3119;[From.GetFirstName], what have they done to you?!;[From.GetFirstName], qu'est-ce qu'ils t'ont fait ?!;[From.GetFirstName], was haben sie mit Euch angestellt?;;[From.GetFirstName], ¡¿ Qué te han hecho?!;;;;;;;;;x
EVTOPTA_TOG_3121;Tell me of your battles, [From.GetFirstName]...;Raconte-moi tes exploits, [From.GetFirstName]...;Erzählt mir von den Schlachten, [From.GetFirstName]...;;Cuéntame de tus batallas, [From.GetFirstName]...;;;;;;;;;x
EVTOPTA_TOG_3123;Strange...;Étrange...;Seltsam...;;Extraño…;;;;;;;;;x
EVTOPTA_TOG_3125;Each to their own.;À chacun sa façon.;Jedem das Seine.;;Cada uno a lo suyo.;;;;;;;;;x
EVTOPTA_TOG_3127;I knew those Greeks would be a bad influence.;Je savais que ces Grecs auraient une mauvaise influence.;Ich wusste, dass diese Griechen ein schlechter Einfluss sein würden. ;;Sabía que los Griegos serían una mala influencia.;;;;;;;;;x
EVTOPTA_TOG_3129;Welcome home, [From.GetFirstName]!;Bienvenue chez toi, [From.GetFirstName] !;Willkommen zu Hause, [From.GetFirstName]!;;¡Bienvenido, [From.GetFirstName]!;;;;;;;;;x
EVTOPTA_TOG_3131;My [From.GetSonDaughter] died a hero...;[From.GetIlElleCap] est mort[From.Get_E] en héros...;[From.GetSheHeCap] ist als Held gestorben...;;Mi [From.GetSonDaughter] murió como los héroes…;;;;;;;;;x
EVTOPTA_TOG_3133;[From.GetFirstName], you make me proud!;[From.GetFirstName], tu me remplis de fierté !;[From.GetFirstName], Ihr macht mich stolz!;;¡[From.GetFirstName], estoy orgulloso de ti!;;;;;;;;;x
EVTOPTA_TOG_3134;It is as I remember it.;C'est comme dans mes souvenirs.;Ganz wie in meiner Erinnerung. ;;Es tal y como lo recordaba.;;;;;;;;;x
EVTOPTA_TOG_3200;She is welcome here.;Elle est la bienvenue.;Sie ist uns willkommen.;;Ella es bienvenida.;;;;;;;;;x
EVTOPTA_TOG_3201;Yes, she is welcome here.;Oui, elle est la bienvenue.;Ja, sie ist uns hier willkommen.;;Sí, ella es bienvenida.;;;;;;;;;x
EVTOPTA_TOG_3202;So be it. You may stay.;Soit. Vous pouvez rester.;So sei es. Sie kann bleiben.;;Así será. Debes quedarte.;;;;;;;;;x
EVTOPTA_TOG_3205;Guards, remove the witch!;Gardes, sortez cette sorcière !;Wachen, entfernt die Hexe!;;¡Guardias, llevaos a la bruja!;;;;;;;;;x
EVTOPTA_TOG_3211;Was it a dream?;Ai-je rêvé ?;War das ein Traum ?;;¿Fue un sueño?;;;;;;;;;x
EVTOPTA_TOG_3213;That can't be a good sign...;C'est de bien mauvais augure...;Das kann kein gutes Zeichen sein...;;Eso no puede ser una buena señal…;;;;;;;;;x
EVTOPTA_TOG_3215;[This.Religion.GetRandomGodNameCap] help me...;Que [This.Religion.GetRandomGodName] me vienne en aide...;[This.Religion.GetRandomGodNameCap] hilf mir...;;[This.Religion.GetRandomGodNameCap] ayúdame…;;;;;;;;;x
EVTOPTA_TOG_3218;Curious...;Curieux...;Seltsam...;;Curioso…;;;;;;;;;x
EVTOPTA_TOG_3221;Yes, an interesting coincidence...;En effet, c'est une étrange coïncidence...;Welch seltsamer Zufall...;;Sí, una interesante coincidencia…;;;;;;;;;x
EVTOPTA_TOG_3224;Yes... I suppose it could have happened that way...;Oui... Je suppose que c'est arrivé ainsi...;Ja... Ich glaube, es könnte so passiert sein.;;Sí… Supongo que puede haber pasado así…;;;;;;;;;x
EVTOPTA_TOG_3252;Perform the ritual.;Lancez le rituel.;Führt das Ritual durch.;;Realizar el ritual.;;;;;;;;;x
EVTOPTA_TOG_3253;[This.Religion.GetRandomGodNameCap] preserve us.;Que [This.Religion.GetRandomGodName] nous préserve.;[This.Religion.GetRandomGodNameCap] rette uns!;;[This.Religion.GetRandomGodNameCap] protégenos.;;;;;;;;;x
EVTOPTA_TOG_3256;[This.Religion.GetRandomGodNameCap] preserve us...;Que [This.Religion.GetRandomGodName] nous préserve.;[This.Religion.GetRandomGodNameCap] rette uns!;;[This.Religion.GetRandomGodNameCap] protégenos…;;;;;;;;;x
EVTOPTA_TOG_3257;Then your life is forfeit as well, witch!;Vous paierez de votre vie, sorcière !;Dann ist auch Euer Leben verwirkt, Hexe!;;¡Entonces también perderás tu vida, buja!;;;;;;;;;x
EVTOPTA_TOG_3258;Thank the gods!;Les dieux soient loués !;Den Göttern sei gedankt!;;¡Gracias a los dioses!;;;;;;;;;x
EVTOPTA_TOG_3300;I feel stronger.;Elle me donne de la force.;Ich fühle mich stärker.;;Me siento más fuerte.;;;;;;;;;x
EVTOPTA_TOG_3301;One day, that chest will be opened. Mark my words.;Un jour, ce coffre sera ouvert. J'en donne ma parole.;Eines Tages wird diese Truhe geöffnet werden. Merkt Euch meine Worte!;;Un día, este cofre será abierto. Recuerda mis palabras.;;;;;;;;;x
EVTOPTA_TOG_3302;Let us see if the key will fit!;Regardons si cette clef est la bonne !;Lasst uns sehen, ob der Schlüssel passt!;;¡Veamos si la llave encaja!;;;;;;;;;x
EVTOPTA_TOG_3303;Let us find out! ;Allons voir !;Lasst es uns herausfinden!;;¡Vamos a averiguarlo!;;;;;;;;;x
EVTOPTA_TOG_3306;A small fortune!;Une petite fortune !;Ein kleines Vermögen!;;¡Una pequeña fortuna!;;;;;;;;;x
EVTOPTA_TOG_3307;Just my luck.;C'est bien ma chance.;Ich habe einfach kein Glück.;;Qué suerte la mía.;;;;;;;;;x
EVTOPTA_TOG_3308;Better than nothing, I suppose.;J'imagine que c'est mieux que rien.;Besser als nichts, schätze ich.;;Mejor que nada, supongo.;;;;;;;;;x
EVTOPTA_TOG_3309;This... this chest needs to be buried...;Nous... nous devons enterrer ce coffre...;Diese... diese Truhe muss vergraben werden...;;Este… este cofre tiene que ser enterrado…;;;;;;;;;x
EVTOPTA_TOG_3320;I like the sound of that!;Quel plaisir d'entendre ça !;Das hört sich gut an!;;¡Me gusta como suena!;;;;;;;;;x
EVTOPTA_TOG_3400;I shall lie with her.;Je vais m'allonger avec elle.;Ich werde ihr beiwohnen.;;Debo yacer con ella.;;;;;;;;;x
EVTOPTA_TOG_3401;Of course! Let's also hope for his good reincarnation as a creature of the forest!;Bien entendu ! Espérons aussi qu'il aura une réincarnation sans encombre parmi les créatures de la forêt.;Selbstverständlich! Lasst uns außerdem auf seine baldige Reinkarnation als eine neue Kreatur des Waldes hoffen.;;¡Claro! ¡Deseemos que se reencarne como una criatura de los bosques!;;;;;;;;;x
EVTOPTA_TOG_3402;You inform your men that the wanderer was none other than Odin.;Vous informez vos hommes que ce vagabond n'était autre qu'Odin.;Ihr glaubt, dass der Wanderer Odin war.;;Informas a tus hombres que el viajero no era ni más ni menos que Odín;;;;;;;;;x

EVTOPTB_TOG_3110;Go to Miklagård and make me proud, [my_child.GetSonDaughter].;M[my_child.GetOnA] [my_child.GetSonDaughter], allez à Miklagård et faites-moi honneur.;Gehe nach Miklagård und mache mich stolz, m[my_child.Geteineine] [my_child.GetSonDaughter].;;Ve a Miklagard y haz que me sienta orgullos[Root.GetOA], [my_child.GetSonDaughter] mí[my_child.GetOA];;;;;;;;;x
EVTOPTB_TOG_3200;No, send the witch away.;Non, sortez-moi cette sorcière.;Nein, schickt die Hexe weg!;;No, llévate a la bruja.;;;;;;;;;x
EVTOPTB_TOG_3201;No, I will have nothing to do with her foul witchcraft.;Non, je n'ai rien à faire de sa vilaine sorcellerie.;Nein, mit Hexenkunst will ich nichts zu tun haben!;;No, no quiero tener nada que ver con su sucia brujería.;;;;;;;;;x
EVTOPTB_TOG_3202;Be gone, witch!;Va-t-en, sorcière !;Verschwinde, Hexe!;;¡Lárgate, bruja!;;;;;;;;;x
EVTOPTB_TOG_3205;Could... could it be so? Is the child cursed?;Se... se peut-il que cet enfant soit maudit ?;Könnte... könnte es wahr sein? Ist das Kind verflucht?;;¿Podría… podría ser? ¿Está maldito el niño?;;;;;;;;;x
EVTOPTB_TOG_3252;If you so much as touch [demon_child.GetFirstName]...;Si vous osez toucher à [demon_child.GetFirstName]...;Wehe, wenn Ihr [demon_child.GetFirstName] auch nur anrührt...;;Si se te ocurre tocar a [demon_child.GetFirstName]...;;;;;;;;;x
EVTOPTB_TOG_3257;Leave while you still can, [exorcising_volva.GetFirstName], and never return.;Sauvez-vous pendant que vous le pouvez, [exorcising_volva.GetFirstName], et ne revenez plus jamais.;Verschwindet, so lange Ihr noch könnt, und kehrt niemals zurück, [exorcising_volva.GetFirstName].;;Vete mientras puedas, [exorcising_volva.GetFirstName], y no vuelvas nunca.;;;;;;;;;x
EVTOPTB_TOG_3300;This aberration of a weapon must be destroyed!;Cette arme aberrante doit être détruite !;Eine Abnormität! Die Waffe muss zerstört werden!;;¡Esta arma aberrante debe destruirse!;;;;;;;;;x
EVTOPTB_TOG_3400;I refuse to lie with this ugly, buffalo-like woman.;Je refuse de m'allonger avec cette espèce de buffle abjecte.;Ich weigere mich, diesem hässlichen, stiernackigen Weib beizuwohnen.;;Me niego a yacer con esta horrible mujer con pinta de búfalo.;;;;;;;;;x
EVTOPTB_TOG_3401;Sadly, I have no time for this.;Malheureusement, je n'ai pas de temps pour cela.;Leider habe ich im Moment keine Zeit für solche Feste.;;Desgraciadamente no tengo tiempo para esto.;;;;;;;;;x
EVTOPTB_TOG_3402;You ignore your mens' insistence that the stranger was the Allfather.;Vous ignorez vos hommes qui affirment que c'était Alföðr, le Père de tout.;Das soll der Allvater gewesen sein? Wohl kaum!;;Ignoras la insistencia de tus hombres acerca de que el extraño era el Señor de los Dioses;;;;;;;;;x

EVTOPTC_TOG_3257;You have my thanks... it had to be done.;Je vous remercie... ce devait être fait.;Ich danke Euch... es musste vollbracht werden.;;Te doy las gracias… había que hacerlo.;;;;;;;;;x
EVTOPTC_TOG_3400;The hunters are merely superstitious madmen.;Ces chasseurs sont simplement des hommes fous et supersticieux.;Die Jäger sind nur abergläubische Narren.;;Los cazadores son tan sólo unos locos supersticiosos.;;;;;;;;;x
EVTOPTC_TOG_3401;Bear hides are valuable, so we'll sell it instead!;Les peaux d'ours ont une grande valeur. A la place, nous la vendrons.;Bärenfelle sind äußerst wertvoll, also werden wir es stattdessen verkaufen.;;Las pieles de oso son valiosas, ¡Vendámosla!;;;;;;;;;x
EVTOPTC_TOG_3402;You scold your men for believing in the Gods.;Vous réprimandez vos hommes pour croire aux dieux.;Ihr scheltet Eure Männer für ihren Glauben an die Götter.;;Reprendes a tus hombres por creer en los Dioses;;;;;;;;;x

EVTOPTD_TOG_3401;After enjoying the feast, I shall take the bear's skull to the sacred grove.;Après avoir profiter de la fête, j'amènerais le crâne de l'ours au bosquet sacré.;Nach dem Gelage werde ich des Bären Schädel in den heiligen Hain bringen.;;Tras disfrutar de la fiesta, llevaré la calavera del oso a la pradera sagrada;;;;;;;;;x

EVTTOOLTIP_TOG_3007;going berserk.;devenir berserk.;rastet aus.;;volviéndose loco.;;;;;;;;;x
EVTTOOLTIP_TOG_3008;controlling your wrath.;contrôler votre colère.;kontrolliert Eure Wut.;;controlando tu ira.;;;;;;;;;x

TOG.3321.a;There's yet more work to be done.;Il y a encore beaucoup à faire.;Es gibt immer noch mehr zu tun.;;Aún hay mucho trabajo por hacer.;;;;;;;;;x
TOG.3321.d;Few alive have a more fearsome reputation than you. Where many Vikings merely raid you destroy entire towns and castles, leaving none alive besides one to spread the tale of [Root.GetFirstName] the Ravager.;Peu de personnes en vie sont plus redoutées que vous. Alors que de nombreux Vikings ne font que piller, vous détruisez cités et châteaux, en ne laissant personne en réchapper, sauf une personne afin qu'elle répande l'histoire de [Root.GetFirstName] [Root.GetLeLa] Ravageu[Root.GetRSe].;Nur wenige gelten heutzutage als noch furchterregender als Ihr. Gewöhnliche Wikinger mögen plündern, aber Ihr macht ganze Städte und Burgen dem Erdboden gleich. Ihr lasst immer nur einen Einzigen am Leben, um die Legende von Verwüster(in) [Root.GetFirstName] weiter zu verbreiten.;;Pocos seres vivos tienen una reputación más temible que la tuya. Cuando muchos vikingos simplemente asaltan, tú destruyes pueblos y castillos enteros, sin dejar a nadie vivo salvo a uno solo para que cuente la historia de [Root.GetFirstName] el Asaltante.;;;;;;;;;x
TOG.3322.a;I do not sow.;Je ne sème pas.;Ich säe nicht.;;Yo no siembro;;;;;;;;;x
TOG.3322.d;You are known as [GetFirstName] the [GetSeaQueenKing], for you can take whatever you want anywhere that the wild waves beat on rock or sand. No [Root.GetManWoman] sails a ship better, no [Root.GetManWoman] fights more fiercely, no [Root.GetManWoman] is held in more fear.;Tout le monde vous connaît comme étant [GetFirstName] [GetSeaQueenKing], puisque vous pouvez prendre ce que vous voulez partout où frappent les vagues sauvages, que ce soient des rochers ou du sable. Aucun[Root.Get_E] [Root.GetManWoman] ne gouverne mieux un navire, aucun[Root.Get_E] [Root.GetManWoman] ne combat avec plus d'acharnement, aucun[Root.Get_E] [Root.GetManWoman] ne plonge plus autrui dans la peur.;Ihr seid als [GetSeaQueenKing] [GetFirstName] bekannt, denn Ihr nehmt Euch einfach alles von überall, wo die Wellen gegen Felsen oder Strände schlagen. Niemand steuert ein Schiff geschickter, niemand kämpft erbitterter, niemand ist gefürchteter als Ihr.;;Se te llama [GetFirstName], [GetSeaQueenKing], porque puedes tomar lo que quieras allí donde rompan las olas, ya sea roca o arena. Nadie navega mejor, nadie lucha con más ferocidad, nadie es más temido.;;;;;;;;;x
TOG.3404.d;The recent influx of looted treasure has encouraged buying and investment in [Root.Capital.GetName], which in turn has attracted more warriors who are hungry for gold.;Le récent flux de trésors pillés a encouragé les achats et l'investissement à [Root.Capital.GetName], qui à son tour a attiré plus de guerriers assoiffés d'or.;Die derzeitigen Mehreinnahmen durch geplünderte Schätze fördern Kaufkraft und Investitionen in [Root.Capital.GetName], was wiederum weitere Krieger anlockt, die nach Gold dürsten.;;El influjo reciente del tesoro saqueado ha animado las compras y la inversión en [Root.Capital.GetName], lo que a su vez ha atraído más guerreros hambrientos de oro.;;;;;;;;;x