EVTDESC_RoI_1000;To properly celebrate the seasonal feast, you should invite all your vassals. You have your scribe write the letters and send them off, the messengers' satchels decorated with flowers.;Afin de célébrer comme il se doit le festin de la saison, vous devriez inviter tous vos vassaux. Vous demandez à votre scribe d'écrire les messages et de les envoyer. Les sacoches des messagers seront décorées de fleurs.;Um das Fest ordentlich zu feiern, solltet Ihr all Eure Vasallen einladen. Ihr lasst Euren Schreiber die Einladungen aufsetzen und verschicken, die Sättel der Boten sind mit Blumen geschmückt.;;Para celebrar el banquete de temporada, deberías invitar a tus vasallos. Haces que tu escriba redacte las cartas y las envíe, con las bolsas de los mensajeros decoradas con flores.;;;;;;;;;x
EVTDESC_RoI_1001;Dear vassal,\nI hereby invite you to attend my celebration of the feast of Diwali.\n\nYour Liege,\n[From.GetFullName];M[Root.GetOnA] ch[Root.GetErEre] vassal[Root.Get_E],\nJe vous convie par la présente à participer au festin de Diwali.\n\nVotre [From.GetLordLady] lige,\n[From.GetFullName];Lieber Vasall,\nhiermit lade ich Euch ein, meiner Feier zum Diwali beizuwohnen.\n\nEuer Lehnsherr\n[From.GetFullName];;Querido vasallo:\nPor la presente os invito a acudir a mi celebración del banquete de Diwali.\n\nVuestro señor,\n[From.GetFullName];;;;;;;;;x
EVTDESC_RoI_1002;Your vassal, [From.GetFullName], has refused your invitation to the feast.;Votre vassal [From.GetFullName] a refusé votre invitation au festin.;Euer Vasall [From.GetFullName] hat Eure Einladung zum Fest abgelehnt.;;Tu vasallo, [From.GetFullName], ha rechazado la invitación al banquete.;;;;;;;;;x
EVTDESC_RoI_1005;In the Indian autumn feasts, tradition dictates that you offer a gift to your spouse. You should plan for this and buy something before the feast begins.;En Inde, lors des festins de l'automne, la tradition dit que vous devez offrir un cadeau à votre douce moitié. Faites preuve de prévoyance, achetez quelque chose avant le début du festin.;Die Tradition verlangt, dass Ihr zum Herbstfest Eurem Ehepartner ein Geschenk macht. Ihr solltet dies planen und etwas kaufen, bevor das Fest beginnt.;;En el banquete Indio de otoño, es tradición que ofrezcas un regalo a tu esposa. Deberías planificarte y comprar algo antes de que comience el banquete.;;;;;;;;;x
EVTDESC_RoI_1006;In accordance with tradition, you may offer a gift to your lover during the autumn feast.;En accord avec la tradition, vous pouvez offrir un cadeau à votre amant ou à votre maîtresse lors du festin de l'automne.;Traditionsgemäß könnt Ihr Eurer Liebschaft ein Geschenk zum Herbstfest machen.;;De acuerdo con la tradición, puedes ofrecer un regalo a tu amante durante el festín de otoño.;;;;;;;;;x
EVTDESC_RoI_1007;At the feast, it's time for the traditional ceremony of gifts...;Au festin, c'est le moment de la cérémonie traditionnelle des cadeaux...;Auf dem Fest wird es Zeit für die Geschenke...;;En el banquete, llega la hora de la tradicional ceremonia de regalos...;;;;;;;;;x
EVTDESC_RoI_1020;The castle is decorated with flowers and colorful tapestries, carpets and ribbons. All the guests have arrived, there is a bustle of people all eager and full of festive spirit. It's time for the feast to begin!;Le château est décoré de fleurs, de tentures, de tapis et de rubans de toutes les couleurs. Tous les invités sont là. Quelle belle foule de gens joyeux et remplis d'un esprit festif ! C'est l'heure, que le festin commence !;Die Burg ist mit Blumen und bunten Tapeten, Teppichen und Schleifen geschmückt. Alle Gäste sind angekommen, ein wahres Gewühl von Menschen voller Vorfreude und Feierlaune. Es ist Zeit, das Fest beginnen zu lassen!;;El castillo está decorado con flores, coloridos tapetes, alfombras y lazos. Los invitados han llegado, hay bullicio de gente impaciente y con espíritu festivo. ¡Es hora de que comience el banquete!;;;;;;;;;x
EVTDESC_RoI_1050;A snake charmer is entertaining the guests at the feast. He plays a flute and sings in odd tones to various poisonous snakes that he has brought in a basket. The audience is held captivated by his skills as he seemingly controls the snakes with his voice and his music.;Un charmeur de serpents offre un spectacle aux invités. Il joue de la flûte et chante une étrange mélopée à l'attention des serpents venimeux qu'il a apportés dans un panier. L'audience est captivée par son talent : il semble contrôler les serpents par le son de sa voix et par sa musique.;Ein Schlangenbeschwörer unterhält die Gäste auf dem Fest. Er spielt seine Flöte und singt zu seltsamen Klängen zu einigen Giftschlangen, welche er in einem Korb mitbrachte. Die Zuhörer sind ganz eingenommen von seinen Fähigkeiten, da er scheinbar die Schlangen allein mit seiner Stimme und der Musik kontrolliert.;;Un encantador de serpientes entretiene a los invitados del banquete. Toca la flauta y canta en extraños tonos a varias serpientes venenosas que ha traído en una cesta. La audiencia está atónita con sus habilidades pues parece controlar las serpientes con su voz y con su música.;;;;;;;;;x
EVTDESC_RoI_1051;There is a silence among the revellers as the snake charmer works his magic with the snakes. But suddenly you hear a high shriek, and the snake charmer looks confused - it seems a large cobra has broken free and is slithering across the floor towards the guests!;Les convives observent en silence le charmeur de serpents faire ses tours. Mais un cri perçant déchire l'air et le charmeur de serpents affiche une expression troublée. Il semble qu'un grand cobra ait pris quelques libertés, et le voilà qui traverse la salle en direction des invités !;Die Feiernden schweigen, während der Schlangenbeschwörer seine Magie wirken lässt. Doch plötzlich hört Ihr einen lauten Schrei und der Beschwörer wirkt verwirrt - es scheint, als sei eine große Kobra ausgebrochen, die nun auf die Gäste zuschlängelt.;;Hay un silencio entre los asistentes cuando el encantador de serpientes realiza su magia con las serpientes. Pero de repente escuchas un alarido, el encantador de serpientes parece confuso - ¡una gran cobra está libre y rectando por el suelo hacia los invitados!;;;;;;;;;x
EVTDESC_RoI_1052;The escaped cobra disappears under the table. There are a few moments of silence, and then a shrill shriek. The cobra has slithered up into the lap of one of the guests, scaring the person half to death! The snake, then quickly disappears out through an open window.;Le cobra en liberté disparaît sous la table. Après quelques moments de silence, un cri perçant retentit. Le cobra s'est glissé sur les genoux d'un invité, qui manque de mourir de peur ! Le serpent disparaît ensuite rapidement par une fenêtre ouverte.;Die entkommene Kobra verschwindet unter dem Tisch. Einige Momente ist alles still, dann ertönt ein lauter Schrei. Die Kobra ist in den Schoß eines Gastes gekrochen und hat ihn zu Tode erschreckt. Dann verschwindet die Schlange schnell durch ein Fenster.;;La cobra fugada desaparece bajo la mesa. Hay unos momentos de silencio, y después un agudo chillido. ¡La cobra se ha arrastrado hasta el regazo de uno de los invitados, dándole un susto de muerte! La serpiente desaparece por una ventana abierta.;;;;;;;;;x
EVTDESC_RoI_1053;A snake charmer is entertaining the guests at the feast. He plays a flute and sings in odd tones to various poisonous snakes that he has brought in a basket. Then, suddenly you feel something cold and slithery moving in your lap...;Un charmeur de serpents offre un spectacle aux invités. Il joue de la flûte et chante une étrange mélopée à l'attention des serpents venimeux qu'il a apportés dans un panier. Soudain, vous sentez quelque chose de froid et de glissant ramper sur vos genoux...;Ein Schlangenbeschwörer unterhält die Gäste auf dem Fest. Er spielt seine Flöte und singt zu seltsamen Klängen zu einigen Giftschlangen, welche er in einem Korb mitbrachte. Plötzlich fühlt Ihr etwas kaltes und schlüpfriges in Eurem Schoß...;;Un encantador de serpientes entretiene a los invitados del banquete. Toca la flauta y canta en extraños tonos a varias serpientes venenosas que ha traído en una cesta. Entonces, de repente sientes algo frío reptando en tu regazo...;;;;;;;;;x
EVTDESC_RoI_1054;The escaped cobra disappears under the table. There are a few moments of silence, and then a terrified scream. One of the guests is shaking in violent convulsions, with people nearby staring in shock as they realize the snake has bitten their neighbor. As the snake disappears out through an open window, the victim stops shaking and lies still, dead.;Le cobra en liberté disparaît sous la table. Quelques instants de silence, puis un cri de terreur. Un des invités est en proie à de violentes convulsions. Les invités le fixent, figés de peur alors qu'ils comprennent que le serpent vient de mordre l'un des leurs. Alors que le serpent disparaît par une fenêtre ouverte, la victime cesse de trembler et s'effondre, sans vie.;Die entkommene Kobra verschwindet unter dem Tisch. Einige Momente ist alles still, dann ertönt ein furchtbarer Schrei. Einer der Gäste zuckt unter Krämpfen, die Gäste daneben starren schockiert, als sie merken, dass die Schlange ihren Nachbarn gebissen hat. Als die Schlange durch ein offenes Fenster entkommt, liegt das Opfer ruhig da... tot!;;La cobra fugada desaparece bajo la mesa. Hay unos momentos de silencio, y después un chillido de terror. Uno de los invitados se estremece en violentas convulsiones, con la gente petrificada mirando en cuanto se percatan de que la cobra ha mordido al vecino. Mientras la serpiente desaparece por una ventana abierta, la víctima deja de agitarse y yace muerta.;;;;;;;;;x
EVTDESC_RoI_1055;The escaped cobra slithers across the floor. The guests at the table seem paralyzed, except for one person who quickly draws his sword and steps forward, chopping the animal in half with a swift cut.;Le cobra en liberté glisse sur le sol. Les invités à la table sont comme paralysés, excepté l'un d'eux qui tire rapidement son épée et s'avance, tranchant l'animal en deux d'un coup vif.;Die entkommene Schlange kriecht über den Boden. Die Gäste am Tisch wirken paralysiert, außer einer Person, welche schnell ihr Schwert zieht und mit einem gezielten Schlag das Tier erschlägt.;;La cobra fugada se arrastra por el suelo. Los invitados de la mesa parecen paralizados, excepto una persona que rápidamente saca su espada y da un paso al frente, cortando al animal a la mitad rápidamente.;;;;;;;;;x
EVTDESC_RoI_1056;A snake charmer is entertaining the guests at the feast, until suddenly a cobra escapes! You quickly draw your sword and step forward, chopping the animal in half with a swift cut.;Un charmeur de serpents donne un spectacle pour les invités au festin quand soudain un cobra s'échappe ! Vous tirez rapidement votre épée et vous avancez vers la bête, que vous tranchez en deux d'un coup vif.;Ein Schlangenbeschwörer unterhält die Gäste des Festes, als plötzlich eine Kobra entkommt. Schnell zieht Ihr Euer Schwert, tretet vor und hackt mit flinkem Schlag das Tier in zwei Teile.;;Un encantador de serpientes entretiene a los invitados del banquete, ¡hasta que la cobra escapa! Rápidamente, sacas tu espada y das un paso al frente, contando al animal a la mitad.;;;;;;;;;x
EVTDESC_RoI_1060;That person over there has been looking at you in a funny way during the entire feast. Laughing, thinking evil thoughts about you. You have tried putting goat's cheese in your hair to ward it off, but still his scheming ways threaten you. He wants to take your gold. And your undergarments.;Cette personne là-bas vous a regardé d'un drôle d'air pendant tout le festin. Elle riait et elle pensait de mauvaises choses à votre égard. Vous avez essayé d'éloigner son influence en mettant du fromage de chèvre dans vos cheveux, mais ses manières sournoises continuent de vous menacer. Il en veut à votre or. Et à vos sous-vêtements.;Diese Person dort drüben schaut Euch die ganze Zeit seltsam an. Es scheint als hege sie böse Gedanken. Ihr habt versucht, dies abzuwenden, indem Ihr Euch Ziegenkäse in die Haare geschmiert habt, doch es half nichts. Er will Euer Gold! Und Eure Unterwäsche!;;Aquel de allí te ha estado mirando raro durante todo el banquete. Riéndose, pensando cosas malas de ti. Has intentado ponerte queso de cabra en el pelo para protegerlo, pero aun así su tortuoso comportamiento te amenaza. Quiere tu oro y tu ropa interior.;;;;;;;;;x
EVTDESC_RoI_1061;The voices in your head have spoken. The pressure rises, you must see blood flow tonight or you will go insane. Anyone at the table of the feast will do - ah, that one!;Les voix dans votre tête ont parlé. La pression monte, il vous faut voir le sang couler ce soir, sinon vous allez perdre la tête. N'importe qui à la table du festin fera l'affaire... Oh, voilà la victime parfaite !;Die Stimmen in Eurem Kopf haben gesprochen! Der Druck steigt, Ihr müsst noch heute Blut sehen oder Ihr werdet verrückt. Jeder am Tisch wird ausreichen... ah, dieser da!;;Las voces de tu cabeza han hablado. La presión aumenta, debes ver la sangre correr esta noche o enloquecerás. Cualquiera de la mesa del banquete vale - ¡ah, tú mismo!;;;;;;;;;x
EVTDESC_RoI_1062;A fellow guest at the feast, mindless of his manners, has repeatedly turned his back on you and now he spilled sauce on your garments. You are certain it was on purpose - or at least you're not certain it wasn't.;Un autre invité au festin, de manière fort impolie, vous a à plusieurs reprises tourné le dos. À présent, il vient de renverser de la sauce sur vos beaux habits. C'était certainement volontaire. Et si ça ne l'était pas, c'était tout comme !;Ein Gast des Festes, sorglos über seine Manieren, hat Euch bereits mehrfach den Rücken zugewandt. Und nun hat er auch noch Soße auf Euer Gewand gekleckert. Ihr seid sicher, es war Absicht. Oder zumindest seid Ihr nicht sicher, dass es keine war.;;Un tipo en el banquete, ajeno a sus modales, repetidamente te ha dado la espalda y ahora ha vertido salsa en tus ropas. Seguramente lo ha hecho a propósito - o al menos no estás seguro de que no fuera así;;;;;;;;;x
EVTDESC_RoI_1063;You are enjoying a fantastic show of dancers at the feast. Suddenly, a fellow reveller accidentally bumps into you, knocking your drink out of your hand.;Un magnifique spectacle de danse se déroule sous vos yeux. Soudain, un des convives vous bouscule accidentellement et fait tomber votre verre au sol.;Ihr erfreut Euch an einer fantastischen Tanzeinlage, als Euch plötzlich ein Feiernder anrempelt und Euer Getränk verschüttet.;;Estás disfrutando de un fantástico espectáculo de danza en el banquete. De repente, un individuo se choca contra ti, tirando la bebida que tenías en la mano.;;;;;;;;;x
EVTDESC_RoI_1064;That man who has been staring at you several times during the feast is surely plotting to murder you. Better to fight him here in the open than him sticking a knife in your back later.;Cet homme qui vous a regardé à plusieurs reprises pendant le festin projette certainement de vous assassiner. Mieux vaut l'affronter aux yeux de tous que lui permettre de vous planter un couteau dans le dos plus tard.;Dieser Mann, der Euch beständig anstarrt, plant mit Sicherheit Euren Tod! Besser ihn gleich hier im Freien bekämpfen, als ein verstecktes Messer im Rücken riskieren.;;Aquel hombre que te ha estado mirando en diversas ocasiones durante el banquete seguramente planifica tu muerte. Mejor luchar con él en campo abierto que esperar a que te clave un cuchillo en la espalda más adelante.;;;;;;;;;x
EVTDESC_RoI_1065;What a great feast! You have been drinking heavily for several days, only pausing to sleep (but not much). You are wandering around the grounds, not exactly sure where you are. You excuse yourself to people as you bump into them.\n\nYou have the servants fetch you another drink. What day is it? It seems you are wearing someone else's clothes. How funny! Someone tells you to calm down, how annoying. Someone else wants their clothes back, now they're shouting and threatening.;Quel magnifique festin ! Vous avez beaucoup bu pendant plusieurs jours, ne reposant votre verre que pour dormir (si peu). Vous errez à travers les couloirs en cherchant à vous orienter tant bien que mal. Vous présentez vos excuses aux gens que vous bousculez.\n\nVous demandez aux serviteurs de vous apporter à boire. Quel jour sommes-nous ? Et ce ne sont pas vos vêtements que vous portez... Comme c'est amusant ! Quelqu'un vous dit de vous calmer un peu. Rabat-joie... Quelqu'un tient à récupérer ses vêtements, et vous n'aimez pas le ton menaçant que vous percevez dans sa voix.;Was für eine Feier! Tagelang habt Ihr viel getrunken und nur wenig geschlafen. Ihr wandert über das Gelände, unsicher, wo genau Ihr eigentlich seid. Ab und an entschuldigt Ihr Euch, wenn Ihr in andere Gäste stolpert.\n\nIhr lasst die Diener Euch einen weiteres Getränk bringen. Welcher Tag ist heute? Scheinbar tragt Ihr die Kleidung von jemand anderem! Wie lustig! Jemand fordert Euch auf, Euch zu beruhigen. Wie langweilig! Jemand will seine Kleider zurück. Jetzt schreien und drohen sie!;;¡Qué gran banquete! Has estado bebiendo mucho durante días, parando sólo para dormir (y no mucho). Vagas por la zona, sin saber exactamente dónde estás. Pides perdón a la gente con la que chocas.\n\n Haces que los sirvientes te pongan otra bebida. ¿Qué día es? Parece que llevas la ropa de otra persona. ¡Qué divertido! Alguien te pide que te calmes, qué fastidio. Alguien más quiere que le devuelvas su ropa, ahora te gritan y amenazan.;;;;;;;;;x
EVTDESC_RoI_1066;A fellow guest at the feast, clearly out of his mind, has challenged you to a duel. It seems to you there is no good reason, and duels can be very dangerous, but backing down might still make you look weak.;Un convive au festin, clairement perturbé, vous a défié en duel. Ce duel n'a aucune justification, et puis c'est très dangereux, mais si vous refusez, vous passerez pour quelqu'un de faible.;Ein Gast auf dem Fest, offenbar nicht ganz bei Sinnen, hat Euch zum Duell gefordert. Scheinbar hat er keinen guten Grund und Duelle können recht gefährlich sein, doch ein Rückzieher ließe Euch schwach wirken.;;Un invitado al banquete, obviamente no en sus cabales, te ha desafiado a un duelo. Crees que no hay una buena razón y los duelos pueden ser peligrosos, pero echarte atrás puede hacerte parecer débil.;;;;;;;;;x
EVTDESC_RoI_1067;Your intended opponent refuses to duel with you.;L'adversaire que vous aviez choisi refuse de vous affronter.;Euer möglicher Gegner lehnt das Duell ab.;;Tu pretendido rival rechaza batirse contigo.;;;;;;;;;x
EVTDESC_RoI_1068;Tension runs high at the feast. [From.GetTitledName] has challenged [FromFrom.GetTitledName]to a duel, but the latter chose to back down, doing some injury to his prestige.;La tension monte pendant le festin. [From.Get_Le_TitledName] a défié [FromFrom.Get_le_TitledName] en duel, mais [FromFrom.Get_le_TitledName] a choisi de refuser, même si son prestige s'en trouve affecté.;Die Stimmung ist angespannt. [From.GetTitledName] hat [FromFrom.GetTitledName] zum Duell gefordert, doch letzterer lehnte auf Kosten seines Prestiges ab.;;La tensión se dispara en el banquete. [From.GetTitledName] ha desafiado a [FromFrom.GetTitledName] a un duelo, pero este último ha decidido echarse atrás, dañando su prestigio.;;;;;;;;;x
EVTDESC_RoI_1069;The guests at the feast gather around to see the duel between you and [FromFrom.GetFullName]. As the challenged party, you have the right to choose which weapon shall be used in the duel.;Les convives se rassemblent pour assister au duel entre vous et [FromFrom.GetFullName]. Comme c'est vous que l'on défie, vous avez le choix des armes pour ce duel.;Die Gäste des Festes versammeln sich, um das Duell zwischen Euch und [FromFrom.GetFullName] zu sehen. Als Herausgeforderter könnt Ihr die Waffen des Duells wählen.;;Los invitados al banquete se agolpan para ver tu duelo frente a [FromFrom.GetFullName]. Como desafiado, tienes derecho a elegir el arma a usar en el duelo.;;;;;;;;;x
EVTDESC_RoI_1070;[From.GetFullName] has accepted your challenge and there will be a duel. As the challenged party, your opponent may choose what weapons will be used and he has chosen swords. The other guests at the feast gather around to see you fight.;[From.GetFullName] a accepté votre défi. Il y aura duel. Comme c'est votre adversaire qui est défié, il a le choix des armes. Ce sera un duel à l'épée ! Les autres convives se rassemblent pour assister au combat.;[From.GetFullName] hat Eure Herausforderung akzeptiert und das Duell wird stattfinden. Als Herausgeforderter kann Euer Gegner die Waffen wählen und hat sich für Schwerter entschieden. Die anderen Gäste versammeln sich, um Euch kämpfen zu sehen.;;[From.GetFullName] ha aceptado tu desafío y habrá duelo. Como desafiado, tu oponente puede elegir armas y ha elegido espadas. Los otros invitados se arremolinan para verte pelear.;;;;;;;;;x
EVTDESC_RoI_1071;[From.GetFullName] has accepted your challenge and there will be a duel. As the challenged party, your opponent may choose what weapons will be used and he has chosen daggers. The other guests at the feast gather around to see you fight.;[From.GetFullName] a accepté votre défi. Il y aura duel. Comme c'est votre adversaire qui est défié, il a le choix des armes. Ce sera un duel à la dague ! Les autres convives se rassemblent pour assister au combat.;[From.GetFullName] hat Eure Herausforderung akzeptiert und das Duell wird stattfinden. Als Herausgeforderter kann Euer Gegner die Waffen wählen und hat sich für Dolche entschieden. Die anderen Gäste versammeln sich, um Euch kämpfen zu sehen.;;[From.GetFullName] ha aceptado tu desafío y habrá duelo. Como desafiado, tu oponente puede elegir armas y ha elegido dagas. Los otros invitados se arremolinan para verte pelear.;;;;;;;;;x
EVTDESC_RoI_1072;[From.GetFullName] has accepted your challenge and there will be a duel. As the challenged party, your opponent may choose what weapons will be used and he has chosen spears. The other guests at the feast gather around to see you fight.;[From.GetFullName] a accepté votre défi. Il y aura duel. Comme c'est votre adversaire qui est défié, il a le choix des armes. Ce sera un duel à la lance ! Les autres convives se rassemblent pour assister au combat.;[From.GetFullName] hat Eure Herausforderung akzeptiert und das Duell wird stattfinden. Als Herausgeforderter kann Euer Gegner die Waffen wählen und hat sich für Speere entschieden. Die anderen Gäste versammeln sich, um Euch kämpfen zu sehen.;;[From.GetFullName] ha aceptado tu desafío y habrá duelo. Como desafiado, tu oponente puede elegir armas y ha elegido lanzas. Los otros invitados se arremolinan para verte pelear.;;;;;;;;;x
EVTDESC_RoI_1073;The duel is about to start. But first, there is one thing that remains for you to decide: will you fight honorably or fight dirty? The latter choice will obviously increase your chances, but there is a large crowd watching and they will see everything that happens.;Le duel est sur le point de commencer. Mais avant, une chose reste à décider : combattrez-vous de manière honorable ou en usant de quelque vilain tour ? Le second choix augmentera vos chances de l'emporter, mais devant une assistance aussi nombreuse, tout le monde verra ce que vous faites.;Das Duell beginnt gleich, doch zuerst müsst Ihr noch etwas entscheiden: Wollt Ihr ehrenhaft oder schmutzig kämpfen? Letzteres wird natürlich Eure Chancen verbessern, doch eine große Menge schaut zu und wird alles beobachten.;;El duelo va a comenzar. Pero antes, hay una cosa que debes decidir: ¿lucharas honorablemente o de forma sucia? La última opción obviamente aumentará tus probabilidades, pero hay una muchedumbre mirando y verán todo lo que ocurra.;;;;;;;;;x
EVTDESC_RoI_1075;The duel commences. You begin to circle around each other, both of you observing the other closely and feinting to try and gauge the skill of the opponent. Then suddenly, steel flashes and there is a flurry of attacks and counterattacks. Gasps of terror and of delight are heard from the audience, mixing with the curses and grunts from the duelists and the sound of clashing steel...;Le duel commence. Vous commencer à vous tourner autour, observant votre adversaire avec la plus grande attention, tentant quelques feintes pour juger l'habileté de votre adversaire. Soudain, l'acier s'anime et c'est un enchaînement d'attaques et de contre-attaques. L'audience retient son souffle, entre terreur et fascination, tandis que les insultes et les grognements des deux duellistes ponctuent l'affrontement et que les lames s'entrechoquent.;Das Duell beginnt. Ihr und Euer Gegner umkreist euch gegenseitig, beobachtet und täuscht an, um eure Fähigkeiten abzuschätzen. Dann plötzlich trifft Stahl auf Stahl und ein wilder Wirbel aus Angriffen und Gegenangriffen beginnt. Rufe des Schreckens und der Freude sind aus dem Publikum zu hören, gemischt mit Flüchen und dem Grunzen der Duellanten... und dem Klang des klirrenden Stahls.;;El duelo comienza. Comenzáis a dar vueltas alrededor, observándoos fijamente y amagando para probar y medir la pericia del oponente. De repente, el acero destella y hay una ráfaga de ataques y contraataques. Gritos ahogados de terror y deleite manan del público, mezclándose con los gruñidos y maldiciones de los duelistas y el entrechocar de aceros...;;;;;;;;;x
EVTDESC_RoI_1080;Tempers flaring at the feast! A duel broke out between [FromFromFrom.GetFullName] and [FromFrom.GetFullName], and the ringing of steel on steel held the spectators captive for several intense moments.\n\n[FromFrom.GetFullName] lost but he suffered only minor wounds.;La tension monte au festin ! [FromFromFrom.GetFullName] et [FromFrom.GetFullName] se sont affrontés en duel. Le bruit de l'acier a tenu en haleine les spectateurs pendant de longs moments d'une grande intensité.\n\n[FromFrom.GetFullName] a perdu l'affront, mais s'en sort avec des blessures légères.;Die Stimmung beim Fest ist angespannt! Es wurde ein spontanes Duell zwischen [FromFromFrom.GetFullName] und [FromFrom.GetFullName] ausgetragen, und der Klang von Stahl auf Stahl zog die Zuschauer für einige hitzige Momente in ihren Bann.\n\n[FromFrom.GetFullName] verlor, hat aber nur Kratzer abbekommen.;;¡Losánimos se caldean en la fiesta! Ha estallado un duelo entre [FromFromFrom.GetFullName] y [FromFrom.GetFullName], y el sonido de acero contra acero ha capturado a los espectadores durante intensos momentos.\n\n[FromFrom.GetFullName] perdió pero sufrió heridas menores.;;;;;;;;;x
EVTDESC_RoI_1081;Tempers flaring at the feast! A duel broke out between [FromFromFrom.GetFullName] and [FromFrom.GetFullName], and the ringing of steel on steel held the spectators captive for several intense moments.\n\n[FromFrom.GetFullName] lost and lies wounded on the ground.;La tension monte au festin ! [FromFromFrom.GetFullName] et [FromFrom.GetFullName] se sont affrontés en duel. Le bruit de l'acier a tenu en haleine les spectateurs pendant de longs moments d'une grande intensité.\n\n[FromFrom.GetFullName] a perdu l'affront et s'allonge, blessé, sur le sol.;Die Stimmung beim Fest ist angespannt! Es wurde ein spontanes Duell zwischen [FromFromFrom.GetFullName] und [FromFrom.GetFullName] ausgetragen, und der Klang von Stahl auf Stahl zog die Zuschauer für einige hitzige Momente in ihren Bann.\n\n[FromFrom.GetFullName] verlor und liegt verletzt am Boden.;;¡Losánimos se caldean en la fiesta! Ha estallado un duelo entre [FromFromFrom.GetFullName] y [FromFrom.GetFullName], y el sonido de acero contra acero ha capturado a los espectadores durante intensos momentos.\n\n[FromFrom.GetFullName] perdió y está tumbado/a en el suelo herido/a.;;;;;;;;;x
EVTDESC_RoI_1082;Tempers flaring at the feast! A duel broke out between [FromFromFrom.GetFullName] and [FromFrom.GetFullName], and the ringing of steel on steel held the spectators captive for several intense moments.\n\n[FromFrom.GetFullName] lost and was horribly maimed.;La tension monte au festin ! [FromFromFrom.GetFullName] et [FromFrom.GetFullName] se sont affrontés en duel. Le bruit de l'acier a tenu en haleine les spectateurs pendant de longs moments d'une grande intensité.\n\n[FromFrom.GetFullName] a perdu l'affront et a été horriblement mutilé.;Die Stimmung beim Fest ist angespannt! Es wurde ein spontanes Duell zwischen [FromFromFrom.GetFullName] und [FromFrom.GetFullName] ausgetragen, und der Klang von Stahl auf Stahl zog die Zuschauer für einige hitzige Momente in ihren Bann.\n\n[FromFrom.GetFullName] verlor und wurde fürchterlich verstümmelt.;;¡Losánimos se caldean en la fiesta! Ha estallado un duelo entre [FromFromFrom.GetFullName] y [FromFrom.GetFullName], y el sonido de acero contra acero ha capturado a los espectadores durante intensos momentos.\n\n[FromFrom.GetFullName] perdió y fue mutilado/a horriblemente.;;;;;;;;;x
EVTDESC_RoI_1083;Tempers flaring at the feast! A duel broke out between [FromFromFrom.GetFullName] and [FromFrom.GetFullName], and the ringing of steel on steel held the spectators captive for several intense moments.\n\n[FromFrom.GetFullName] was killed!;La tension monte au festin ! [FromFromFrom.GetFullName] et [FromFrom.GetFullName] se sont affrontés en duel. Le bruit de l'acier a tenu en haleine les spectateurs pendant de longs moments d'une grande intensité.\n\n[FromFrom.GetFullName] a trouvé la mort !;Die Stimmung beim Fest ist angespannt! Es wurde ein spontanes Duell zwischen [FromFromFrom.GetFullName] und [FromFrom.GetFullName] ausgetragen, und der Klang von Stahl auf Stahl zog die Zuschauer für einige hitzige Momente in ihren Bann.\n\n[FromFrom.GetFullName] hat den Tod gefunden!;;¡Losánimos se caldean en la fiesta! Ha estallado un duelo entre [FromFromFrom.GetFullName] y [FromFrom.GetFullName], y el sonido de acero contra acero ha capturado a los espectadores durante intensos momentos.\n\n[FromFrom.GetFullName] fue asesinado!;;;;;;;;;x
EVTDESC_RoI_1140;During the feast, you are entertained by dancers. One of the female dancers especially catches your attention. She moves with near divine grace and allure, and you feel strangely attracted to her. You come to think of the mysterious and beautiful Apsara of legend, shapechanging dancers descending from the heavens.;Pendant le festin se déroule un spectacle de danse. Une des danseuses en particulier attire votre attention. Elle se meut avec une grâce quasiment divine et vous vous sentez étrangement attiré par elle. Vous repensez aux belles et mystérieuses Apsara de la légende, ces danseuses polymorphes venues du ciel.;Während des Festes werdet Ihr von Tänzern unterhalten. Eine der Tänzerinnen fesselt Euch besonders: Sie bewegt sich mit geradezu himmlischer Anmut und Grazie und Ihr fühlt Euch zu ihr hingezogen. Ihr müsst an die Apsara der Legenden denken, gestaltwandelnde Tänzerinnen aus den Himmeln.;;Durante el banquete, te entretiene un grupo de danza. Una de las bailarinas llama especialmente tu atención. Se mueve con una gracia y encanto casi divinos, y te sientes extrañamente atraído por ella. Te hace pensar en una de las Apsará de las leyendas, bailarinas que cambian de forma, venidas de los cielos.;;;;;;;;;x
EVTDESC_RoI_1141;You call the dancer over after the dance has finished, and she comes and sits down next to you. You talk of the body, pleasure and beauty. She sits very close to you, speaking with a soft and seductive voice. You begin to feel strangely warm and light-headed. It feels good.;La danse finie, vous faites signe à la danseuse de s'approcher. Elle acquiesce et s'assoit à côté de vous. Vous parlez de corps, de plaisirs et de beauté. Elle se tient très près de vous et vous parle d'une voix douce et séduisante. Vous sentez une vague de chaleur en vous et votre esprit devient léger. Je me sens bien.;Nach dem Ende des Tanzes ruft ihr die Tänzerin zu Euch. Sie kommt und setzt sich. Ihr sprecht über den Körper, Vergnügen und Schönheit. Sie spricht mit einer weichen, verführerischen Stimme. Ihr fühlt Euch seltsam warm und leicht. Es fühlt sich gut an.;;Llamas a la bailarina una vez el baile ha finalizado, ella viene y se sienta junto a ti. Hablas del cuerpo, el placer y la belleza. Ella se sienta muy cerca de ti, hablando con una voz suave y seductora. Te sientes extrañamente tibio y mareado. Sienta bien.;;;;;;;;;x
EVTDESC_RoI_1142;As you wake, your mind is filled with memories of a wonderful night of pleasure. You look around, but the dancer is gone without a trace. It was truly something extraordinary, and your mind wanders to old tales told by priests and storytellers - was she really a human woman, or could it be that you have met one of the beautiful Apsara of legend?;À votre réveil, votre esprit est empli du souvenir d'une nuit de plaisirs magnifiques. Vous constatez que la danseuse est partie sans laisser de traces. C'était vraiment un moment extraordinaire. Vous repensez aux vieilles histoires narrées par les prêtres et les conteurs... Était-elle humaine, ou était-ce une de ces belles Apsara dont parle la légende ?;Als Ihr erwacht, ist Euer Geist gefüllt mit Erinnerungen an die wundervolle Nacht der Lust. Ihr schaut Euch um, doch die Tänzerin ist spurlos verschwunden. Es war wirklich etwas Besonderes und Ihr grübelt über alte Geschichten, wie sie von Priestern und Märchenerzählern berichtet werden. War sie wirklich eine menschliche Frau oder habt Ihr eine der wunderbaren Apsara der Legende getroffen?;;Al despertar, tu mente está llena de recuerdos de una maravillosa noche de placer. Miras a tu alrededor, pero la bailarina no ha dejado rastro. Realmente fue algo extraordinario, y tu mente vuela hacia los antiguos relatos de sacerdotes y cuentacuentos - ¿era realmente humana, o puede que hayas encontrado una de las legendarias Apsarás?;;;;;;;;;x
EVTDESC_RoI_1143;At one point during the feast, a male singer performs. His voice is captivating and sensual, notes dancing across the room and tickling your skin with an almost physical touch. You are completely captivated by his charisma - he reminds you of the mysterious and beautiful Gandharvas of legend, singer spirits of the sky making music for the gods.;À un moment pendant le festin, un chanteur offre un spectacle. Les notes de son chant captivant et sensuel dansent dans la salle et effleurent votre peau. Vous êtes captivée par son charisme. Il vous rappelle un de ces magnifiques et mystérieux Gandharva de la légende, ces esprits venus des cieux qui chantent pour les dieux.;Während des Festes tritt ein männlicher Sänger auf. Seine Stimme ist einnehmend und sinnlich, sie tanzt geradezu durch den Raum und lässt Eure Haut prickeln, fast wie unter echten Berührungen. Ihr seid vollständig von seiner Ausstrahlung eingenommen - er erinnert Euch an die mysteriösen und wunderschönen Gandharvas der Legenden, Sängergeister aus dem Himmel, Musiker der Götter.;;En cierto momento durante el banquete, actúa un cantante. Su voz es cautivadora y sensual, las notas bailan por la sala y cosquillean tu piel con un toque casi físico. Estás completamente cautivada por su carisma - te recuerda a los misteriosos y hermosos Gandharvás de la leyenda, espíritus cantarines de los cielos que hacen música para los dioses.;;;;;;;;;x
EVTDESC_RoI_1144;You call the singer over after the performance has finished, and he comes and sits down next to you. You talk of music, the body, pleasure and beauty. He sits very close to you, speaking with a soft and seductive voice. You begin to feel strangely warm and light-headed. It feels good.;La représentation finie, vous faites signe au chanteur de s'approcher. Il acquiesce et s'assoit à côté de vous. Vous parlez de musique, de plaisirs et de beauté. Il se tient très près de vous et vous parle d'une voix douce et séduisante. Vous sentez une vague de chaleur en vous et votre esprit devient léger. Je me sens bien.;Nach dem Auftritt ruft Ihr den Sänger zu Euch. Er kommt und setzt sich. Ihr sprecht von Musik, vom Körper, Schönheit und Vergnügen. Er sitzt ganz nahe bei Euch und spricht mit weicher, verführerischer Stimme. Ihr fühlt Euch seltsam leicht und warm. Es fühlt sich gut an.;;Llamas al cantante una vez su actuación ha finalizado, él viene y se sienta junto a ti. Hablas del cuerpo, el placer y la belleza. Él se sienta muy cerca de ti, hablando con una voz suave y seductora. Te sientes extrañamente tibia y mareada. Sienta bien.;;;;;;;;;x
EVTDESC_RoI_1145;As you wake, your mind is filled with memories of a wonderful night of pleasure. You look around, but the singer is gone without a trace. A small bird flies by outside the window, singing beautifully. Your mind wanders to old tales told by priests and storytellers - was he really a human man, or could it be that you have met one of the beautiful Gandharva of legend?;À votre réveil, votre esprit est empli du souvenir d'une nuit de plaisirs magnifiques. Vous constatez que le chanteur est parti sans laisser de traces. Un petit oiseau s'envole par la fenêtre en poussant un chant mélodieux. Vous repensez aux vieilles histoires narrées par les prêtres et les conteurs... Était-il humain, ou était-ce un de ces beaux Gandharva dont parle la légende ?;Als Ihr erwacht, ist Euer Geist gefüllt mit Erinnerungen an die wundervolle Nacht der Lust. Ihr schaut Euch um, doch der Tänzer ist spurlos verschwunden. Ein kleiner Vogel zwitschert wundervoll vor dem Fenster. Ihr grübelt über Geschichten von Priestern und Märchenerzählern nach - war er wirklich ein menschlicher Mann oder vielleicht einer der wundervollen Gandharva der Legenden?;;Al despertar, tu mente está llena de recuerdos de una maravillosa noche de placer. Miras a tu alrededor, pero el cantante no ha dejado rastro. Un pequeño pájaro vuela fuera en la ventana, cantando. Tu mente vuela hacia los antiguos relatos de sacerdotes y cuentacuentos - ¿era realmente humano, o puede que hayas encontrado uno de los legendarios Gandharvás?;;;;;;;;;x
EVTDESC_RoI_1151;There is a murmur among the guests of the feast, as a mage enters to entertain you. With great flourish, he explains that the coming show will astound even the most cyncial spectator. He proceeds to put a small boy into a basket on the floor, wherafter he swiftly chops the basket into little pieces with a sword. When he removes the shreds of the basket, there is no sign of the boy, no blood, nothing...;Alors qu'un mage entre pour vous divertir, un murmure se répand dans la foule. Avec grande emphase, il explique que le spectacle qui va suivre sera à même d'étonner même le plus cynique des spectateurs. Il place ensuite un petit garçon dans un panier puis, de son épée, taillade le panier et le met en pièces. Lorsqu'il soulève ce qui reste du panier, le petit garçon a disparu, pas une goutte de sang, rien du tout...;Gemurmel erhebt sich, als ein Magier hervortritt um Euch zu unterhalten. Mit großen Gesten erklärt er, dass sein Auftritt selbst den zynischsten Beobachter verblüffen wird. Daraufhin steckt er einen kleinen Jungen in einen großen, auf dem Boden stehenden Korb - und er beginnt, den Korb mit einem Schwert in Stücke zu hacken. Als er die Fetzen des Korbs schließlich entfernt, ist keine Spur des Jungen zu sehen, kein Blut, nichts...;;Hay un murmullo entre los invitados al banquete, mientras un mago entra a entretenerte. Con grandes florituras, explica que la próxima actuación dejará estupefacto hasta al más cínico. Comienza a introducir a un pequeño crío en una cesta en el suelo, entonces corta el cesto en trocitos con una espada. Retira los jirones de la cesta y no hay rastro del crío, ni sangre, nada...;;;;;;;;;x
EVTDESC_RoI_1152;There is a murmur among the guests of the feast, as a mage enters to entertain you. With great flourish, he places three cups before you on the table. He places a ball under one cup, and then tells you to observe closely and tell you where the ball is after he finishes moving the cups. He then shifts the cups around with lightning speed, all the while prattling on and telling you to pay attention. He then asks you to pick a cup.;Alors qu'un mage entre pour vous divertir, un murmure se répand dans la foule. Avec grande emphase, il place trois coupes devant vous sur la table. Il place ensuite une balle sous l'une des coupes et vous demande de prêter la plus grande attention : vous allez devoir deviner où se trouve la balle. Il déplace ensuite les coupes à la vitesse tout en déblatérant et en vous demandant de vous concentrer. Il vous demande alors de choisir une coupe.;Gemurmel erhebt sich, als ein Magier hervortritt, um Euch zu unterhalten. Mit großen Gesten stellt er drei Becher auf den Tisch vor Euch. Er platziert eine kleine Kugel unter einem davon und fordert Euch auf, gut zu beobachten und ihm zu verraten, wo die Kugel nach dem Verrücken der Becher ist. Dann verschiebt er blitzartig die Becher hin und her, während er weiter plappert und zum Aufpassen ermahnt. Schließlich sollt Ihr einen Becher wählen.;;Hay un murmullo entre los invitados al banquete, mientras un mago entra a entretenerte. Con grandes florituras, coloca tres copas en la mesa. Coloca una bola bajo una copa, y te dice que observes detenidamente y digas dónde está la bola cuando termine de mover las copas. Entonces mueve las copas a la velocidad del rayo, todo mientras parlotea y te dice que prestes atención. Entonces te pide que elijas una copa.;;;;;;;;;x
EVTDESC_RoI_1153;The magician looks at you with a knowing and superior smile as he reveals the ball. It seems you chose the wrong cup.;Le magicien vous toise de son air supérieur et dévoile l'emplacement de la balle. Visiblement, vous n'avez pas choisi la bonne coupe.;Der Magier schaut Euch mit wissendem Lächeln an und enthüllt die Kugel. Scheinbar habt Ihr den falschen Becher gewählt.;;El mago te mira con una sonrisa de superioridad y revela la bola. Parece que elegiste la que no era.;;;;;;;;;x
EVTDESC_RoI_1154;There is a murmur among the guests of the feast, as a mage enters to entertain you. With great flourish, he explains that you are about to see something amazing. He takes out a rope and starts playing a flute. The rope starts dancing by itself and rises up towards the ceiling. The magician beckons, and a small boy appears and starts climbing the rope. The audience gasps. After a minute, the boy climbs down, the magician stops playing and the rope falls down again.;Alors qu'un mage entre pour vous divertir, un murmure se répand dans la foule. Avec grande emphase, il vous explique que vous allez être le témoin d'une chose extraordinaire. Il sort une corde et commence à jouer de la flûte. La corde se met à danser toute seule et monte ainsi jusqu'au plafond. Le magicien fait un signe de la tête. Un petit garçon s'avance et commence à monter le long de la corde. Les spectateurs retiennent leur souffle. Après une minute, l'enfant redescend. Le magicien arrête de jouer et la corde tombe au sol.;Gemurmel erhebt sich, als ein Magier hervortritt, um Euch zu unterhalten. Mit großen Gesten erklärt er, dass Ihr gleich etwas Wunderbares sehen werdet. Er holt ein Seil hervor und beginnt auf der Flöte zu spielen. Das Seil beginnt zu tanzen und erhebt sich zur Decke. Der Magier klatscht, ein kleiner Junge erscheint und erklettert das Seil. Das Publikum keucht. Nach einer Minute steigt der Junge wieder herab, der Magier beendet sein Flötenspiel und das Seil fällt wieder herab.;;Hay un murmullo entre los invitados al banquete, mientras un mago entra a entretenerte. Con grandes florituras, explica que vais a ver algo increíble. Coge una cuerda y comienza a tocar una flauta. La cuerda comienza a danzar hacia el techo. El mago hace un gesto y un pequeño chico aparece y comienza a trepar por la cuerda. El público contiene un grito. Tras un minuto, el chico desciende de la cuerda, el mago deja de tocar la flauta y la cuerda cae.;;;;;;;;;x
EVTDESC_RoI_1160;You are sitting at the table during the feast, enjoying the food and drink. Suddenly, you hear a wild chattering and screaming. A group of small monkeys have entered through an open window, and they quickly spread in the hall, causing chaos! They pull people's hair and clothes, steal food, spill wine, drink wine and defecate on the tables. The feast hall is in uproar.;Vous voilà à table pendant le festin, à savourer repas et boissons. Soudain, vous entendez une discussion animée entrecoupée de cris. Un groupe de petits singes est entré par une fenêtre ouverte et se répand dans la salle, entraînant le chaos ! Ils tirent les gens par les cheveux et les vêtements, volent de la nourriture, renversent les coupes, boivent le vin et défèquent sur les tables.;Ihr sitzt am Tisch und genießt das Fest. Plötzlich hört Ihr lautes Geschwätz und Schreie. Eine Gruppe kleiner Affen ist durch ein offenes Fenster eingedrungen. Die Tiere verteilten sich in der Halle und verursachen Chaos! Sie ziehen an Haaren und Kleidern, stehlen Essen, verschütten und trinken Wein oder entleeren ihren Darm auf den Tischen. Die Festhalle ist in Aufruhr!;;Te sientas en una mesa durante el banquete, disfrutando de la comida y la bebida. De repente, escuchas un parloteo salvaje y gritos. Un pequeño grupo de monos ha entrado por una ventana abierta, y rápidamente se distribuyen por el salón, ¡causando el caos! Tiran a la gente del pelo y las ropas, roban la comida, tiran el vino o se lo beben y defecan en las mesas. El salón de banquetes es un clamor.;;;;;;;;;x
EVTDESC_RoI_1171;The darkest night of the Diwali is here, the most important night of the feast. Candles and lamps are lit everywhere, the guests stroll across the painted and decorated floor, wearing colorful dress. Rich and sweet food is served, and the drink is also plentiful. Rama and Lakshi are honored, celebrating the victory of light over darkness, good over evil and hope over despair.;La nuit la plus importante de la divali commence. On allume des chandelles partout. Les invités marchent sur le sol décoré de peintures et portent des habits colorés. On sert de la nourriture riche et sucrée, et du vin en abondance. On honore Rama et Lakshi, et célèbre le triomphe de la lumière sur les ténèbres, du bien sur le mal et de l'espoir sur le désespoir.;Die dunkelste Nacht von Diwali ist da, die wichtigste Nacht des Festes. Kerzen und Lampen werden entzündet, Gäste schlendern verkleidet durch das dekorierte Anwesen, Speisen werden aufgetischt und Getränke sind reichlich vorhanden. Rama und Lakshi werden geehrt, gefeiert wird der Sieg von Licht über Dunkelheit, Gut über Böse und Hoffnung über Verzweiflung.;;La noche más oscura del Diwali ha llegado, la noche más importante del banquete. Hay velas y lámparas encendidas por doquier, los invitados, en llamativos vestidos, pasean por el suelo decorado. Se sirve comida rica y dulce, y abunda la bebida. Rama y Lakshmi son honrados, celebrando el triunfo de la luz sobre la oscuridad, del bien sobre el mal y de la esperanza sobre la desesperación.;;;;;;;;;x
EVTDESC_RoI_1173;The darkest night of the Diwali is here, the most important night of the feast. Candles and lamps are lit everywhere, the guests stroll across the painted and decorated floor, wearing colorful dress. Rich and sweet food is served, and the drink is also plentiful. You celebrate the victory of light over darkness, good over evil, knowledge over ignorance and hope over despair.;La nuit la plus importante de la divali commence. On allume des chandelles partout. Les invités marchent sur le sol décoré de peintures et portent des habits colorés. On sert de la nourriture riche et sucrée, et du vin en abondance. Vous célébrez le triomphe de la lumière sur les ténèbres, et de l'espoir sur le désespoir.;Kerzen und Lampen werden entzündet.Die dunkelste und wichtigste Nacht von Diwali ist da! Gäste schlendern in bunten Kostümen durch das Anwesen. Süße Speisen und Getränke werden gereicht. Ihr feiert den Sieg von Licht über Dunkelheit, Gut über Böse, Wissen über Unwissen und Hoffnung über Verzweiflung.;;La noche más oscura del Diwali ha llegado, la noche más importante del banquete. Hay velas y lámparas encendidas por doquier, los invitados, en llamativos vestidos, pasean por el suelo decorado. Se sirve comida rica y dulce, y abunda la bebida. Celebras la victoria de la luz sobre la oscuridad, del bien sobre el mal, de la sabiduría sobre la ignorancia y de la esperanza sobre la desesperación.;;;;;;;;;x
EVTDESC_RoI_1175;The darkest night of the Diwali is here, the most important night of the feast. Candles and lamps are lit everywhere, the guests stroll across the painted and decorated floor, wearing colorful dress. Rich and sweet food is served. The attainment of Nirvana of Lord Mahavira, the last Tirthankar, is celebrated, with the victory of good over evil and knowledge over ignorance.;La nuit la plus importante de la divali commence. On allume des chandelles partout. Les invités marchent sur le sol décoré de peintures et portent des habits colorés. On sert de la nourriture riche et sucrée et célèbre l'accession du seigneur Mahavira, le dernier Tîrthankara, au Nirvana, ainsi que la victoire du bien sur le mal et de la connaissance sur l'ignorance.;Kerzen und Lampen werden entzündet. Die dunkelste und wichtigste Nacht von Diwali ist da! Gäste schlendern in bunten Kostümen durch das Anwesen. Süße Speisen und Getränke werden gereicht. Der Aufstieg Lord Mahaviras, dem letzten Tirthankar, wird gefeiert und der Sieg von Gut über Böse und Wissen über Unwissen.;;La noche más oscura del Diwali ha llegado, la noche más importante del banquete. Hay velas y lámparas encendidas por doquier, los invitados, en llamativos vestidos, pasean por el suelo decorado. Se sirve comida dulce y deliciosa. La consecución del Nirvana del Vardhamana Mahavirá, el último Tirthankara, se celebra, con la victoria del bien sobre el mal y de la sabiduría sobre la ignorancia.;;;;;;;;;x
EVTDESC_RoI_1177;The darkest night of the Kali Puja is here, the most important night of the feast. Candles are lit everywhere, placed inside human skulls. The guests stroll across the painted and decorated floor, carrying various symbols of time, death and change. Homage is offered to the beautiful and terrifying four-armed idols with swords, skulls and severed heads in their hands.;La nuit la plus importante de la Kâli Puja commence. On allume des chandelles partout, placées dans des crânes humains. Les invités marchent sur le sol décoré de peintures, portant avec eux divers symboles du temps, de la mort et du changement. On rend hommage aux belles et terrifiantes idoles à quatre bras tenant dans leurs mains des épées, des crânes et des têtes tranchées.;Kerzen auf Schädeln werden entzündet. Die dunkelste und wichtigste Nacht von Kali Puja ist da! Gäste schlendern durch das Anwesen und tragen Symbole der Zeit, des Todes und des Wandels. Geehrt werden die schönen und schrecklichen vierarmigen Bildnisse mit Schwertern, Schädeln und abgetrennten Köpfen in ihren Händen.;;La noche más oscura del Kali Puja ha llegado, la noche más importante del banquete. Hay velas encendidas por doquier, dentro de calaveras humanas. Los invitados pasean por el suelo pintado y decorado, llevando símbolos variados del tiempo, la muerte y el cambio. Se honra a los hermosos y terroríficos ídolos de cuatro brazos, armados con espadas, calaveras y cabezas cortadas en sus manos.;;;;;;;;;x
EVTDESC_RoI_1178;Kali is our Mother, the Goddess of Time, Death and the Darkest Night. She must be honored properly, and you have just the right thing in mind...;Kali est notre Mère, la déesse du temps, de la mort et de la sombre nuit. Il faut l'honorer comme il se doit, et vous avez trouvé l'idée parfaite pour cela...;Kali ist unsere Mutter, Göttin der Zeit, des Todes und der dunkelsten Nacht. Sie muss besonders geehrt werden und Ihr habt genau das Richtige im Sinn...;;Kali es nuestra madre, la Diosa del Tiempo, la Muerte y la noche Oscura. Debe ser honrada adecuadamente, y tú tienes lo apropiado en la cabeza...;;;;;;;;;x
EVTDESC_RoI_1179;[target_prisoner.GetFullName] screams as [target_prisoner.GetSheHe] is dragged before the great idol of Kali. As temple servants hold [target_prisoner.GetHerHim] down, a priest pulls out a long kris and then stabs [target_prisoner.GetHerHim] right through the heart. Then [target_prisoner.GetHerHis] throat is cut and the blood is slowly collected in bowls made of a human skulls and passed around for the guests to drink.;[target_prisoner.GetFullName] hurle alors qu'on l'amène devant la grande idole de Kali. Les serviteurs du temple l'immobilisent et un prêtre sort un long kris dont il se sert pour lui transpercer le coeur. Ensuite, il lui tranche la gorge et son sang est lentement recueilli dans des coupes taillées dans des crânes humains que l'on passe ensuite aux invités afin qu'ils y boivent.;[target_prisoner.GetFullName] schreit, als [target_prisoner.GetSheHe] vor die großen Bildnisse von Kali gezerrt wird. Tempeldiener halten [target_prisoner.GetHerHim] fest, ein Priester zieht ein langes Kris und sticht damit mitten ins Herz. Dann wird [target_prisoner.GetHerHis]e Kehle aufgeschnitten, [target_prisoner.GetHerHis] Blut in Schüsseln aus menschlichen Schädeln gesammelt und unter den Gästen zum Trinken verteilt.;;[target_prisoner.GetFullName] grita mientras es arrastrado ante el gran ídolo de Kali. Mientras los sirvientes del templo lo postran, un sacerdote saca un largo kris y lo clava atravesando su corazón. Luego corta su garganta y la sangre es recogida lentamente en cuencos hechos con calaveras humanas que se pasan a los invitados para que beban.;;;;;;;;;x
EVTDESC_RoI_1181;The servant screams as he is seized by the guards and then dragged before the great idol of Kali. As temple servants hold him down, a priest pulls out a long kris and then stabs him right through the heart. Then his throat is cut and the blood is slowly collected in bowls made of a human skulls and passed around for the guests to drink.;Le serviteur hurle lorsque les gardes s'en saisissent et le traînent devant la grande idole de Kali. Les serviteurs du temple l'immobilisent et un prêtre sort un long kris dont il se sert pour lui transpercer le coeur. Ensuite, il lui tranche la gorge et son sang est lentement recueilli dans des coupes taillées dans des crânes humains que l'on passe ensuite aux invités afin qu'ils y boivent.;Der Diener schreit, als er vor die großen Bildnisse von Kali gezerrt wird. Tempeldiener halten ihn fest, ein Priester zieht ein langes Kris und sticht ihm mitten ins Herz. Dann wird seine Kehle aufgeschnitten, sein Blut in Schüsseln aus menschlichen Schädeln gesammelt und unter den Gästen zum Trinken verteilt.;;El sirviente grita mientras es apresado por los guardias y arrastrado ante el gran ídolo de Kali. Mientras los sirvientes del templo lo postran, un sacerdote saca un largo kris y lo clava atravesando su corazón. Luego corta su garganta y la sangre es recogida lentamente en cuencos hechos con calaveras humanas que se pasan a los invitados para que beban.;;;;;;;;;x
EVTDESC_RoI_1183;A large elephant is led into the hall. It is tied down with strong ropes and chains, and then stabbed with swords, screaming and trumpeting terribly for several minutes as it dies. The guests watch in horrified fascination. The process is then repeated with nine more elephants - a long, bloody cacophonic concert of death. At the end of it, the floor is a lake of blood. Several priests step forth, sliding and slipping in the gore, holding long brushes. They dip the brushes in the blood and start painting the walls, eventually covering them entirely in this gruesome, wet and dark paint. The smell is strong and sickening.;On fait entrer un grand éléphant dans la salle. On l'immobilise au moyen de grosses cordes et de lourdes chaînes, puis on le transperce avec des épées. Il hurle et barrit atrocement pendant plusieurs minutes alors qu'il agonise. Les invités regardent le spectacle avec une fascination mêlée d'horreur. On effectue ensuite la même chose avec neuf autres éléphants : un long et sanglant concert cacophonique de mort. La cérémonie terminée, le sol n'est plus qu'un lac de sang. Plusieurs prêtres s'avancent, glissant dans le sang qui coagule, de longs balais en main. Ils trempent les balais dans le sang et commencent à en peindre les murs, qui se retrouvent au bout d'un moment couverts de cette horrible peinture humide et sombre. L'odeur est puissante et donne la nausée.;Ein großer Elefant wird in die Halle geführt. Er wird mit schweren Seilen und Ketten gefesselt, um dann mit Schwertern niedergestochen zu werden. Sterbend schreit und trompetet er minutenlang. Die Gäste schauen mit schrecklicher Faszination zu. Dann wird der Prozess mit neun weiteren Elefanten wiederholt - ein langes, kakofonisches Konzert des Todes. Am Ende ist der Boden ein See aus Blut. Priester treten vor, rutschend im gerinnenden Blut, mit langen Besen in den Händen. Sie tränken die Besen im Blut und beginnen, die Wände mit der dunklen, feuchten, grauenhaften Farbe zu bedecken. Der Geruch ist stark und widerlich.;;Un gran elefante es conducido al salón. Lo atan con fuertes cuerdas y cadenas y lo apuñalan con espadas, gritando y barritando terriblemente durante minutos hasta que muere. Los invitados miran con horrorizada fascinación. El proceso se repite con otros nueve elefantes - una larga y sangrienta cacofonía para un concierto mortal. Al finalizar, el suelo es un lago de sangre. Algunos sacerdotes avanzan, resbalando por los restos, llevando largas escobas. Mojan las escobas en la sangre y comienzan a pintar los muros, cubriéndolos completamente con la espantosa pintura. El olor es fuerte y repugnante.;;;;;;;;;x
EVTDESC_RoI_1188;Several black goats are brought forth by the priests. The goats are laid down below a large statue of Kali, and their throats are cut open. The blood is collected in bowls made of human skulls and presented to the crowd. A chanting arises, then a cheer, as the holy sacrifice to the Goddess of Death, Time and of the Blackest Night has been made.;Les prêtres font venir plusieurs chèvres noires. Les chèvres sont couchées au pied d'une grande statue de Kali et on leur tranche la gorge. On recueille ensuite le sang dans des coupes taillées dans des crânes humains que l'on passe ensuite à l'assistance. Une psalmodie s'élève, puis des acclamations : le sacrifice à la déesse de la mort, du temps et de la plus noire des nuit est accompli.;Mehrere schwarze Ziegen werden von Priestern herbeigebracht. Sie werden vor die große Statue Kalis gelegt und geschlachtet. Das Blut wird aus Menschenschädeln gemachten Schüsseln aufgefangen und der Menge präsentiert. Gesänge erheben sich, während das heilige Opfer für Kali, Göttin des Todes, der Zeit und der Schwärzesten Nacht, dargebracht wird.;;Los sacerdotes traen varias cabras negras. Tumban las cabras bajo una gran estatua de Kali, y abren sus gargantas. La sangre se recoge en cuencos hechos con calaveras humanas y es ofrecida a la muchedumbre. Un canto se alza, luego vítores, mientras el sagrado sacrificio a la Diosa de la Muerte, el Tiempo y la Noche más Oscura es realizado.;;;;;;;;;x
EVTDESC_RoI_1940;Dear vassal,\nI hereby invite you to attend my celebration of the feast of Kali Puja.\n\nYour Liege,\n[From.GetFullName];M[Root.GetOnA] ch[Root.GetErEre] vassal[Root.Get_E],\nJe vous convie par la présente à participer au festin de Kali Puja.\n\nVotre [From.GetLordLady] lige,\n[From.GetFullName];Lieber Vasall,\nhiermit lade ich Euch ein, meiner Feier zum Kali Puja beizuwohnen.\n\nEuer Lehnsherr\n[From.GetFullName];;Querido vasallo:\nPor la presente os invito a acudir a mi celebración del banquete de Kali Puja.\n\nVuestro señor,\n[From.GetFullName];;;;;;;;;x
EVTDESC_RoI_1996;The feast is over, but it was a fantastic feast. As the guests make their way home you sit down and smile to yourself, pleased at how things turned out.;Le festin est terminé. C'était fabuleux ! Alors que les invités rentrent chez eux, vous vous asseyez, un sourire aux lèvres. Les choses se sont très bien déroulées.;Die Feier ist vorbei, es war ein fantastisches Fest. Als die Gäste aufbrechen, ruht Ihr Euch aus und lächelt, zufrieden über den Ausgang.;;El banquete ha terminado, pero fue fantástico. Mientras los invitados se marchan te sientas y te sonríes a ti mismo complacido de cómo han ido las cosas.;;;;;;;;;x
EVTDESC_RoI_1997;The feast is over, but it didn't quite turn out as you had hoped. As the guests make their way home, you sit down and ponder what went wrong.;Le festin est terminé, mais tout ne s'est pas déroulé comme prévu. Alors que les invités rentrent chez eux, vous passez en revue les incidents qui se sont produits.;Die Feier ist vorbei, doch lief es nicht ganz, wie gehofft. Als die Gäste aufbrechen, ruht Ihr Euch aus und grübelt, was wohl schiefging.;;El banquete ha terminado, pero no ha salido como esperabas. Mientras los invitados se marchan te sientas y te preguntas qué ha salido mal.;;;;;;;;;x
EVTDESC_RoI_1998;The feast is over, but it was a fantastic feast. As you make your way home, you think that you'd probably come back next year again if invited.;Le festin est terminé. C'était fabuleux ! Alors que vous reprenez le chemin de la maison, vous pensez qu'en cas d'invitation l'année prochaine, vous accepterez probablement.;Die Feier ist vorbei, es war ein fantastisches Fest. Als Ihr nach Hause aufbrecht, hofft Ihr, nächstes Jahr wiederkommen zu dürfen.;;El banquete ha terminado, pero fue fantástico. Mientras regresas a casa, piensas que probablemente volverás el año que viene si te invitan.;;;;;;;;;x
EVTDESC_RoI_1999;The feast is over, but certain unfortunate events prevented you from enjoying it fully. As you make your way home, you ponder the ups and downs of life.;Le festin est terminé mais des évènements malheureux vous ont empêché d'en profiter pleinement. Alors que vous rentrez chez vous, vous méditez sur les hauts et les bas de l'existence.;Die Feier ist vorbei, doch einige unschöne Ereignisse verdarben die Stimmung. Als Ihr nach Hause aufbrecht, grübelt Ihr über die Höhen und Tiefen des Lebens nach.;;El banquete ha terminado, pero ciertos acontecimientos desafortunados han impedido que lo disfrutes plenamente. Mientras te diriges a casa reflexionas sobre los altibajos de la vida.;;;;;;;;;x

EVTOPTA_RoI_1000;It will be a grand feast!;Ce sera un magnifique festin !;Das wird ein großartiges Fest!;;¡Será un gran festín!;;;;;;;;;x
EVTOPTA_RoI_1001;Of course I shall attend!;J'accepte, bien évidemment !;Natürlich werde ich kommen!;;¡Por supuesto que acudiré!;;;;;;;;;x
EVTOPTA_RoI_1002;I shall remember this...;Je m'en souviendrai...;Das werde ich mir merken...;;Recordaré esto...;;;;;;;;;x
EVTOPTA_RoI_1005;A jeweled necklace would be perfect!;Un collier précieux, ce sera parfait !;Ein juwelenverziertes Halsband wäre perfekt.;;¡Un collar de joyas sería perfecto!;;;;;;;;;x
EVTOPTA_RoI_1006;I'll buy her expensive jewelry.;Je vais lui acheter des bijoux très chers.;Ich kaufe ihr teure Juwelen.;;Le compraré una joya cara.;;;;;;;;;x
EVTOPTA_RoI_1007;My wife is overjoyed with the magnificent gift!;Ma femme déborde de joie à la vue de son magnifique cadeau !;Meine Frau ist überglücklich mit ihrem Geschenk.;;¡Mi mujer está entusiasmada con el magnífico regalo!;;;;;;;;;x
EVTOPTA_RoI_1020;Welcome, all!;Soyez tous les bienvenus !;Seid willkommen!;;¡Bienvenidos todos!;;;;;;;;;x
EVTOPTA_RoI_1050;Fascinating!;C'est fascinant !;Faszinierend!;;¡Fascinante!;;;;;;;;;x
EVTOPTA_RoI_1051;Oh no!;Oh non !;Oh nein!;;¡Oh, no!;;;;;;;;;x
EVTOPTA_RoI_1052;We're not hiring this snake charmer again.;Nous n'embaucherons plus ce charmeur de serpents.;Dieser Schlangenbeschwörer wird nicht wieder auftreten!;;No volveremos a contratar al encantador de serpientes.;;;;;;;;;x
EVTOPTA_RoI_1053;Aaargh! A cobra!!;Aaargh ! Un cobra !!;Aaaaah! Eine Kobra!;;¡Aaargh! ¡¡Una cobra!!;;;;;;;;;x
EVTOPTA_RoI_1054;Woe!;Malheur !;Oh weh!;;¡Lástima!;;;;;;;;;x
EVTOPTA_RoI_1055;Well done!;Bravo !;Gut gemacht!;;¡Bien hecho!;;;;;;;;;x
EVTOPTA_RoI_1056;Don't try this at home, folks.;N'essayez pas ça à la maison !;Macht das ja nicht zu Hause nach!;;No intentéis esto en casa, chicos.;;;;;;;;;x
EVTOPTA_RoI_1060;A duel! I will tear his brain from his skull!;Un duel ! Je vais lui arracher le cerveau de son crâne !;Ein Duell! Ich werde seinen Schädel von seinem Hirn befreien!;;¡Un duelo! ¡Separaré su cerebro de su cráneo!;;;;;;;;;x
EVTOPTA_RoI_1061;You, scum! I challenge you to a duel!;Toi, ordure ! Je te défie en duel !;Ihr Abschaum! Ich fordere Euch zum Duell!;;¡Tú, basura! ¡Te desafío a duelo!;;;;;;;;;x
EVTOPTA_RoI_1062;Enough! I challenge you to a duel, Sir!;Assez ! Je vous défie en duel, monsieur !;Genug! Ich fordere Euch zum Duell!;;¡Basta! ¡Os desafío a duelo, señor!;;;;;;;;;x
EVTOPTA_RoI_1063;Grab him and challenge him to a duel!;Le saisir par l'épaule et le défier en duel !;Schnappt ihn und fordert ein Duell!;;¡Agárralo y desafíalo a un duelo!;;;;;;;;;x
EVTOPTA_RoI_1064;You! I challenge you to a duel!;Toi ! Je te défie en duel !;Ihr! Ich fordere Euch zum Duell!;;¡Tú! ¡Te desafío a duelo!;;;;;;;;;x
EVTOPTA_RoI_1065;What the... I'll kill you, party spoilers!;Mais qu'est-ce que... Je vais te tuer, gâcheur de fête !;Was zum... Ich bringe euch um, Spielverderber!;;Pero qué... ¡Os mataré, aguafiestas!;;;;;;;;;x
EVTOPTA_RoI_1066;I accept! You will regret this.;J'accepte ! Vous allez le regretter.;Ich nehme an. Das wird er bereuen.;;¡Acepto! Te arrepentirás.;;;;;;;;;x
EVTOPTA_RoI_1067;I will eat your brain later, coward!;Mais je mangerai ton cerveau plus tard, lâche !;Ich werde dein Hirn später essen, Feigling!;;¡Después me comeré tu cerebro, cobarde!;;;;;;;;;x
EVTOPTA_RoI_1068;It's good that bloodshed was avoided.;Heureusement, l'effusion de sang a été évitée.;Wie gut, dass Blutvergießen vermieden wurde.;;Está bien que se haya evitado una sangría.;;;;;;;;;x
EVTOPTA_RoI_1069;Swords;Des épées;Schwerter;;Espadas;;;;;;;;;x
EVTOPTA_RoI_1070;Fetch me my sword, then.;Allez me chercher une épée dans ce cas.;Bringt mir mein Schwert!;;Acercadme mi espada, pues.;;;;;;;;;x
EVTOPTA_RoI_1071;Fetch me my dagger, then.;Allez me chercher une dague dans ce cas.;Bringt mir meinen Dolch!;;Acercadme mi daga, pues.;;;;;;;;;x
EVTOPTA_RoI_1072;Fetch me my spear, then.;Allez me chercher une lance dans ce cas.;Bringt mir meinen Speer!;;Acercadme mi lanza, pues.;;;;;;;;;x
EVTOPTA_RoI_1073;My honor is my strength.;Mon honneur sera ma force.;Meine Ehre ist meine Stärke.;;Mi honor es mi fuerza.;;;;;;;;;x
EVTOPTA_RoI_1075;Concentration...;Concentration...;Konzentration...;;Concentración...;;;;;;;;;x
EVTOPTA_RoI_1080;All is well.;Tout est bien qui finit bien.;Alles ist gut!;;Todo está bien.;;;;;;;;;x
EVTOPTA_RoI_1081;He fought well.;Il s'est bien battu.;Er hat gut gekämpft.;;Luchó bien.;;;;;;;;;x
EVTOPTA_RoI_1140;Call her over after the dance.;L'appeler après la danse.;Ruft sie nach dem Tanze zu Euch.;;Llámala tras el baile.;;;;;;;;;x
EVTOPTA_RoI_1141;Let's go somewhere private...;Trouvons un endroit plus tranquille...;Wir sollten uns zurückziehen...;;Vamos a un lugar privado...;;;;;;;;;x
EVTOPTA_RoI_1142;I have been touched by the divine.;C'était une rencontre avec le divin.;Ich wurde vom Göttlichen berührt.;;He sido tocado por la divinidad.;;;;;;;;;x
EVTOPTA_RoI_1143;Call him over after the performance.;L'appeler après la représentation.;Ruft ihn nach dem Auftritt zu Euch.;;Llámalo tras la actuación.;;;;;;;;;x
EVTOPTA_RoI_1151;Amazing!;Épatant !;Unglaublich!;;¡Increíble!;;;;;;;;;x
EVTOPTA_RoI_1152;Left.;Celle de gauche.;Links.;;Izquierda.;;;;;;;;;x
EVTOPTA_RoI_1153;Oh snap.;Zut !;Oh verdammt.;;Lo tengo.;;;;;;;;;x
EVTOPTA_RoI_1160;Oh my!;Grands dieux !;Oh mein...;;¡Oh, madre!;;;;;;;;;x
EVTOPTA_RoI_1171;Let us celebrate!;Célébrons !;Lasst uns feiern!;;¡Celebrémoslo!;;;;;;;;;x
EVTOPTA_RoI_1173;Let us celebrate!;Célébrons !;Lasst uns feiern!;;¡Celebrémoslo!;;;;;;;;;x
EVTOPTA_RoI_1175;Let us celebrate!;Célébrons !;Lasst uns feiern!;;¡Celebrémoslo!;;;;;;;;;x
EVTOPTA_RoI_1177;Let the ceremonies begin.;Que la cérémonie commence.;Lasst die Zeremonie beginnen.;;Que comiencen las ceremonias.;;;;;;;;;x
EVTOPTA_RoI_1178;We will sacrifice a prisoner...;Nous allons sacrifier un prisonnier...;Wir werden einen Gefangenen opfern...;;Sacrificaremos a un prisionero...;;;;;;;;;x
EVTOPTA_RoI_1179;This is truly a joyous occasion!;Voilà bien une occasion de grande réjouissances !;Welch freudiger Anlass!;;¡Es una ocasión jubilosa!;;;;;;;;;x
EVTOPTA_RoI_1183;Praise Kali, our Mother!;Gloire à notre mère Kali !;Ehret Kali, unsere Mutter!;;¡Rezad a Kali, nuestra Madre!;;;;;;;;;x
EVTOPTA_RoI_1188;Praise Kali, our Mother!;Gloire à notre mère Kali !;Preiset Kali, unsere Mutter!;;¡Rezad a Kali, nuestra Madre!;;;;;;;;;x
EVTOPTA_RoI_1940;Of course I shall attend!;J'accepte, bien évidemment !;Natürlich werde ich kommen!;;¡Por supuesto que acudiré!;;;;;;;;;x
EVTOPTA_RoI_1951;Let's hope no one gets killed.;Espérons que personne ne soit tué.;Hoffentlich wird niemand getötet!;;Esperemos que no muera nadie.;;;;;;;;;x
EVTOPTA_RoI_1996;I should do this again next year!;Je ferai la même chose l'année prochaine !;Ich sollte das nächstes Jahr erneut machen!;;¡Debería repetirlo el año que viene!;;;;;;;;;x
EVTOPTA_RoI_1997;Maybe next time it will be better.;La prochaine fois sera peut-être meilleure.;Vielleicht wird es nächstes Jahr besser.;;Puede que la próxima vez vaya mejor.;;;;;;;;;x
EVTOPTA_RoI_1998;I had a great time!;J'ai passé un excellent moment !;Es war eine großartige Zeit!;;¡Lo pasé muy bien!;;;;;;;;;x
EVTOPTA_RoI_1999;Oh well.;C'est la vie...;Nun gut...;;En fin.;;;;;;;;;x

EVTOPTB_RoI_1001;I don't have the time.;Je n'ai pas le temps.;Ich habe keine Zeit.;;No tengo tiempo.;;;;;;;;;x
EVTOPTB_RoI_1005;Perhaps a small perfume box or something.;Une petite boîte contenant du parfum, ce sera bien assez.;Vielleicht ein wenig Parfum.;;Tal vez un pequeño perfume o algo así.;;;;;;;;;x
EVTOPTB_RoI_1006;A small box of perfume will do.;Une petite boîte contenant du parfum, ce sera bien assez.;Eine wenig Parfum wird ausreichen.;;Una pequeña caja de perfume bastará.;;;;;;;;;x
EVTOPTB_RoI_1007;My wife is pleased with her gift.;Ma femme est heureuse de son cadeau.;Meine Frau freut sich über ihr Geschenk.;;A mi mujer le complace su regalo.;;;;;;;;;x
EVTOPTB_RoI_1060;No time now, I must frolic. I must frolic.;Non, le temps est à la joie. Festoyons plutôt.;Keine Zeit, ich muss lustig sein! Ich muss scherzen!;;¡No tengo tiempo, debo retozar! Debo retozar.;;;;;;;;;x
EVTOPTB_RoI_1061;Now is not the time... I must breathe...;Ce n'est pas le moment... Inspirer... Expirer...;Nein, nicht jetzt... Ich muss atmen...;;No es el momento... Debo respirar...;;;;;;;;;x
EVTOPTB_RoI_1062;No, this is not the right time.;Non, ce n'est pas le moment.;Nein, das ist nicht die rechte Zeit dafür.;;No, no es el momento apropiado.;;;;;;;;;x
EVTOPTB_RoI_1063;Take your rage out on the furniture.;Passer votre colère sur le mobilier.;Lasst Eure Wut am Mobiliar aus.;;Vuelca tu rabia sobre los muebles.;;;;;;;;;x
EVTOPTB_RoI_1064;On second thought, I may be imagining things.;Calmons-nous, cela n'a pas de sens.;Vielleicht... bilde ich mir auch nur etwas ein.;;Pensándolo mejor, creo que imagino cosas.;;;;;;;;;x
EVTOPTB_RoI_1065;Come now, let's calm down and have a drink...;Allons, du calme, viens boire un coup avec moi...;Nun denn, beruhigen wir uns. Trinken wir etwas!;;Venga, calmémonos y tomemos una copa...;;;;;;;;;x
EVTOPTB_RoI_1066;No, this is crazy. Go away.;Non, c'est de la folie. Allez-vous-en.;Nein, das ist Irrsinn. Verschwindet!;;No, es una locura. Vete.;;;;;;;;;x
EVTOPTB_RoI_1067;But the voices...;Pourtant, les voix...;Aber die Stimmen...;;Pero las voces...;;;;;;;;;x
EVTOPTB_RoI_1068;Shame, it would have livened up the feast.;Dommage, un peu d'action n'aurait pas fait de mal.;Zu schade, das hätte das Fest belebt.;;Una pena, hubiera animado el banquete.;;;;;;;;;x
EVTOPTB_RoI_1069;Daggers;Des dagues;Dolche;;Dagas;;;;;;;;;x
EVTOPTB_RoI_1073;Only idiots fight fair.;Seuls les imbéciles combattent noblement.;Nur Narren kämpfen fair.;;Sólo los idiotas luchan limpiamente.;;;;;;;;;x
EVTOPTB_RoI_1080;He gave in too easily!;Il a abandonné trop vite !;Er gab zu schnell auf!;;¡Se rindió muy fácilmente!;;;;;;;;;x
EVTOPTB_RoI_1140;Leave it be.;La laisser en paix.;Lasst es bleiben.;;Déjalo estar.;;;;;;;;;x
EVTOPTB_RoI_1141;Enchanted, but you should leave, my dear.;Votre compagnie m'enchante, ma chère, mais vous devriez partir.;Bezaubernd, aber Ihr solltet gehen, meine Liebe.;;Un placer, pero deberías marcharte, mi amor.;;;;;;;;;x
EVTOPTB_RoI_1142;I shall never know.;Je n'aurai jamais de vraie réponse.;Ich werde es niemals wissen.;;Jamás lo sabré.;;;;;;;;;x
EVTOPTB_RoI_1143;Leave it be.;Le laisser en paix.;Lasst es bleiben.;;Déjalo estar.;;;;;;;;;x
EVTOPTB_RoI_1151;Guards - arrest that man!;Gardes ! Arrêtez cet homme !;Wachen - nehmt ihn fest!;;¡Guardias, arrestad a ese hombre!;;;;;;;;;x
EVTOPTB_RoI_1152;Middle.;Celle du milieu.;Mitte.;;Centro.;;;;;;;;;x
EVTOPTB_RoI_1153;I think you are cheating!;Je pense que vous avez triché !;Ich glaube, Ihr betrügt!;;¡Creo que haces trampas!;;;;;;;;;x
EVTOPTB_RoI_1154;Hah! I could see the hidden wire.;Joli ! Vous aviez un fil invisible, je l'ai vu !;Hah! Ich konnte den versteckten Draht sehen.;;¡Ja! He podido ver un cable oculto.;;;;;;;;;x
EVTOPTB_RoI_1160;Hand me my bow!;Passez-moi mon arc !;Reicht mir meinen Bogen!;;¡Acercadme mi arco!;;;;;;;;;x
EVTOPTB_RoI_1177;Let's do something extra this year...;Cette année, voyons les choses en grand.;Dieses Jahr ist etwas Besonderes...;;Hagamos algo más este año...;;;;;;;;;x
EVTOPTB_RoI_1178;We will sacrifice that servant over there.;Nous allons sacrifier ce serviteur, lui, juste là.;Wir werden diesen Diener da opfern.;;Sacrificaremos a aquel sirviente de allí.;;;;;;;;;x
EVTOPTB_RoI_1940;I don't have the time.;Je n'ai pas le temps.;Ich habe keine Zeit.;;No tengo tiempo.;;;;;;;;;x
EVTOPTB_RoI_1951;I hope we'll see some blood!;Pourvu qu'il y ait du sang !;Hoffentlich sehen wir Blut!;;¡Espero que veamos algo de sangre!;;;;;;;;;x

EVTOPTC_RoI_1005;She can do without gifts.;Elle vivra bien sans cadeaux.;Sie kann auch ohne auskommen.;;Puede pasar sin regalos.;;;;;;;;;x
EVTOPTC_RoI_1006;She can do without gifts.;Elle vivra bien sans cadeaux.;Sie kann ohne Geschenke auskommen.;;Puede pasar sin regalos.;;;;;;;;;x
EVTOPTC_RoI_1007;My wife is upset because I didn't get her anything.;Ma femme n'a eu aucun cadeau, elle est très mécontente.;Meine Frau ist ungehalten, da sie nichts bekam.;;Mi mujer está enfadada porque no le traje nada.;;;;;;;;;x
EVTOPTC_RoI_1067;Ah, I see, you are a coward.;Ah je vois, tu as peur !;Ah, ich verstehe: Ihr seid ein Feigling.;;Ah, ya veo, eres un cobarde.;;;;;;;;;x
EVTOPTC_RoI_1069;Spears;Des lances;Speere;;Lanzas;;;;;;;;;x
EVTOPTC_RoI_1152;Right.;Celle de droite.;Rechts.;;Derecha.;;;;;;;;;x
EVTOPTC_RoI_1153;I saw you cheating, you trickster!;Je vous ai vu tricher, sale escroc !;Ich sah Euch mogeln, Ihr Gauner!;;¡Te he visto hacer trampas, embaucador!;;;;;;;;;x
EVTOPTC_RoI_1160;Let's catch one and see what they look like on the inside...;Attrapons-en un et voyons de quoi ça a l'air à l'intérieur...;Lasst uns einen fangen und schauen, wie er innen aussieht...;;Cojamos a uno y veamos cómo es por dentro...;;;;;;;;;x
EVTOPTC_RoI_1178;We will sacrifice ten elephants and paint the walls with blood.;Nous allons sacrifier dix éléphants et repeindre les murs de leur sang.;Wir werden zehn Elefanten opfern und die Wände mit Blut streichen.;;Sacrificaremos a diez elefantes y pintaremos las paredes con sangre.;;;;;;;;;x

EVTOPTD_RoI_1005;I will spend money on my lover instead...;Je préfère dépenser cet argent pour ma maîtresse...;Ich werde stattdessen meiner Geliebten Geld schenken.;;Mejor gastaré el dinero en mi amante...;;;;;;;;;x
EVTOPTD_RoI_1006;I will buy him a magnificent horse!;Je vais lui acheter un magnifique cheval !;Ich kaufe ihm ein großartiges Pferd!;;¡Le compraré un magnífico caballo!;;;;;;;;;x
EVTOPTD_RoI_1007;My lover is overjoyed with her gift! My wife is not happy, though...;Ma maîtresse déborde de joie à la vue de son cadeau ! Mon épouse, en revanche...;Meine Liebschaft ist überglücklich mit ihrem Geschenk! Meine Frau dagegen weniger...;;¡Mi amante está entusiasmada con su regalo! Pero mi mujer no está muy contenta...;;;;;;;;;x
EVTOPTD_RoI_1007_M;My lover is overjoyed with his gift! My wife is not happy, though...;Mon amant déborde de joie à la vue de son cadeau ! Mon épouse, en revanche...;Mein Liebhaber ist überglücklich mit seinem Geschenk! Meine Frau dagegen weniger...;;¡Mi amante está entusiasmado con su regalo! Pero mi mujer no está muy contenta...;;;;;;;;;x
EVTOPTD_RoI_1067;Curses!;Malédiction !;Verflucht!;;¡Maldición!;;;;;;;;;x
EVTOPTD_RoI_1160;The monkeys are my friends!;Les singes sont mes amis !;Die Affen sind meine Freunde!;;¡Los monos son mis amigos!;;;;;;;;;x

EVTOPTE_RoI_1005;A magnificent horse would please him!;Un magnifique cheval lui ferait plaisir !;Ein großartiges Pferd wird ihm gefallen.;;¡Un magnífico caballo le gustará!;;;;;;;;;x
EVTOPTE_RoI_1006;This nice cape should do fine.;Cette belle cape sera bien assez.;Dieser schöne Mantel sollte in Ordnung sein.;;Esta bonita capa bastará.;;;;;;;;;x
EVTOPTE_RoI_1007;My lover is overjoyed with her gift!;Ma maîtresse déborde de joie à la vue de son cadeau !;Meine Liebschaft ist überglücklich mit ihrem Geschenk!;;¡Mi amante está entusiasmada con su regalo!;;;;;;;;;x
EVTOPTE_RoI_1067;You do this to spite me!;Tu fais cela pour me contrarier !;Ihr wollt mich wohl ärgern?;;¡Lo haces para fastidiarme!;;;;;;;;;x
EVTOPTE_RoI_1160;Such beautiful animals! I shall marry one of them!;Ces animaux sont si beaux ! Je vais en épouser un !;Solch wunderbare Tiere. Ich sollte einen heiraten!;;¡Unos animales tan bonitos! ¡Debería casarme con uno!;;;;;;;;;x

EVTOPTF_RoI_1005;A nice cape or something will be enough.;Une belle cape, ce sera bien assez.;Ein schöner Mantel wird genug sein.;;Una bonita capa o algo así bastará.;;;;;;;;;x
EVTOPTF_RoI_1006;He can do without gifts.;Il vivra bien sans cadeaux.;Er kann auch ohne Geschenke auskommen.;;Puede pasar sin regalos.;;;;;;;;;x
EVTOPTF_RoI_1007;My lover is pleased with her gift. My wife is not happy, though...;Ma maîtresse est heureuse de son cadeau. Mon épouse, en revanche...;Meine Liebschaft freut sich über ihr Geschenk. Meine Frau dagegen weniger...;;A mi amante le complace su regalo. Pero mi mujer no está muy contenta...;;;;;;;;;x
EVTOPTF_RoI_1007_M;My lover is pleased with his gift. My wife is not happy, though...;Mon amant est heureux de son cadeau. Mon épouse, en revanche...;Mein Liebhaber freut sich über sein Geschenk. Meine Frau dagegen weniger...;;A mi amante le complace su regalo. Pero mi mujer no está muy contenta...;;;;;;;;;x
EVTOPTF_RoI_1160;Haha! Look at the little rascals! So carefree!;Haha ! Regardez-moi ces petits garnements ! Ils sont si insouciants !;Haha. Schaut Euch die Kleinen an. So sorglos!;;¡Ja, ja! ¡Mira a esos pequeños pillos! ¡Tan despreocupados!;;;;;;;;;x

EVTOPTG_RoI_1005;He can do without gifts.;Il vivra bien sans cadeaux.;Er kann auch ohne Geschenke auskommen.;;Puede pasar sin regalos.;;;;;;;;;x
EVTOPTG_RoI_1007;My lover is pleased with her gift.;Ma maîtresse est heureuse de son cadeau.;Meine Liebschaft freut sich über ihr Geschenk.;;A mi amante le complace su regalo.;;;;;;;;;x
EVTOPTG_RoI_1160;Aaah! Get those little monsters out of here!;Aaah ! Faites sortir ces petits monstres !;Aaaah! Schafft die kleinen Monster weg!;;¡Aaah! ¡Sacad a esos pequeños monstruos de aquí!;;;;;;;;;x

EVTOPTH_RoI_1005;I will spend money on my lover instead...;Je préfère dépenser cet argent pour mon amant...;Ich werde stattdessen meinem Geliebten Geld schenken.;;Mejor gastaré el dinero en mi amante...;;;;;;;;;x
EVTOPTH_RoI_1007;My lover is disappointed because I didn't get her anything.;Ma maîtresse est déçue, je ne lui ai rien offert.;Meine Liebschaft ist ungehalten, da ich für sie nichts habe.;;Mi amante está decepcionada porque no le traje nada.;;;;;;;;;x
EVTOPTI_RoI_1007;My husband is overjoyed with the magnificent gift!;Mon mari déborde de joie à la vue de son magnifique cadeau !;Mein Ehemann ist überglücklich mit seinem Geschenk.;;¡Mi marido está entusiasmado con el magnífico regalo!;;;;;;;;;x
EVTOPTJ_RoI_1007;My husband is pleased with his gift.;Mon mari est heureux de son cadeau.;Mein Ehemann freut sich über das Geschenk.;;A mi marido le complace su regalo.;;;;;;;;;x
EVTOPTK_RoI_1007;My husband is upset because I didn't get him anything.;Mon mari n'a eu aucun cadeau, il est très mécontent.;Mein Ehemann ist ungehalten, da er nichts bekam.;;Mi marido está molesto porque no le traje nada.;;;;;;;;;x
EVTOPTL_RoI_1007;My lover is overjoyed with his gift! But my husband isn't happy...;Mon amant déborde de joie à la vue de son cadeau ! Mon mari, en revanche...;Mein Liebhaber ist überglücklich mit seinem Geschenk. Meine Ehemann weniger...;;¡Mi amante está entusiasmado con su regalo! Pero mi marido no está contento...;;;;;;;;;x
EVTOPTL_RoI_1007_F;My lover is overjoyed with her gift! But my husband isn't happy...;Ma maîtresse déborde de joie à la vue de son cadeau ! Mon mari, en revanche...;Meine Liebschaft ist überglücklich mit ihrem Geschenk. Meine Ehemann weniger...;;¡Mi amante está entusiasmada con su regalo! Pero mi marido no está contento...;;;;;;;;;x
EVTOPTM_RoI_1007;My lover is overjoyed with his gift!;Mon amant déborde de joie à la vue de son cadeau !;Mein Liebhaber ist überglücklich mit seinem Geschenk. ;;¡Mi amante está entusiasmado con su regalo!;;;;;;;;;x
EVTOPTN_RoI_1007;My lover is pleased with his gift. But my husband isn't happy...;Mon amant est heureux de son cadeau. Mon mari, en revanche...;Mein Liebhaber freut sich über sein Geschenk. Mein Ehemann dagegen weniger...;;A mi amante le complace su regalo. Pero mi marido no está contento...;;;;;;;;;x
EVTOPTN_RoI_1007_F;My lover is pleased with her gift. But my husband isn't happy...;Ma maîtresse est heureuse de son cadeau. Mon mari, en revanche...;Meine Liebschaft freut sich über ihr Geschenk. Mein Ehemann dagegen weniger...;;A mi amante le complace su regalo. Pero mi marido no está contento...;;;;;;;;;x
EVTOPTO_RoI_1007;My lover is pleased with his gift.;Mon amant est heureux de son cadeau.;Mein Liebhaber freut sich über sein Geschenk.;;A mi amante le complace su regalo.;;;;;;;;;x
EVTOPTP_RoI_1007;My lover is disappointed because I didn't get him anything.;Mon amant est déçu, je ne lui ai rien offert.;Mein Liebhaber ist ungehalten, da ich ihm nichts besorgt habe.;;Mi amante está decepcionado porque no le traje nada.;;;;;;;;;x

EVTTITLE_RoI_1051;The Mage;Le mage;Der Magier;;El Mago;;;;;;;;;x
EVTTITLE_RoI_1060;The Duel;Le duel;Das Duell;;El duelo;;;;;;;;;x
EVTTITLE_RoI_1183;A celebration in blood;Une célébration dans le sang;Eine Feier in Blut!;;Una celebración de sangre.;;;;;;;;;;x

EVTTOOLTIP1_RoI_1000;Invitations are sent.;Les invitations ont été envoyées.;Einladungen sind verschickt.;;Enviadas invitaciones.;;;;;;;;;x
