EVTDESC_CM_1000;As your father Pepin died, he divided the Empire of the Franks and left one half to you and the other half to your brother. He divided the lands in such a way as to force you to cooperate - but it does not appear to have had the desired effect. The friction is constant, and at every turn it seems your brother is now trying to thwart your plans and weaken your position. You still rule as joint kings, but surely this peace cannot last...;Votre père Pépin, avant de mourir, a divisé l'Empire franc en vous laissant une moitié à vous, et l'autre à votre frère. Il a divisé les terres de manière à vous contraindre à la coopération, mais cette disposition ne semble pas avoir eu l'effet escompté. Les frictions sont constantes et il semble que votre frère saisisse la moindre occasion pour entraver vos plans et affaiblir votre position. Vous régnez tous les deux en rois côte à côte, mais cette paix ne peut pas durer...;Als Euer Vater Pippin starb, teilte er das Frankenreich, wobei er die eine Hälfte Euch und die andere Hälfte Eurem Bruder hinterließ. Die Art der Teilung sollte Euch und Euren Bruder zur Zusammenarbeit zwingen, hatte aber offenbar nicht das erhoffte Ergebnis. Konflikte sind an der Tagesordnung und allem Anschein nach plant Euer Bruder, Eure Pläne zu durchkreuzen und Eure Position zu schwächen. Noch herrscht Ihr als verbündete Herrscher, doch ein Ende des Friedens scheint vorherbestimmt ...;;Al fallecer tu padre Pipino el Imperio Franco quedó dividido en dos mitades, una te la dejó a ti y la otra a tu hermano. Tu padre dividió las tierras de manera tal que os obligara a cooperar, pero no parece haber conseguido el efecto deseado. Las fricciones son constantes y tu hermano está permanentemente intentando frustrar tus planes y debilitar tu posición. Por el momento, seguís gobernando los dos como reyes pero seguramente la paz no será duradera...;;;;;;;;;x
EVTDESC_CM_1002;With the death of your brother [From.GetFirstName], the prestige and honor of the Frankish kingship falls on you. He was your rival but now he is no more. There is still much to be done, but here begins a new chapter in the story of [Root.GetFirstName], [Root.GetTitle] of the Franks.;Avec la mort de votre frère [From.GetFirstName], le prestige et l'honneur de la lignée des souverains francs vous reviennent. Il était votre rival, mais désormais il n'est plus. Il reste encore beaucoup à faire, mais un nouveau chapitre de l'histoire de [Root.GetFirstName], [Root.Get_only_le_Title][Root.GetTitle] des Francs, vient de commencer.;Mit dem Tod Eures Bruders [From.GetFirstName] geht die fränkische Königswürde auf Euch über. Zeitlebens war er Euer Rivale, doch nun ist er tot. Noch immer ist vieles ungetan, doch hier und heute beginnt Euer Kapitel: die Geschichte von [Root.GetFirstName], [Root.GetTitle] der Franken.;;Con la muerte de tu hermano [From.GetFirstName], el prestigio y el honor de la realeza franca recae sobre ti. Él fue tu rival, pero ahora ya no está. Queda mucho por hacer, pero aquí empieza un nuevo capítulo en la historia de [Root.GetFirstName], [Root.GetTitle] de los francos.;;;;;;;;;x
EVTDESC_CM_1010;My Lord, the power of your enemies are growing steadily, and while your vassals are surely loyal beyond doubt, it would perhaps be prudent to look for alliances outside the Frankish realm. If you would marry a daughter of the Lombard King, you could gain a powerful ally if things threaten to get out of hand due your brother's devious machinations.;Mon seigneur, vos ennemis deviennent plus puissants. Vos vassaux sont sans l'ombre d'un doute loyaux envers vous, mais il serait prudent de rechercher des alliances hors du royaume franc. Si vous épousez la fille du roi de Lombardie, vous pourriez gagner un puissant allié si les choses deviennent incontrôlables suite aux machinations de votre fourbe de frère.;Fürst, die Macht Eurer Feinde nimmt stetig zu. Auch wenn Eure Vasallen über jeden Zweifel erhaben sind, so wäre es doch ratsam, sich um Bündnispartner außerhalb des Frankenreiches zu bemühen. Würdet Ihr die Tochter des Königs der Lombardei heiraten, dann würdet Ihr einen mächtigen Verbündeten gewinnen, der Euch gegen die Machenschaften Eures Bruders zur Seite stünde.;;Mi Señor, el poder de sus enemigos está creciendo incesantemente, sin duda sus vasallos le serán fieles, pero quizá sería prudente buscar alianzas fuera del reino de los francos. Si usted contrajera matrimonio con la hija del rey lombardo, conseguiría un poderoso aliado en caso de que las cosas amenazaran de írsenos de las manos a causa de las retorcidas maquinaciones de tu hermano.;;;;;;;;;x
EVTDESC_CM_1011;My Lord, there is a lot of grumbling among the lords of the realm. While it is understood that your marriage to [Root.Spouse.GetFirstName] has great political utility, it is hard for many to accept that you have married a princess from the realm of our age-old enemies the Lombards. It has reached the point where you may even be losing the support of some nobles. But perhaps it is still not too late to rectify the situation...;Les seigneurs du Royaume sont très mécontents. Il est acquis que votre mariage avec [Root.Spouse.GetFirstName] était une excellente décision politique, mais beaucoup peinent à accepter le fait que vous ayez accepté d'épouser une princesse originaire d'un royaume qui fut longtemps notre ennemi juré. Vous pourriez même perdre l'appui de certains nobles. Cependant, il n'est peut-être pas trop tard pour arranger la situation...;Fürst, im Reich herrscht viel Unzufriedenheit. Zwar verstehen die Fürsten, dass Eure Heirat mit [Root.Spouse.GetFirstName] einen gewissen politischen Nutzen hat, dennoch ist es für sie schwer zu akzeptieren, dass Ihr eine Prinzessin unseres langjährigen lombardischen Erzfeindes geheiratet habt. Bereits jetzt droht Euch der Verlust der Unterstützung einiger Adliger. Doch vielleicht ist es noch nicht zu spät für Gegenmaßnahmen zur Bereinigung der Situation ...;;Mi Señor, hay muchísimas quejas entre los señores del reino. Aunque comprenden que su matrimonio con [Root.Spouse.GetFirstName] es de gran utilidad política, les cuesta aceptar que se haya casado con una princesa perteneciente al viejo reino enemigo de los lombardos. Se ha llegado al punto de que podría incluso llegar a perder el apoyo de algunos nobles. Pero puede que aún no sea demasiado tarde para rectificar la situación...;;;;;;;;;x
EVTDESC_CM_1021;Your mother has come to see you. As she is shown in, she falls to her knees in front of you and says: 'My dearest son. I know my support for your brother in your struggle may have caused you grief. After his death, I have seen how wrong I was to take sides. Please, can you find it in your heart to forgive me and take me into your household, so that I may now repay the injury that I have done to you with new love and loyalty?';Votre mère vient vous voir. Alors qu'on la fait entrer, elle tombe à genoux devant vous et vous dit : « Je sais que le soutien que j'ai apporté à votre frère pendant votre affrontement vous a causé du chagrin. Après sa mort, j'ai compris à quel point je m'étais fourvoyée dans mon choix. Je vous en supplie, saurez-vous trouver dans votre coeur la force de me pardonner et de me prendre sous votre protection, afin que je mette mon amour et ma fidélité à votre service pour réparer ma faute ? »;Eure Mutter ist zu Besuch. Als sie eingelassen wird, fällt sie vor Euch auf die Knie und sagt: "Geliebter Sohn, ich weiß, wie sehr es Euch bekümmerte, dass ich mich auf die Seite Eures Bruders stellte. Erst jetzt, nach seinem Tod, erkenne ich meinen Fehler. Ich bitte Euch, seid milde, und nehmt mich an Eurem Hof auf. Bitte erlaubt mir, mit Liebe und Loyalität die Wunden der Vergangenheit zu heilen.";;Tu madre ha venido a verte. Al presentarse, se ha postrado frente a ti y ha dicho: "Mi querido hijo. Soy consciente que al respaldar a tu hermano en vuestros conflictos, pude haberte causado sufrimiento. Después de su muerte, me di cuenta del gran error que había cometido al tomar partido en el asunto. Por favor, ¿tendrías la bondad de perdonarme y aceptarme en tu casa para que pudiera ahora reparar el daño que te hice con nuevo amor y lealtad?;;;;;;;;;x
EVTDESC_CM_1024;My son,\nI write to you to ask that you stop causing trouble for your brother and do not interefere with his plans. He loves you and you should support him instead of making things difficult for him. [Root.Religion.GetRandomGodName] sees all and family should not fight with family.\n\nYour loving mother,\n[Root.Mother.GetFirstName];Mon fils,\nJe vous écris pour vous demander de ne plus chercher querelle à votre frère et de ne plus interférer avec ses projets. Il vous aime et vous devriez l'aider plutôt que de lui compliquer les choses. Il faut garder à l'esprit que [Root.Religion.GetRandomGodName] nous observe et que la famille doit rester unie.\n\nVotre mère qui vous aime,\n[Root.Mother.GetFirstName];Mein Sohn,\nich schreibe Euch mit der Bitte, Eurem Bruder weiteres Ungemach zu ersparen und Euch seinen Vorhaben nicht weiter entgegenzustellen. Er liebt Euch und Ihr solltet ihn unterstützen, statt gegen ihn zu arbeiten. [Root.Religion.GetRandomGodName] sieht alles und als Familie sollte man einander unterstützen.\n\nEure Euch liebende Mutter\n[Root.Mother.GetFirstName];;Hijo mío,\nTe escribo para pedirte que dejes de causar problemas a tu hermano y que no interfieras en sus planes. Él te tiene estima y tú deberías apoyarle en lugar de dificultarle las cosas.  [Root.Religion.GetRandomGodName] lo ve todo y la familia no debería pelearse entre sí.\n\nCon todo el cariño de tu madre,\n[Root.Mother.GetFirstName];;;;;;;;;x
EVTDESC_CM_1027;Your mother has come to see you. She speaks to you of your brother and the rivalry between you: 'My dear Charles, it grieves me so that your brother Carloman will not support you as he should but rather has wicked designs on your domains. Rest assured, however, that I shall do all in my power to help and support you. I have even written to him, asking him to cease his plotting and acknowledge that, though the realm is divided between you, he recognize you as the primary ruler of the Franks. I fear, however, that he will not listen to me.;Votre mère vient vous voir. Elle vous parle de votre frère et de la rivalité qui vous oppose tous les deux en ces termes : « Cher Charles, il me peine de voir que votre frère Carloman refuse de vous aider comme il le devrait, et qu'il préfère agir contre les intérêts de votre royaume. Soyez certain que je ferai tout ce qui est en mon pouvoir pour vous aider et vous soutenir. Je lui ai même écrit une lettre dans laquelle je lui demande de mettre un terme à ses manigances et d'accepter le fait que, même si le royaume est divisé entre vous deux, vous êtes le principal roi des Francs. Cependant, je pense qu'il ne m'écoutera pas. »;Eure Mutter ist zu Besuch. Sie spricht von den Differenzen mit Eurem Bruder und der Rivalität zwischen euch:\n\n"Lieber Karl, es erfüllt mein Herz mit Betrübnis, dass Karlmann eigene, verwerfliche Absichten bezüglich Eurer Ländereien verfolgt, anstatt Euch seine Unterstützung zu gewähren, wie es eigentlich seine Pflicht als Euer Bruder wäre. Ich habe ihm geschrieben und ihn aufgefordert, seine Pläne aufzugeben und anzuerkennen, dass Ihr der eigentliche Herrscher des Frankenreichs seid, auch wenn das Reich formal unter euch aufgeteilt wurde. Ich fürchte allerdings, dass meine Worte kein Gehör finden werden.";;Tu madre ha venido a verte. Te habla de tu hermano y de la rivalidad que existe entre ambos: "Mi querido Carlos, me duele muchísimo que tu hermano Carlomán te niegue el apoyo que debería darte, y que en su lugar trame planes perversos en tus dominios. Sin embargo, ten por seguro que haré todo lo que esté a mi alcance para respaldarte y ayudarte. Incluso le he escrito para pedirle que abandone sus conspiraciones y que reconozca que a pesar de que el reino esté dividido entre vosotros dos, tú eres el principal gobernante de los francos. Pero mucho me temo que no me va a escuchar.";;;;;;;;;x
EVTDESC_CM_1040;Your son Pepin is illegitimate, but perhaps he could grow into a man worthy of ruling the Franks? His body is twisted and he looks frail, but a boy that overcomes such unfair punishments in life could perhaps with time become an even stronger ruler?;Votre fils Pépin est illégitime, mais peut-être réussira-t-il à devenir digne de diriger les Francs ? Son corps est tordu et il semble fragile, mais un garçon qui dépasse un châtiment si injuste pourrait devenir un souverain encore plus puissant.;Euer Sohn Pippin ist unehelich geboren, doch vielleicht könnte aus ihm ein würdiger fränkischer Herrscher werden. Sein Körper ist verwachsen und der Junge scheint schwächlich, doch wenn er sich im Leben gegenüber solchen Widernissen durchsetzen kann, würde dann nicht ein besonders starker Herrscher aus ihm?;;Tu hijo Pipino es ilegítimo, pero ¿podría quizá llegar a convertirse en un hombre merecedor de gobernar a los francos? Su cuerpo se retuerce y se ve frágil, pero un niño que vence este tipo de castigos injustos en la vida ¿podría tal vez con el tiempo convertirse en un gobernante aún más fuerte?;;;;;;;;;x
EVTDESC_CM_1050;A young nobleman called Roland has approached you, declaring that he wishes to serve you. You have heard his name before, he is known to be a strong warrior and able diplomat, wise beyond his years and especially familiar with the Breton lands to the west. He would surely be a useful addition to your court.;Un jeune noble du nom de Roland se présente à vous et déclare qu'il souhaite vous servir. Vous avez déjà entendu son nom, il possède une réputation de puissant guerrier et de diplomate habile, sage malgré son jeune âge, et il est un fin connaisseur des terres bretonnes de l'ouest. Assurément quelqu'un d'utile à la cour.;Ein junger Adliger namens Roland hat Euch aufgesucht, um Euch seine Dienste anzubieten. Sein Name ist Euch bekannt, denn es heißt von ihm, er sei ein tapferer Kämpfer und fähiger Diplomat, gesegnet mit Weisheit und darüber hinaus vertraut mit den bretonischen Gebieten im Westen. Sicherlich wäre er eine nützliche Bereicherung für Euren Hof.;;Un joven noble llamado Rolando se ha acercado a ti, expresando su deseo de servirte. Su nombre no te es extraño, se le conoce por ser un guerrero fuerte y un ´habil diplomático extraordinariamente sabio para su edad y especialmente familiarizado con las tierras bretonas del oeste. Seguro que Rolando sería una buena incorporación a tu corte.;;;;;;;;;x
EVTDESC_CM_1052;You have been spending a lot of time talking to [roland.GetFullName] recently. He is not only loyal but also wise, amiable and very good company. You find you have many things in common.;Vous avez passé beaucoup de temps à discuter avec [roland.GetFullName] ces derniers temps. Il n'est pas seulement loyal, il est aussi sage et de très bonne compagnie. Vous constatez que vous avez bien des choses en commun.;In letzter Zeit habt Ihr des Öfteren den Dialog mit [roland.GetFullName] gesucht und dabei seine Loyalität und Weisheit so wie auch seine Gesellschaft zu schätzen gelernt. Ihr findet, dass es viele Gemeinsamkeiten zwischen Euch gibt.;;Últimamente has pasado mucho tiempo hablando con [roland.GetFullName], que no solamente es leal sino que también es sabio, afable y una muy buena compañía. Encuentras que tenéis muchas cosas en común.;;;;;;;;;x
EVTDESC_CM_1053;Your loyal knight Roland is truly distinguishing himself on campaign. He never fears to lead from the front in battle, he fires up his soldiers with his personal bravery, and he is always first into the fray and the last to withdraw. Where outriders are needed for dangerous scouting missions he insists on going, often being away for days behind enemy lines. If only all your soldiers were this brave and dedicated.;Votre loyal Roland se distingue lors de vos campagnes. Il ne craint pas de monter au front lors des batailles, il motive ses soldats par sa bravoure, il est toujours le premier à monter à l'assaut et le dernier à battre en retraite. Là où on demande un éclaireur pour une dangereuse mission, il insiste pour partir et reste souvent des jours derrière les lignes ennemies. Si seulement tous vos soldats étaient aussi courageux et dévoués...;Euer treuer Ritter Roland zeichnet sich wahrlich auf dem Feldzug aus. Furchtlos kämpft er an vorderster Linie und inspiriert mit seinem vorbildlichen Mut den Rest der Soldaten. Er ist der erste im Gemenge und der letzte, der sich zurückzieht. Wenn Freiwillige für Kundschafteraufträge gesucht werden, besteht er darauf loszureiten und verbringt mehrfach mehrere Tage hinter den feindlichen Linien. Wären doch nur all Eure Soldaten so tapfer und pflichtbewusst.;;Tu leal caballero Rolando está destacando en la campaña. En las batalla, no teme dirigir desde el frente, enfervoriza los ánimos de los soldados con su bravura y siempre es el primero en luchar y el último en retirarse. Insiste en encargarse de las peligrosas misiones en las misiones donde se necesitan jinetes excepcionales, a menudo tras las líneas enemigas. Ojalá todos tus soldados tuviesen esta valentía y dedicación.;;;;;;;;;x
EVTDESC_CM_1055;The battle won, Roland led a small group of knights in aggressive pursuit, leaving the rest of the army far behind. Penetrating deep through the enemy formations and causing havoc, they caused much damage. Then no one knows what happened - maybe they went too far, or maybe they were surprised by an unexpected counterattack. None of them returned...;La bataille gagnée, Roland emmena un petit groupe de chevaliers avec lui pour harceler l'ennemi, laissant le reste de l'armée derrière lui. Ils pénétrèrent la formation ennemie, causant un grand chaos et de nombreux dégâts. Ensuite, on ignore ce qui s'est produit. Peut-être allèrent-ils trop loin, peut-être furent-ils surpris par une contre-attaque inattendue... Aucun n'en réchappa.;Als die Schlacht schon gewonnen war, setzte Roland an der Spitze mehrerer Ritter dem fliehenden Feind nach, wobei er den Rest der Armee weit hinter sich ließ. Gemeinsam mit seinen Mitstreitern tauchte er in das Meer seiner kopflosen Feinde ein und wütete schrecklich unter ihnen. Doch was dann geschah, bleibt rätselhaft. Vielleicht war er zu weit geritten, vielleicht gab es einen unerwarteten Gegenangriff. Sicher ist nur: Kein einziger von ihnen kehrte zurück ...;;Batalla ganada. Dejando atrás las tropas, Rolando dirigió un pequeño grupo de caballeros en agresiva persecución, dejando el grueso del ejército atrás. Penetró profundamente en las formaciones del enemigo provocando el caos e infligiendo gran daño. A partir de ahí nadie sabe lo que sucedió, quizás fueron demasiado lejos o puede que les sorprendieran con un contraataque inesperado. De allí, nadie regresó...;;;;;;;;;x
EVTDESC_CM_1057;As your army was retreating, the battle lost, Roland took a small group of knights and rode out to raid the enemy's flank and harass them in order to slow them down so that the rest of your forces could escape. It is said that they fought fiercely and valiantly. However, none of them returned...;La bataille était perdue, votre armée battait en retraite. Roland prit alors un petit groupe de chevaliers et partit harceler les flancs de l'armée ennemie pour les ralentir et permettre au gros de vos troupes de s'échapper. On dit qu'il se battit avec férocité et vaillance. Mais aucun soldat ne revint...;Als Eure Armee den Rückzug antrat, die Schlacht verloren schien, unternahm Roland an der Spitze einiger Ritter einen Ausfall gegen die feindliche Flanke, um sie abzulenken und so dem Heer Gelegenheit zum Rückzug zu verschaffen. Wie es heißt, kämpfte er verbissen und schlug sich bis zuletzt mannhaft. Allerdings kehrte weder er noch ein einziger seiner Mitstreiter jemals zurück ...;;En el momento en que tu ejército se retiró, se perdió la batalla. Rolando reunió un pequeño grupo de caballeros, cabalgaron y golpearon el flanco enemigo y lo hostigaron para reducirlo. Así, el resto de tus tropas pudieron escapar. Se dice que lucharon ferozmente y con valor, pero de todas formas, ninguno de ellos regresó...;;;;;;;;;x
EVTDESC_CM_1070;My Lord, there is a visitor at the gate, a Norseman calling himself Ogier. He looks strong and rugged but also speaks with grace and has a noble bearing. He says he comes from the land of the Danes and has travelled far to offer his services to you, naming you rightful lord of all Christians. He also claims to have seen in a dream how you will conquer all and your name will rise in glory to the Heavens.;Mon seigneur, un visiteur attend devant la porte, un Scandinave qui dit s'appeler Ogier. Il semble fort et robuste, mais parle avec grâce et se tient comme un noble. Il dit venir de la terre des Danois et qu'il a fait tout ce chemin pour vous offrir ses services. Il vous appelle seigneur légitime de tous les chrétiens. Il dit également avoir vu en songe votre conquête du monde entier et votre nom monter aux cieux dans toute sa gloire.;Mein Fürst, ein Besucher ist angekommen, ein Nordmann, der sich Holger nennt. Er wirkt etwas abgerissen, ist aber stark und gesund, und seiner Ausdrucksweise nach ist er von adliger Herkunft. Er sagt, er komme aus Dänemark und habe eine beschwerliche Reise auf sich genommen, um Euch seine Dienste anzubieten, und er bezeichnet Euch als rechtmäßigen Herrn aller Christen. Des Weiteren behauptet er, im Traum gesehen zu haben, wie Euer Name ruhmreich gen Himmel auffährt.;;Mi Señor, hay un visitante en la puerta, un escandinavo llamado Ogier. Parece fuerte y robusto pero además habla con gracia y tiene modales de noble. Dice que viene de la tierra de los daneses y ha viajado tan lejos para ofrecerle sus servicios, nombrándole legítimo señor de todos los cristianos. También ha visto en sueños como mi Señor lo conquistará todo y su nombre subirá a la gloria de los cielos.;;;;;;;;;x
EVTDESC_CM_1076;[From.GetDynName], the wife of the recently deceased [FromFrom.GetTitledName], has arrived at your gates, asking for refuge for herself and her offspring. She claims that her late husband's evil brother murdered him in cold blood in order to take control of the realm for himself, and now she fears for her life as well.;[From.GetDynName], la veuve [FromFrom.Get_du_TitledName], récemment décédé, se présente à votre porte et demande asile pour elle et ses enfants. Elle dit que le méchant frère de feu son mari l'a assassiné de sang-froid afin de prendre le contrôle du royaume, et elle craint pour sa vie désormais.;[From.GetDynName], die Frau des kürzlich verstorbenen [FromFrom.GetTitledName], bittet um Einlass und möchte, dass ihr und ihren Kindern Zuflucht gewährt wird. Sie behauptet, ihr Mann sei von seinem eigenen Bruder kaltblütig ermordet worden. Nun fürchtet auch sie um ihr Leben, denn ihr Schwager möchte das Reich an sich reißen.;;[From.GetDynName], la esposa del recientemente traspasado [FromFrom.GetTitledName], ha llamado a tu puerta pidiendo refugio para ella y sus retoños. Sostiene que el malvado hermano de su difunto marido le asesinó a sangre fría para hacerse con el control del reino, y ahora teme también por su vida.;;;;;;;;;x
EVTDESC_CM_1077;Word reaches you that [FromFromFrom.GetFirstName]'s wife [FromFrom.GetDynName] has received refuge at the court of [From.GetTitledName]. Surely, there is a plot against you brewing here...;Le bruit court que la femme de [FromFromFrom.GetFirstName], [FromFrom.GetDynName], a trouvé refuge à la cour [From.Get_du_TitledName]. Ils sont certainement en train de comploter contre vous à l'heure qu'il est...;Wie man Euch mitgeteilt hat, wurde der Frau von [FromFromFrom.GetFirstName], [FromFrom.GetDynName], Zuflucht am Hofe von [From.GetTitledName] gewährt. Mit Sicherheit wird nun eine Verschwörung gegen Euch angezettelt ...;;Te ha llegado que [FromFrom.GetDynName], esposa de [FromFromFrom.GetFirstName] se ha refugiado en la corte de [From.GetTitledName]. Seguramente estén elaborando una conspiración contra ti...;;;;;;;;;x
EVTDESC_CM_1078;Your soldiers have brought [FromFromFrom.GetFirstName]'s family before you. [FromFrom.GetDynName] falls to her knees, begging you for mercy.;Vos soldats vous amènent la famille de [FromFromFrom.GetFirstName]. [FromFrom.GetDynName] tombe à genoux et implore votre miséricorde.;Eure Soldaten führen Euch die Familie von [FromFromFrom.GetFirstName] vor. [FromFrom.GetDynName] fällt auf die Knie und bettelt um Gnade.;;Tus soldados han traído la familia de [FromFromFrom.GetFirstName] ante ti. [FromFrom.GetDynName] se arrodilla, suplicando tu misericordia.;;;;;;;;;x
EVTDESC_CM_1080;[From.GetDynName] has appeared at your gate, begging for protecton. They are destitute and alone, woman and child. She speaks weakly and nervously: 'My Lord, I have nothing left and I throw myself at your feet and put faith in your mercy. Remember that it is not I but your brother that was your enemy'.;[From.GetDynName] se présente à vos portes et implore votre protection. Cette femme est démunie et seule avec son enfant. Sa voix est faible et tendue : « Mon seigneur, je n'ai plus rien, je me jette à vos pieds et je m'en remets à votre miséricorde. Souvenez-vous que ce n'est pas moi votre ennemie, c'est mon frère. »;[From.GetDynName] steht vor den Toren und bettelt um Schutz. Sie wirken heruntergekommen und allein, Mutter wie Kind. Mit leiser, angstvoller Stimme wendet sie sich an Euch: "Mein Fürst, nichts ist mir geblieben. Deshalb werfe ich mich Euch zu Füßen und hoffe auf Eure Gnade. Bitte vergesst nicht, dass Euer Bruder, nicht ich, Euer Feind war.";;[From.GetDynName] ha aparecido ante tu puerta, suplicándote protección. Están solos y desamparados, mujer y niño. Insegura y nerviosa dice: "Mi Señor, no me queda nada, me postro a vuestros pies y confío en vuestra piedad. Recordad que vuestro enemigo no soy yo, sino vuestro hermano".;;;;;;;;;x
EVTDESC_CM_1100;The heathen Saxons living North of the realms of the Franks have for a long time held their own against all foreign conquerors, while defiantly staying true to their old religion and raiding Christian lands with no fear of God. No longer shall it be so - the time has come to bring them both the Sword and the Cross. Mercy is something they will find in the next life, should they accept baptism before they perish.;Les païens saxons qui vivent au nord des royaumes francs ont depuis longtemps résisté à tous les conquérants étrangers tout en restant fidèles à leur vieille religion et en pillant les terres chrétiennes sans craindre la colère de Dieu. Cela doit cesser : il est temps de leur apporter l'épée et la croix. Ils apprendront la miséricorde dans leur prochaine vie, s'ils acceptent le baptême avant de périr.;Lange Zeit gelang es den heidnischen Sachsen im Norden des Frankenreiches, sich der Eroberung durch die Fremden entgegenzusetzen. Trotzig hielten sie an heidnischen Gebräuchen fest, und unternahmen sogar, bar jeder Gottesfurcht, Raubzüge in das Gebiet der Christen. Doch nun ist es an der Zeit, sie Kreuz und Schwert fürchten zu lehren. Gnade wird ihnen im Jenseits zuteil, sofern sie bereit sind, sich taufen zu lassen, bevor sie das Schwert verdirbt.;;Durante mucho tiempo, los sajones infieles que viven en el norte de los reinos francos se han mantenido firmes frente todos los conquistadores extranjeros. Se han mostrado desafiantes al mantenerse fieles a su vieja religión y al asaltar tierras cristianas sin temor a Dios. Esto dejará de ser así, ha llegado el momento de imponerles la cruz y la espada. Encontrarán la Misericordia en la próxima vida si aceptan el baptismo antes de morir.;;;;;;;;;x
EVTDESC_CM_1101;You have captured the great pagan sanctuary at Paderborn, one of the holiest places of Germanic paganism. Here stands the great holy tree of Irminsul, which is said to have an immense importance in the heathen faith of the Saxons. To them, Irminsul represents the 'world tree' and is a focus from which they appear to draw much moral strength and inspiration.;Vous avez capturé le grand sanctuaire païen de Paderborn, un des lieux les plus sacrés du paganisme germanique. Là se dresse le grand arbre sacré d'Irminsul, dont on raconte qu'il tient dans la religion saxonne une place prépondérante. Pour eux, Irimsul représente 'l'arbre-monde' et leur apporte une grande force et une grande inspiration.;Ihr habt eine der wichtigsten heidnischen Stätten der germanischen Heiden eingenommen, den heiligen Baum Irminsul, von dem es heißt, er sei von zentraler Bedeutung für den heidnischen Glauben der Sachsen. Für sie ist Irminsul der "Weltenbaum", von dem sie Stärke und Inspiration beziehen.;;Has conseguido capturar el gran santuario pagano de Paderborn, uno de los lugares más sagrados del paganismo germánico. Aquí se encuentra el gran árbol sagrado de Irminsul, que por lo que se dice, tiene una importancia inmensa para la fe pagana de los sajones. Para ellos, el  Irminsul representa el "árbol del mundo" y es su fuente de inspiración, moral y fortaleza.;;;;;;;;;x
EVTDESC_CM_1102;As the bitter war in Saxony rages on, the armies of [From.GetTitledName] have captured Paderborn, the site of the great shrine of the holy tree of Irminsul. By order of the conquering [From.GetTitle], the troops burned the holy tree and then proceeded to destroy the entire shrine. This has infuriated people of the Germanic religion everywhere.;Alors que la terrible guerre contre les Saxons faisait rage, les armées [From.Get_du_TitledName] s'emparèrent de Paderborn, le site du grand sanctuaire de l'arbre sacré d'Irminsul. Sur ordre [From.Get_only_du_Title][From.GetTitle] conquérant, les soldats brûlèrent l'arbre sacré et détruisirent le sanctuaire intégralement. Les fidèles de la religion germanique en furent outrés.;Im Zuge des unbarmherzigen Krieges gegen die Sachsen haben die Truppen von [From.GetTitledName] Paderborn eingenommen, wo sich die heilige Stätte Irminsul befindet. Auf Befehl ihres Befehlshabers, [From.GetTitle], übergaben die Truppen den heiligen Baum und im Anschluss daran die gesamte Anlage den Flammen. Diese Taten rufen ein Echo enormer Empörung unter sämtlichen Anhängern germanischer Religionen hervor.;;A medida que la amarga guerra en Sajonia se encolariza, los ejércitos de [From.GetTitledName] han tomado Paderborn, el santo lugar del sagrado árbol Irminsul. Por orden del conquistador [From.GetTitle], las tropas han quemado el árbol sagrado y luego han destruido completamente este lugar santo. Esto ha hecho encolerizar a los seguidores de la fe germánica de todas partes.;;;;;;;;;x
EVTDESC_CM_1104;During the course of the Saxon War, you have captured a lot of Saxon prisoners. Many of them are of noble birth and also very defiant in their views and attitude to our righteous Christian conquest. They keep to their heathen ways and scorn the name of Christ. Perhaps it is time to teach these stubborn Saxons a lesson through a show of strength. If we should try, condemn and execute these captured heathen leaders, we may strengthen our cause, please God and put fear into the hearts of our enemies.;Au cours de la guerre contre les Saxons, vous avez fait un grand nombre de prisonniers. Bon nombre d'entre eux sont de lignée noble et leurs opinions ainsi que leurs attitudes sont très hostiles à notre conquête chrétienne, somme toute légitime. Ils s'accrochent à leurs moeurs païennes et méprisent le nom de Christ. Il est peut-être temps de donner à ces Saxons obstinés une démonstration de force. Si nous jugeons, condamnons et exécutons ces chefs païens que nous avons capturés, nous pourrions renforcer notre cause, plaire à Dieu et instiller la peur dans le coeur de nos ennemis.;Im Zuge der Sachsenkriege habt Ihr viele sächsische Gefangene gemacht, manche von ihnen von adliger Geburt und viele von ihnen mit einer unbelehrbaren Ablehnung gegenüber der gerechten Sache des christlichen Glaubens. Ihr Festhalten am Heidentum schändet den Namen des Herrn. Vielleicht sind diese sturen Sachsen durch eine Machtdemonstration eines Besseren zu belehren. Würden wir die gefangen genommenen heidnischen Führer anklagen, verurteilen und hinrichten, würde dies unsere Sache möglicherweise stärken, Gott gefällig sein und das Herz unserer Feinde mit Furcht erfüllen.;;A lo largo de la Guerra Sajona capturaste muchos prisioneros sajones. Muchos de ellos son de buena cuna y de mirada y actitud desafiante, hacia nuestra justificada conquista cristiana. Mantienen sus costumbres paganas y menosprecian el nombre de Cristo. Quizás ha llegado el momento de dar una lección a estos sajones testarudos mediante una demostración de fuerza. Si juzgásemos, condenásemos y ejecutásemos estos líderes paganos capturados, estaríamos fortaleciendo nuestra causa. Complace a Dios y haz entrar el miedo en los corazones de nuestros enemigos.;;;;;;;;;x
EVTDESC_CM_1105;The Saxons are a people that clings fiercely to its old traditions. After suffering defeats and conquest in spite of tenacious resistance, discontent has continued to simmer in the Pagan Saxon lands. Raids on tax collectors, defiance of church duties, all these things have been annoyances to the new rulers without really presenting any severe danger. Now, however, things seem to have changed. A rebel leader has emerged, uniting the rebellious Saxons and gathering warriors for more concerted attacks. He calls himself Widukind, a name that means 'Child of the Woods', in obvious reference to old Pagan myths and fitting to the hit-and-run tactics used by his forces thus far. The army he is gathering is growing, however...;Les Saxons sont un peuple farouchement attaché à ses anciennes traditions. Après avoir connu les défaites et la conquête malgré leur résistance tenace, le mécontentement continue d'agiter les terres des païens saxons. On attaque des collecteurs d'impôts, on ne va pas à l'église... Ces actes, qui ne représentent pas de danger réel, irritent au plus haut point les nouveaux seigneurs. Mais aujourd'hui, les choses ont changé. Un chef rebelle est apparu, a uni les Saxons rebelles sous son commandement et rassemblé des guerriers pour mener des attaques plus organisées. Il se fait appeler Widukind, un nom qui signifie 'Enfant des bois', une référence évidente aux vieux mythes païens et un nom adapté aux tactiques de harcèlement utilisées par ses troupes. Qui plus est, ses troupes augmentent en nombre...;Die Sachsen sind ein Volk, das eisern an seinen alten Traditionen festhält. Obwohl sie trotz verbissenen Widerstands letztlich besiegt und erobert wurden, flackert nach wie vor Unzufriedenheit im Gebiet dieses heidnischen Volkes auf. Überfälle auf Steuereintreiber und Missachtung ihrer Pflichten gegenüber der christlichen Kirche stellen zwar keine ernste Gefahr, doch immerhin ein Ärgernis für ihre neuen Herrscher dar. In letzter Zeit hat sich die Situation allerdings geändert. In Widukind, dem "Kind der Wälder", haben die rebellischen Sachsen einen Anführer gefunden, der ganz im Sinne seines an heidnische Traditionen erinnernden Namens auf Überraschungsangriffe aus dem Verborgenen setzt. Und die Truppen, die er nach und nach um sich schart, werden von Tag zu Tag zahlreicher ...;;Los sajones son un pueblo ferozmente aferrado a sus viejas tradiciones. Después de haber sufrido derrotas y conquistas, a pesar de su tenaz resistencia, el descontento sigue calando lento en las paganas tierras sajonas. Los asaltos a los recaudadores de impuestos y los desafíos a los deberes eclesiásticos han irritado a los nuevos gobernantes aunque no llegaran a suponer ningún peligro serio. Ahora, de todos modos, parece que las cosas han cambiado. Ha surgido un líder rebelde que ha unido a los sajones descontentos y ha juntado a los guerreros para ataques más dirigidos. El tipo se hace llamar Viduquindo, que significa "Niño de los Bosques", en clara referencia a los viejos mitos paganos y coherente con las tácticas de ataque y retirada usadas por sus fuerzas hasta el momento. El ejército que está juntando va creciendo, de todas formas...;;;;;;;;;x
EVTDESC_CM_1108;My Lord, your old enemy Widukind of the Saxons has sent word. He says he recognizes not only the strength of your arms but also the superiority of the Christian faith. He asks for free passage to come to your court in order to be baptized as a Christian. He says he wishes only peace between you and in return for your generosity he will be forever your loyal servant and stay true to the creed of the [Root.Religion.GetName] Church.;Votre vieil ennemi Widukind le Saxon vous transmet un message. Il dit reconnaître non seulement la puissance de vos armes mais également la supériorité de la foi chrétienne. Il demande un sauf-conduit pour se rendre à votre cour et être baptisé en chrétien. Il dit ne souhaiter que la paix et, en retour de votre générosité, déclare qu'il sera votre fidèle serviteur et qu'il demeurera fidèle à la foi [Root.Religion.GetName].;Mein Fürst, Euer alter Feind Widukind von den Sachsen sendet Euch eine Nachricht. Darin erkennt er nicht nur Eure militärische Stärke an, sondern auch die Überlegenheit des christlichen Glaubens. Er bittet um freies Geleit und möchte sich an Eurem Hofe zum Christen taufen lassen. Wie er sagt, ist es sein größter Wunsch, dass Frieden zwischen Euch herrsche. Zum Dank für Eure Großzügigkeit gelobt er, Euer treuer Diener zu werden, so wie auch der [Root.Religion.GetName]en Kirche.;;Mi señor, su viejo enemigo Viduquindo de los sajones nos ha mandado un mensaje. En él reconoce no solamente la fuerza de sus ejércitos sino también la superioridad de la fe cristiana. Nos pide un salvoconducto para poder venir a su corte y ser bautizado como cristiano. Dice que solamente desea la paz entre ustedes y a cambio de vuestra generosidad, él le guardará lealtad para siempre y se mantendrá fiel al credo de la iglesia [Root.Religion.GetName].;;;;;;;;;x
EVTDESC_CM_1120;Your mother comes to see you. 'My son, your brother's plotting against you is dangerous. I know you love him as dearly as I do, but something must be done. With your permission, I shall go see him and do what is needed to resolve this conflict. He must not come in the way of you fulfilling your destiny as ruler of all the Franks, but I fear a bloody war. Trust me, it will be better like this.'\n\nYou look thoughtfully at your mother, trying to read her mind. There is an odd look of determination in her eyes.;Votre mère vient vous parler. « Votre frère complote contre vous. Je sais que vous le chérissez autant que moi, mais il faut faire quelque chose. Avec votre permission, j'irai personnellement le voir et ferai le nécessaire pour résoudre ce conflit. Il ne doit pas entraver votre destin de Roi de tous les Francs, et je crains une guerre sanglante. Faites-moi confiance, ce sera mieux ainsi. »\n\nVous contemplez pensivement votre mère, tentant de sonder son esprit. Son regard semble étrangement déterminé.;Eure Mutter sucht Euch auf und sagt: "Mein Sohn, die Verschwörung Eures Bruders ist gefährlich. Es muss etwas unternommen werden, auch wenn ich weiß, dass Ihr ihn ebenso sehr liebt wie ich. Mit Eurer Erlaubnis werde ich ihn aufsuchen und tun, was getan werden muss, damit dieser Konflikt endet. Er darf Eurem Schicksal als Herrscher aller Franken nicht entgegenstehen, aber ich fürchte einen blutigen Krieg. Vertraut mir, es wird besser so sein."\n\nIhr schaut nachdenklich zu Eurer Mutter und versucht, ihre Gedanken zu erahnen. In ihren Augen ist ein seltsamer Ausdruck der Entschlossenheit.;;Tu madre ha venido a verte. "Hijo mío, el complot de tu hermano contra ti es peligroso. Sé que lo quieres tanto como yo, pero algo hay que hacer. Si me lo permites, iré a verle y haré lo que sea necesario para resolver este conflicto. No debe entrometerse en tu camino, cumpliendo tu destino como gobernante de todos los francos, pero temo a una guerra sangrienta. Confía en mi, será mejor así."\n\nMiras pensativo a tu madre, intentando leer su mente. Hay una extraña mirada de determinación en sus ojos.;;;;;;;;;x
EVTDESC_CM_1121;Your mother Bertrada has arrived at the gate. She travels with a but a small escort and she is asking to see you. Shall we let her in?;Votre mère Bertrada se présente à vos portes. Elle ne voyage qu'avec une petite escorte et demande à vous voir. La laisserez-vous entrer ?;Eure Mutter Bertrada ist vor den Toren. Sie ist mit einem kleinen Gefolge unterwegs und bittet um ein Treffen. Sollen wir sie einlassen?;;Tu madre Bertrada se ha presentado en la puerta. Viaja con una pequeña escolta y pide audiencia contigo. ¿Debemos dejarla entrar?;;;;;;;;;x
EVTDESC_CM_1122;As you dine with your mother that night, she speaks with you of your youth and of her great love for you: 'I know it pains you that I support your brother, but please let us speak of happier days. I would like to forget for a moment these troublesome times and spend the evening with you in intimacy and friendship. We can dine and reminisce, and you shall be my beloved son as always. Here, i brought some excellent wine for you to drink while we talk of old times.';Vous dînez le soir même avec votre mère. Elle vous parle de votre enfance et de son grand amour pour vous : « Je sais que cela vous peine de me voir soutenir votre frère, mais je vous en prie, parlons d'un temps plus heureux. J'aimerais pour un temps oublier ces temps troubles et passer la soirée seule avec vous, en toute amitié. Nous pouvons manger et nous rappeler des souvenirs, et vous resterez toujours mon fils bien-aimé. Tenez, je vous ai apporté cet excellent vin à boire pendant que nous discuterons. »;Als Ihr mit Eurer Mutter zu Abend esst, fängt sie an, von Eurer Jugend und von ihrer tiefen Liebe zu Euch zu sprechen: "Ich weiß, dass es Euch betrübt, dass ich Euren Bruder unterstütze, aber lasst uns von glücklicheren Zeiten sprechen. Ich würde diese Ärgernisse gerne eine Weile vergessen und einfach mit Euch in Frieden essen, denn Ihr seid nach wie vor mein geliebter Sohn. Hier, ich habe Euch einen schönen Wein mitgebracht, mit dem wir auf die alten Zeiten anstoßen können.";;Mientras cenas con tu madre, te habla de tu juventud y de su gran amor hacia ti: "Sé que te duele que apoye a tu hermano, pero por favor, hablemos de las épocas felices. Me gustaría olvidar por un momento estos abruptos tiempos y pasar el atardecer contigo en intimidad y amistosamente. Podemos cenar y recordar, y volverás a ser mi querido hijo de siempre. Te traigo un buen vino para beber mientras hablamos de los viejos tiempos.";;;;;;;;;x
EVTDESC_CM_1123;Your mother left early this morning, before you woke. It was strange to see her again like that. You have a strange, slow pain in your stomach as well, and you feel rather weak. Maybe it's something you ate or drank.;Votre mère est partie tôt ce matin, avant votre réveil. La revoir ainsi en ces circonstances était étrange. Vous ressentez une douleur sourde à l'estomac, ainsi qu'une certaine faiblesse. Peut-être que votre repas de la veille a du mal à passer...;Eure Mutter ist bereits früh am Morgen aufgebrochen, als Ihr noch schlieft. Euer Treffen mit Ihr hinterlässt ein merkwürdiges Gefühl. Ebenso merkwürdig wie das Gefühl in Eurem Magen. Außerdem fühlt Ihr Euch irgendwie schwach ... Vielleicht habt Ihr etwas Falsches gegessen oder getrunken.;;Tu madre partió temprano esta mañana, antes de que tú te levantaras. Fue raro verla otra vez así. Además, tienes un extraño y ligero dolor de estómago y te sientes cada vez más débil. Puede que sea algo que hayas comido o bebido.;;;;;;;;;x
EVTDESC_CM_1132;To my former liege, [Root.GetFirstNameWithNick],\n\nIt is with great regret that I must inform you that I am declaring fealty to the true ruler of the Franks. I do not find your claim at all satisfactory and have decided to serve the stronger King.\n\nFor the glory of the Frankish Empire,\n[switching_vassal.GetBestName];À mon ancien seigneur [Root.GetFirstNameWithNick],\n\nC'est avec grand regret que je jure fidélité au véritable souverain des Francs. J'estime votre revendication notoirement insatisfaisante et j'ai décidé de servir le plus puissant roi.\n\nPour la gloire de l'Empire franc,\n[switching_vassal.GetBestName];An meinen ehemaligen Lehnsherren, [Root.GetFirstNameWithNick]:\n\nMit großem Bedauern muss ich Euch mitteilen, dass ich dem Herrscher der Franken den Lehnseid schwören werde. Euer Herrschaftsanspruch scheint schwach und ich werde dem stärkeren König folgen.\n\nRuhm sei dem Reiche der Franken!\n[switching_vassal.GetBestName];;Mi querido señor, [Root.GetFirstNameWithNick],\n\nLamento tener que comunicarle que debo lealtad al gobernante de los francos. Considero que vuestra demanda es totalmente inapropiada y he decidido servir al Rey más firme y correcto.\n\nPor la gloria del Imperio Franco,\n[switching_vassal.GetBestName];;;;;;;;;x
EVTDESC_CM_1160;One evening at court, your mother [Root.Mother.GetFirstName] takes to voicing very aggressive criticism of your [Root.Spouse.GetHusbandWife] in front of everyone. She says your [Root.Spouse.GetHusbandWife] doesn't know [Root.Spouse.GetHerHis] place and should be kept on a tighter leash. Your [Root.Spouse.GetHusbandWife] looks pleadingly at you for support...;Un soir à la cour, votre mère [Root.Mother.GetFirstName] commence à critiquer vertement votre [Root.Spouse.GetHusbandWife] en public. Elle déclare qu'[Root.Spouse.GetIlElle] ne connaît pas sa place et mériterait un bon rappel à l'ordre. Votre [Root.Spouse.GetHusbandWife] vous regarde, implorant votre soutien...;Eines Abends bei Hof übt Eure Mutter [Root.Mother.GetFirstName] vor aller Augen und Ohren ungewöhnlich harsche Kritik an Eurem Ehepartner. Sie behauptet, [Root.Spouse.GetSheHe] kenne [Root.Spouse.GetHerHis]en Platz nicht und brauche eine strengere Hand.[Root.Spouse.GetEuerEure] [Root.Spouse.GetHusbandWife] schaut hilfesuchend zu Euch ...;;Un atardecer en la corte, tu madre [Root.Mother.GetFirstName] critica agriamente a tu [Root.Spouse.GetHusbandWife] delante de todo el mundo. Dice que tu [Root.Spouse.GetHusbandWife] no sabe cuál es [Root.Spouse.GetHerHis] lugar y que se l[Root.Spouse.GetOA] debería atar corto. Tu [Root.Spouse.GetHusbandWife] te mira suplicante en busca de apoyo...;;;;;;;;;x
EVTDESC_CM_1172;Your mother comes to see you. 'My [Root.GetSonDaughter], I am worried. Your [target_councillor.GetJobTitle], [target_councillor.GetTitledFirstName], doesn't seem to have our best interests in mind when executing the tasks of [target_councillor.GetHerHis] office. I fear [target_councillor.GetSheHe] may become a danger to your rule in the long run.';Votre mère vous rend visite. « M[Root.GetOnA] [Root.GetSonDaughter], je me fais du souci pour vous. Votre [target_councillor.GetJobTitle], [target_councillor.Get_le_TitledFirstName], ne semble pas agir dans notre intérêt en accomplissant ses tâches. J'ai peur qu'[target_councillor.GetIlElle] ne finisse par constituer un danger pour votre règne à long terme. »;Eure Mutter besucht Euch. "[Root.GetSonDaughter], Ich mache mir Sorgen. Euer [target_councillor.GetJobTitle] [target_councillor.GetTitledFirstName] scheint in [target_councillor.GetHerHis]er Funktion nicht in unserem Interesse zu handeln. Ich fürchte, über kurz oder lang wird [target_councillor.GetSheHe] zu einer Gefahr für Eure Herrschaft werden.";;Tu madre te viene a ver. "Mi [Root.GetSonDaughter], estoy preocupada. Tu [target_councillor.GetJobTitle], [target_councillor.GetTitledFirstName], no parece tener en cuenta nuestros intereses cuando ejecuta las tareas de [target_councillor.GetHerHis] despacho. Me temo que, a la larga, [target_councillor.GetSheHe] puede convertirse en un peligro para tu gobierno.;;;;;;;;;x
EVTDESC_CM_1181;[target_mother.GetDynName] has decided that she will take over the regency for her [From.GetSonDaughter],  [From.GetTitledFirstName]. It seems there is nothing you can do about it...;[target_mother.GetDynName] a décidé qu'elle assumerait la régence de s[From.GetOnA] [From.GetSonDaughter], [From.Get_le_TitledFirstName]. Il semble que vous ne puissiez rien y faire...;[target_mother.GetDynName] hat beschlossen, die Regentschaft in Vertretung ihre[From.GetsMale][From.GetrMaleOpp] [From.GetSonDaughter], [From.GetTitledFirstName], zu übernehmen. Dagegen seid Ihr wohl machtlos ...;;[target_mother.GetDynName] ha decidido que ella se hará cargo de la regencia de su [From.GetSonDaughter], [From.GetTitledFirstName]. No podrás hacer nada al respeto...;;;;;;;;;x
EVTDESC_CM_1182;Your mother [Root.Mother.GetFirstName] has decided that it is best that she rule as your regent instead of [Root.Regent.GetTitledFirstName].;Votre mère [Root.Mother.GetFirstName] a décidé qu'elle ferait une meilleure régente que [Root.Regent.Get_le_TitledFirstName].;Eure Mutter [Root.Mother.GetFirstName] hat beschlossen, an Stelle von [Root.Regent.GetTitledFirstName] die Regentschaft zu übernehmen.;;Tu madre [Root.Mother.GetFirstName] ha decidido que es preferible que sea ella quien gobierne como tu regente en lugar de [Root.Regent.GetTitledFirstName].;;;;;;;;;x
EVTDESC_CM_1192;Persistent and disturbingly detailed rumors have it that your mother [Root.Mother.GetFirstName] has managed to seduced your [target_spouse.GetHusbandWife] [target_spouse.GetFirstName], engaging in carnal relations behind your back...;Des rumeurs tenaces et détaillées parlent de votre mère [Root.Mother.GetFirstName] en train de séduire votre [target_spouse.GetHusbandWife], [target_spouse.GetFirstName], avec qui elle entretient des relations charnelles dans votre dos...;Hartnäckig hält sich das Gerücht, dass Eure Mutter [Root.Mother.GetFirstName] Euren angetrauten Partner [target_spouse.GetFirstName] hinter Eurem Rücken zu sündigen Taten verführt haben soll ...;;Corren rumores inquietantes y persistentes de que tu madre [Root.Mother.GetFirstName] se las ha arreglado para seducir a tu [target_spouse.GetHusbandWife] [target_spouse.GetFirstName]. Mantienen relaciones carnales a tus espaldas...;;;;;;;;;x
EVTDESC_CM_1401;You are getting tired of serving [Root.Liege.GetTitledFirstName], but [Root.Liege.GetSheHe] is very powerful. Perhaps it is time to seek foreign allies - the Franks to the north are growing ever more powerful and surely have no love for the [Root.Liege.GetOnlyDynastyName]s. You could promise them your fealty in exchange for assistance - you needn't keep your promise once they have helped you...;Servir [Root.Liege.Get_le_TitledFirstName] est une contrainte, mais c'est un puissant personnage. Il est peut-être temps de vous trouver des alliés à l'étranger... Les Francs au nord deviennent de plus en plus puissants et n'apprécient à l'évidence pas les [Root.Liege.GetOnlyDynastyName]. Vous pourriez leur jurer allégeance en échange de leur soutien. Vous n'aurez pas besoin d'honorer votre promesse une fois qu'ils vous auront aidé...;Ihr seid es leid, der Diener von [Root.Liege.GetTitledFirstName] zu sein, doch [Root.Liege.GetSheHe] ist äußerst mächtig. Vielleicht könnten Verbündete im Ausland die Lösung sein. Die Franken im Norden werden stetig mächtiger und sind auf die Familie [Root.Liege.GetOnlyDynastyName] nicht gut zu sprechen. Ihr könntet ihnen Gefolgschaft versprechen, als Gegenleistung für ihre Hilfe ... und ob Ihr Euer Versprechen letztlich halten werdet - das wird sich zeigen.;;Te estás hartando de servir a [Root.Liege.GetTitledFirstName], pero [Root.Liege.GetSheHe] tiene mucho poder. Quizá ha llegado el momento de buscar aliados extranjeros -los francos, al norte, se están volviendo cada vez más poderosos y muy probablemente no sientan mucho aprecio por los [Root.Liege.GetOnlyDynastyName]. Les podrías jurar lealtad a cambio de ayuda -promesa, claro, que no tienes por qué cumplir una vez hayas recibido la ayuda que necesitas...;;;;;;;;;x
EVTDESC_CM_1402;You have received a most unusual embassy from Spain. An emissary from [From.GetTitledNameWithNick] comes before you and speaks: 'My [From.GetLordLady] has come to request your assistance against the evil [From.Liege.GetTitledName]. [From.GetSheHeCap] asks for a pledge of your armed assistance in rebellion, and in return [From.GetSheHe] will swear fealty to you once the yoke of [From.Liege.GetOnlyDynastyName] oppression is off [From.GetHerHis] back.;Une missive très inattendue vous parvient d'Espagne. Un messager envoyé par [From.Get_only_le_Title][From.GetTitledNameWithNick] se présente à vous et vous parle en ces termes : « M[From.GetOnA] [From.GetLordLady], [From.GetTitledNameWithNick], vous demande votre aide contre l'infâme [From.Liege.GetTitledName]. [From.GetIlElleCap] vous demande la promesse d'une assistance armée pour sa révolte et, en retour, vous jurera fidélité lorsque le joug de l'oppression des [From.Liege.GetOnlyDynastyName] aura disparu. »;Eine höchst ungewöhnliche Botschaft aus Spanien ist eingetroffen. Ein Gesandter von [From.GetTitledNameWithNick] vermeldet:\n"[From.GetTitledName] ersucht um Eure Unterstützung gegen [From.Liege.GetTitledName]. [From.GetSheHeCap] erbittet Eure bewaffnete Unterstützung gegen den Aufstand und [From.GetSheHe] schwört Euch im Gegenzug Gefolgschaft, sobald [From.GetHerHis] Reich sich vom Joch von [From.Liege.GetOnlyDynastyName] befreit hat.";;Has recibido un inusual representante de España. Un emisario de [From.GetTitledNameWithNick] se ha presentado ante ti y ha dicho: 'Mi [From.GetLordLady] solicita su ayuda para hacer frente al malvado [From.Liege.GetTitledName]. [From.GetSheHe] le pide que prometa su asistencia armada en la rebelión, y a cambio [From.GetSheHe] le jurará lealtad una vez el yugo opresor de los [Root.Liege.GetOnlyDynastyName] haya desaparecido.';;;;;;;;;x
EVTDESC_CM_1403;Your emissaries have returned from Francia with bad news. [From.GetTitledName] has declined your request for assistance against your [Root.Liege.GetOnlyDynastyName] overlords.;Vos émissaires reviennent de Francie porteurs de mauvaises nouvelles. [From.Get_Le_TitledName] a refusé votre demande d'assistance pour combattre les seigneurs [Root.Liege.GetOnlyDynastyName].;Eure Gesandten kehren mit schlechten Nachrichten aus dem Land der Franken zurück. [From.GetTitledName] lehnt Euer Ersuchen um Unterstützung gegen [Root.Liege.GetOnlyDynastyName] ab.;;Tus emisarios han vuelto de Francia con buenas noticias. [From.GetTitledName] ha aceptado tu propuesta y ha prometido ampararte en tu sublevación contra tus gobernantes supremos [Root.Liege.GetOnlyDynastyName].;;;;;;;;;x
EVTDESC_CM_1404;Your emissaries have returned from Francia with good news. [From.GetTitledName] has accepted your offer and pledged to help you in your rebellion against your [Root.Liege.GetOnlyDynastyName] overlords.;Vos émissaires reviennent de Francie porteurs de bonnes nouvelles. [From.Get_Le_TitledName] a accepté de vous aider dans votre rébellion contre les seigneurs [Root.Liege.GetOnlyDynastyName].;[From.GetTitledName] akzeptiert Euer Angebot und gelobt, Euren Aufstand gegen Euren Lehnsherrn [Root.Liege.GetOnlyDynastyName] zu unterstützen.;;Tus emisarios han vuelto de Francia con buenas noticias. [From.GetTitledName] ha aceptado tu propuesta y ha prometido ampararte en tu sublevación contra tus gobernantes supremos [Root.Liege.GetOnlyDynastyName].;;;;;;;;;x
EVTDESC_CM_1405;The time is now! [Root.GetOnlyDynastyName] armies will sally forth to depose the [Root.Liege.GetOnlyDynastyName]s, and the might of the Franks will stand behind you!;C'est le moment ! Les armées de [Root.GetOnlyDynastyName] vont se mettre en route et détrôner les [Root.Liege.GetOnlyDynastyName]. La puissance des Francs est à vos côtés !;Die Zeit ist reif! Die Truppen von [Root.GetOnlyDynastyName] werden losschlagen und die [Root.Liege.GetOnlyDynastyName] stürzen. Die Macht der Franken wird mit Euch sein!;;¡Ha llegado el momento! ¡Los ejércitos de los [Root.GetOnlyDynastyName] saldrán para derrocar a los de los [Root.Liege.GetOnlyDynastyName], y el poder de los francos estará contigo!;;;;;;;;;x
EVTDESC_CM_1406;My [Root.GetLordLady], the news from Spain is that [From.GetTitledName] has risen in rebellion against the [target_liege.GetOnlyDynastyName]s. The time has come to honor our agreement and intervene with our armies to aid them.;M[Root.GetOnA][Root.GetLordLady], \n\nDes nouvelles en provenance d'Espagne nous apprennent que [From.Get_le_TitledName] se rebelle contre les [target_liege.GetOnlyDynastyName]. Le moment est venu d'honorer notre accord et de lui porter assistance en envoyant des troupes.;M[Root.Geteineine] [Root.GetLordLady], wie aus Spanien vermeldet wird, hat sich [From.GetTitledName] gegen die Dynastie [[target_liege.GetOnlyDynastyName] erhoben. Nun sollten wir gemäß unserer Vereinbarung Truppen zur Unterstützung entsenden.;;Mi [Root.GetLordLady], las noticias llegadas de España dicen que [From.GetTitledName] se ha alzado en rebelión contra los [target_liege.GetOnlyDynastyName]es. Ha llegado el momento de cumplir nuestro acuerdo e intervenir ayudándolos con nuestros ejércitos.;;;;;;;;;x
EVTDESC_CM_1408;My [Root.GetLordLady], we have finally gained our independence from the [Root.Liege.GetOnlyDynastyName]s. The Frankish ruler who aided us will expect that you honor your pledge and swear fealty. What is your command?;M[Root.GetOnA][Root.GetLordLady], nous sommes enfin indépendants des [Root.Liege.GetOnlyDynastyName]. Le souverain franc qui nous a porté assistance s'attend à ce que vous honoriez votre promesse en lui prêtant allégeance. Que souhaitez-vous faire ?;M[Root.Geteineine] [Root.GetLordLady], nun sind wir endlich von der Herrschaft der [Root.Liege.GetOnlyDynastyName]-Dynastie befreit. Der fränkische Herrscher, dessen Unterstützung wir erhielten, erwartet unseren Lehnseid. Wie lautet Euer Befehl?;;Mi [Root.GetLordLady], finalmente hemos logrado independizarnos de los [Root.Liege.GetOnlyDynastyName]. El gobernante de los francos nos ha ayudado y ahora espera que vos cumpla su promesa y le jure lealtad. ¿Cuáles son vuestras órdenes?;;;;;;;;;x
EVTDESC_CM_1409;My [Root.GetLordLady], the treacherous [From.GetTitledName] has gone back on [From.GetHerHis] word and refused to swear fealty to you, in spite of you so generously helping [From.GetHerHim] gain [From.GetHerHis] independence from the Umayyads!;M[Root.GetOnA][Root.GetLordLady],\n\n[From.Get_Le_TitledName] n'a pas respecté sa parole en refusant de vous jurer allégeance, et ce, malgré votre aide si généreuse pour l'aider à acquérir son indépendance des [Root.Liege.GetOnlyDynastyName] !;M[Root.Geteineine] [Root.GetLordLady], verräterisch, wie [From.GetTitledName] ist, hat [From.GetHerHis] Wort gebrochen und wird Euch nicht Gefolgschaft leisten. Und das, obwohl Ihr [From.Getihmihr] zu [From.GetHerHis]er Unabhängigkeit von der [Root.Liege.GetOnlyDynastyName]-Dynastie verholfen habt!;;¡Mi [Root.GetLordLady], el traidor de [From.GetTitledName] ha incumplido [From.GetHerHis] palabra y ha rechazado juraros lealtad a pesar de que vos [From.GetHerHim] hayáis respaldado tan generosamente para conseguir [From.GetHerHis] independencia de los [Root.Liege.GetOnlyDynastyName]!;;;;;;;;;x
EVTDESC_CM_1410;My [Root.GetLordLady], the treacherous [From.GetTitledName] has gone back on [From.GetHerHis] word and refused to aid you against the Umayyads!;M[Root.GetOnA][Root.GetLordLady],\n\n[From.GetTitledName] manque à sa parole et refuse de vous aider contre les Omeyyades !;Mein [Root.GetLordLady], [From.GetTitledName] hat [From.GetHerHis] Versprechen gebrochen und weigert sich, Euch gegen die Umayyaden zu unterstützen!;;Mi [Root.GetLordLady], ¡El traidor [From.GetTitledName] ha incumplido su palabra y se ha negado a ayudarnos contra los Omeyas!;;;;;;;;;x
EVTDESC_CM_1500;Having taken the reins of power without fear, defeated his enemies and ruled the Frankish realms successfully, [Root.GetFirstNameWithNick] was finally crowned emperor on [GetDateText]. He stood still as a statue and cold as ice before the throne as the crown of [Root.PrimaryTitle.GetName] was solemnly placed upon his head. True heir to his father Pepin, descendant of Karl the Hammer, leader of men and master of war, he was claiming his exalted place in history. He looked out across the gathered lords and priests, his eye fixed on something beyond this triumphant moment, something great, a new ambition...;Après avoir pris les rênes du pouvoir sans peur, vaincu ses ennemis et régné sur les royaumes francs, [Root.GetFirstNameWithNick] fut couronné empereur le [GetDateText]. Raide comme une statue, froid comme la glace, il se tenait devant le trône tandis que l'on déposait la couronne [Root.PrimaryTitle.Get_du_Realm] sur sa tête. Véritable fils de son père Pépin, descendant de Charles Martel, meneur d'homme et maître de la guerre, il revendiquait une place de choix dans les livres d'histoire. Il regardait les seigneurs et les prêtres réunis, les yeux fixés sur quelque chose de plus grand que ce moment de triomphe. Déjà, une nouvelle ambition...;Nachdem er furchtlos die Macht übernommen, den Feind besiegt und die fränkischen Lande unter seiner Herrschaft geeint hatte, wurde [Root.GetFirstNameWithNick] endlich am [GetDateText] zum Kaiser gekrönt. Bewegungslos wie ein Denkmal, die Züge so kalt wie Eis, so empfing er an diesem Tage feierlich die Krone von [Root.PrimaryTitle.GetName]. Als würdiger Nachfolger seines Vaters Pippin, als Nachkomme Karl Martells, der als Anführer und Meister der Kriegsführung bekannt war, folgte er seiner Bestimmung als Lichtgestalt der Geschichte. Weit ließ er den Blick schweifen, über die versammelten Fürsten und Geistlichen, sein Auge geheftet auf etwas, das jenseits dieses triumphalen Moments lag, etwas Großes, eine neue Herausforderung ...;;Habiendo tomado sin miedo las riendas del poder y habiendo derrotado a sus enemigos y al gobernante de los reinos francos, [Root.GetFirstNameWithNick] fue finalmente coronado emperador el [GetDateText]. Se quedó inmovilizado como una estatua y helado como el hielo ante el trono cuando la corona de [Root.PrimaryTitle.GetName] fue solemnemente colocada encima de su cabeza. Auténtico heredero de su padre Pipín, descendiente de Carlos Martel, líder de hombres y maestro de la guerra, estaba reclamando su elevado lugar en la historia. Su mirada se perdía más allá de los señores y curas asistentes, y se detuvo que trascendía el momento histórico, algo grande, una nueva ambición...;;;;;;;;;x

EVTOPTA_CM_1000;He will not succeed in his vile schemes!;Ses immondes projets n'aboutiront pas !;Seine niederträchtigen Ränke werden niemals erfolgreich sein!;;¡No podrá culminar sus pérfidos planes!;;;;;;;;;x
EVTOPTA_CM_1002;Still, he was my brother.;C'était quand même mon frère...;Und dennoch: Er war mein Bruder ...;;Aún así, él era mi hermano...;;;;;;;;;x
EVTOPTA_CM_1010;Yes, this will be a good marriage.;Oui, ce sera un bon mariage.;Ja, das wäre eine gute Heirat.;;Sí, esto será un matrimonio bueno;;;;;;;;;x
EVTOPTA_CM_1011;I knew this was a bad idea. I'll renounce her.;Je savais que c'était une mauvaise idée, je vais la répudier.;Es war eine schlechte Idee. Ich werde mich von ihr lossagen.;;Sabía que no era una buena idea. Renunciaré a ella.;;;;;;;;;x
EVTOPTA_CM_1021;I forgive you, Mother.;Je vous pardonne, mère.;Ich vergebe Euch, Mutter.;;Te perdono, Madre.;;;;;;;;;x
EVTOPTA_CM_1024;It is clear that she is not on my side.;De toute évidence, elle n'est pas de mon côté.;Sie ist also gegen statt für mich.;;Está claro que no está de mi parte.;;;;;;;;;x
EVTOPTA_CM_1027;I thank you for your support, Mother.;Je vous remercie pour votre soutien, mère.;Ich danke Euch für Eure Unterstützung, Mutter.;;Agradezco tu apoyo, Madre.;;;;;;;;;x
EVTOPTA_CM_1040;I will legitimize him!;Je le reconnaîtrai comme l'un des miens !;Ich werde ihn legitimieren!;;¡Le legitimaré!;;;;;;;;;x
EVTOPTA_CM_1050;Welcome, Roland!;Roland, sois le bienvenu !;Seid willkommen, Roland!;;¡Bienvenido, Rolando!;;;;;;;;;x
EVTOPTA_CM_1052;A good and stalwart friend.;Un bon ami sur lequel on peut compter.;Ein guter und treuer Freund.;;Un buen e incondicional amigo.;;;;;;;;;x
EVTOPTA_CM_1053;A model knight indeed.;Un chevalier modèle, assurément.;In der Tat ein vorbildlicher Ritter.;;En efecto, un caballero ejemplar.;;;;;;;;;x
EVTOPTA_CM_1055;Alas! He was my bravest knight!;Hélas ! C'était mon chevalier le plus brave !;Oh wehe! Der Tapferste unter den Rittern war er!;;¡Oh no! ¡Era mi caballero más valiente!;;;;;;;;;x
EVTOPTA_CM_1070;Welcome this bringer of good prophecies!;Bienvenue à ce porteur de bonnes prophéties !;Heißt diesen Boten günstiger Prophezeiungen willkommen!;;¡Da la bienvenida a este portador de buenas profecías!;;;;;;;;;x
EVTOPTA_CM_1076;You shall be welcome here.;Vous serez la bienvenue ici.;Seid willkommen.;;Usted será bienvenido aquí;;;;;;;;;x
EVTOPTA_CM_1077;This will not go unpunished.;Cela ne sera pas sans conséquence.;Das bleibt nicht ungesühnt.;;Esto no quedará impune.;;;;;;;;;x
EVTOPTA_CM_1078;Lock them up in houses of God.;Envoyez-les dans des couvents.;Schließt sie in Gotteshäusern ein.;;Enciérralos en centros religiosos.;;;;;;;;;x
EVTOPTA_CM_1080;To the convent with you.;Qu'elle aille au couvent.;Ins Kloster mit ihr.;;Al convento contigo.;;;;;;;;;x
EVTOPTA_CM_1100;Crush the heathens!;Mort aux païens !;Vernichtet die Heiden!;;¡Aplastar a los infieles!;;;;;;;;;x
EVTOPTA_CM_1101;Burn it!;Brûlez-le !;Zündet ihn an!;;¡Quemarlo!;;;;;;;;;x
EVTOPTA_CM_1102;Irminsul! We will have our revenge!;Irminsul ! Nous aurons notre vengeance !;Irminsul! Wir werden Rache nehmen!;;¡Irminsul! ¡Nos vengaremos!;;;;;;;;;x
EVTOPTA_CM_1104;Behead them all!;Décapitez-les tous !;Enthauptet sie alle!;;¡Decapitarlos a todos!;;;;;;;;;x
EVTOPTA_CM_1105;These indomitable Saxons!;Ces Saxons sont indomptables !;Diese aufsässigen Sachsen!;;¡Esos indomables sajones!;;;;;;;;;x
EVTOPTA_CM_1108;I will welcome him and baptize him.;Accueillons-le et baptisons-le.;Gern heiße ich ihn willkommen und werde ihn taufen.;;Le recibiré de buen grado y le bautizaré.;;;;;;;;;x
EVTOPTA_CM_1120;Yes, Mother. Go and sort this out.;Oui, mère, allez résoudre ce problème.;Ja, Mutter. Geht und kümmert Euch darum.;;Si Madre, puedes ir y resolver esto;;;;;;;;;x
EVTOPTA_CM_1121;Yes, let her in.;Oui, qu'elle entre.;Ja, lasst sie herein.;;Sí, deja la entrar;;;;;;;;;x
EVTOPTA_CM_1122;Ah, wine... good!;Ah, du vin... Fort bien !;Ah, Wein ... gut!;;¡Ah, vino... Que bien!;;;;;;;;;x
EVTOPTA_CM_1123;Something is wrong...;Quelque chose ne va pas...;Irgendetwas stimmt nicht ...;;Algo no va bien...;;;;;;;;;x
EVTOPTA_CM_1132;This is unfortunate...;C'est bien malheureux...;Das ist ungünstig ...;;Eso es inoportuno...;;;;;;;;;x
EVTOPTA_CM_1160;Mother is right.;Mère a raison.;Mutter hat recht.;;La madre tiene razón;;;;;;;;;x
EVTOPTA_CM_1172;You are right, Mother. The [target_councillor.GetJobTitle] has to go.;Vous avez raison, mère. Nous lui dirons de partir.;Ihr habt recht, Mutter. Der [target_councillor.GetJobTitle] muss gehen.;;Estás en lo cierto, madre. [target_councillor.GetJobTitle] debe irse.;;;;;;;;;x
EVTOPTA_CM_1182;I am sure she knows best.;J'ai confiance en son jugement.;Sicher weiß sie, was am besten ist.;;Seguro que ella sabe qué es lo más conveniente.;;;;;;;;;x
EVTOPTA_CM_1192;I am sure it is nothing.;Sûrement un malentendu.;Das sind sicher bloß Gerüchte.;;Seguro que no es nada.;;;;;;;;;x
EVTOPTA_CM_1401;I will send a messenger.;J'enverrai un messager.;Ich werde einen Boten senden.;;Enviaré un mensajero.;;;;;;;;;x
EVTOPTA_CM_1402;Very well, we shall sign an agreement to that effect.;Fort bien, nous signerons un traité en ce sens.;Nun gut, dann werden wir einen Vertrag dahingehend aufsetzen.;;Muy bien, vamos a firmar un acuerdo a ese efecto.;;;;;;;;;x
EVTOPTA_CM_1403;This crushes my hopes.;J'avais tant d'espoir...;Das ist niederschmetternd.;;Esto echa por tierra todas mis esperanzas.;;;;;;;;;x
EVTOPTA_CM_1404;Time to prepare for war, then...;Il est temps de se préparer à la guerre...;Dann werden wir nun zum Krieg rüsten ...;;Debemos prepararnos para la guerra, entonces...;;;;;;;;;x
EVTOPTA_CM_1405;Make them suffer!;Qu'ils souffrent !;Sie sollen leiden!;;¡Hagámosles sufrir!;;;;;;;;;x
EVTOPTA_CM_1406;Raise the banners and ride forth!;Sonnez trompettes, en avant !;Vorwärts! Mit wehenden Bannern!;;¡Alzad el estandarte y avanzad!;;;;;;;;;x
EVTOPTA_CM_1408;My word is sacred and I shall honor it.;Je n'ai qu'une parole, qu'il en soit ainsi.;Mein Versprechen ist heilig und daher werde ich Wort halten.;;Yo cumplo mi palabra.;;;;;;;;;x
EVTOPTA_CM_1409;Those treacherous [From.Culture.GetName]s!;Trahison [From.Culture.GetName] !;Typisch [From.Culture.GetName]!;;¡Estos [From.Culture.GetName]es traicioneros!;;;;;;;;;x

EVTOPTB_CM_1010;No Lombards in my bed!;Je ne veux pas d'une Lombarde dans mon lit !;Jemand aus der Lombardei kommt mir nicht ins Bett!;;¡No lombardos en mi cama!;;;;;;;;;x
EVTOPTB_CM_1011;She is their Queen now. They must learn to accept it.;Elle est leur reine, ils devront s'y faire.;Sie ist die Königin. Damit müssen sie zurechtkommen.;;;;;;;;;;;x
EVTOPTB_CM_1021;Begone, witch!;Hors de ma vue, sorcière !;Hinfort mit Euch, Hexe.;;¡Fuera de aquí, bruja!;;;;;;;;;x
EVTOPTB_CM_1040;I think not.;Non, vraiment pas.;Ich glaube nicht.;;Pienso que no;;;;;;;;;x
EVTOPTB_CM_1050;I don't need a new knight.;Je n'ai pas besoin d'un nouveau chevalier.;Ich brauche nicht noch einen Ritter.;;No necesito más caballeros.;;;;;;;;;x
EVTOPTB_CM_1070;We don't need his kind here.;Nous n'avons pas besoin de personnes de son genre ici.;Solche Leute brauchen wir hier nicht.;;Aquí no necesitamos a gente de ese tipo. ;;;;;;;;;x
EVTOPTB_CM_1076;I am sorry, this does not concern me.;Navré, cela ne me concerne pas.;Tut mir leid, das ist nicht mein Problem.;;Lo siento, esto no me importa;;;;;;;;;x
EVTOPTB_CM_1078;They must die, there is no other way.;Qu'ils meurent.;Sie müssen sterben. Es gibt keine Alternative.;;Deben morir, no hay otra solución;;;;;;;;;x
EVTOPTB_CM_1080;Snake-spawn must be killed ere they bite.;Cette famille est irrécupérable, tuez-les.;Schlangengezücht muss man töten, bevor es zubeißt.;;Las serpientes ponedoras deben matarse antes de que muerdan.;;;;;;;;;x
EVTOPTB_CM_1100;Leave them alone for now.;Laissez-les tranquilles pour le moment.;Lasst sie fürs Erste in Ruhe.;;Ahora, dejales en paz;;;;;;;;;x
EVTOPTB_CM_1101;Keep it and build a grand Christian church on the site.;Conservez-le et construisez une grande église chrétienne sur ce site.;Lasst ihn stehen und errichtet eine prächtige Kirche an dieser Stätte.;;Mantenerlo y construir una magnífica iglesia cristiana junto a él.;;;;;;;;;x
EVTOPTB_CM_1102;A foul sacrilege!;Un immonde sacrilège !;Ein abscheulicher Frevel!;;¡Un sacrilegio repugnante!;;;;;;;;;x
EVTOPTB_CM_1104;I shall be merciful even to these heathens.;Je ferai preuve de miséricorde, même envers les païens.;Ich werde gnädig sein, selbst gegenüber Heiden.;;Seré misericordioso hasta con estos paganos.;;;;;;;;;x
EVTOPTB_CM_1108;Let's invite him here and then kill him.;Laissons-le venir ici et tuons-le.;Wir werden ihn einladen und hier ermorden.;;Vamos a invitarle y, una vez aquí, le mataremos.;;;;;;;;;x
EVTOPTB_CM_1120;There is no point.;C'est inutile.;Das wäre sinnlos.;;No hay ninguna razón.;;;;;;;;;x
EVTOPTB_CM_1121;I have nothing to say to that woman.;Je n'ai rien à dire à cette femme.;Ich habe dieser Frau nichts zu sagen.;;No tengo nada que decir a esa mujer;;;;;;;;;x
EVTOPTB_CM_1122;I don't trust you, mother. Please leave.;Je ne vous fais pas confiance, mère. Partez.;Mutter, ich kann Euch nicht vertrauen. Bitte geht.;;No confío en ti, madre. Por favor váyase;;;;;;;;;x
EVTOPTB_CM_1160;Quiet, Mother. You are out of line.;Silence, mère. Vous dépassez les limites.;Seid still, Mutter. Ihr nehmt Euch zu viel heraus.;;Callate, madre. Estás fuera de tema;;;;;;;;;x
EVTOPTB_CM_1172;I will not get rid of [target_councillor.GetTitledFirstName].;Nous ne renverrons pas [target_councillor.Get_le_TitledFirstName].;Ich werde [target_councillor.GetTitledFirstName] nicht hinauswerfen.;;No voy a deshacerme de [target_councillor.GetTitledFirstName].;;;;;;;;;x
EVTOPTB_CM_1181;I don't think so!;Je ne pense pas !;Das glaube ich kaum!;;¡No opino lo mismo!;;;;;;;;;x
EVTOPTB_CM_1182;Hmm... who really rules this [Root.PrimaryTitle.GetTier]?;Hum... Qui dirige vraiment ce [Root.PrimaryTitle.GetTier] ?;Hmm ... wer herrscht eigentlich hier im [Root.PrimaryTitle.GetTier]?;;Mmm... ¿quien gobierna en realidad, este [Root.PrimaryTitle.GetTier]?;;;;;;;;;x
EVTOPTB_CM_1192;Alas, I must send [target_spouse.GetFirstName] away.;Hélas, je dois renvoyer [target_spouse.GetFirstName].;Tja, dann werde ich [target_spouse.GetFirstName] wohl verbannen müssen.;;Vaya, debo echar a [target_spouse.GetFirstName].;;;;;;;;;x
EVTOPTB_CM_1401;No, it's not worth the risk.;Non, le jeu n'en vaut pas la chandelle.;Nein, es wäre zu riskant.;;No, no compensa el riesgo que supone.;;;;;;;;;x
EVTOPTB_CM_1402;I'm sorry, Spanish politics do not interest me.;Navré, la politique hispanique ne m'intéresse pas.;Mit Verlaub, aber die spanische Politik interessiert mich nicht.;;Disculpe, la política española no me interesa.;;;;;;;;;x
EVTOPTB_CM_1406;I have reconsidered. We'll leave them to their fate.;J'ai changé d'avis. Ils feront sans nous.;Ich habe es mir anders überlegt. Überlasst sie ihrem Schicksal.;;He recapacitado. Les abandonaremos a su suerte.;;;;;;;;;x
EVTOPTB_CM_1408;[Root.Religion.GetRandomEvilGodName] take the Franks!;Au diable les Francs !;[Root.Religion.GetRandomEvilGodName] soll die Franken holen!;;¡Los [Root.Religion.GetRandomEvilGodName] toman a los francos!;;;;;;;;;x
EVTOPTB_CM_1409;Such treachery!;Sale traître !;Ein abscheulicher Verrat!;;¡Menuda traición!;;;;;;;;;x

EVTOPTC_CM_1101;Leave this devil-tree well alone.;Laissez cet arbre démoniaque tranquille.;Haltet Euch fern von diesem Teufelswerk.;;Dejar bien solo a este árbol del demonio.;;;;;;;;;x
EVTOPTC_CM_1102;Gloria in excelsis Deo!;Gloria in excelsis Deo !;Gloria in excelsis Deo!;;¡Gloria in excelsis Deo!;;;;;;;;;x
EVTOPTC_CM_1108;I shall not even dignify such a proposal with an answer.;Je ne m'abaisserai même pas à lui répondre.;Ich werde diesem Vorschlag nicht durch eine Antwort Gewicht verleihen.;;No voy ni a dignificar una propuesta como esta con una respuesta.;;;;;;;;;x
EVTOPTC_CM_1160;I've had enough. It's the convent for you!;J'en ai assez. Je vous envoie au couvent !;Genug davon. Ins Kloster mit Euch!;;Ya he tenido suficiente. ¡Esto significa el convento para ti!       ;;;;;;;;;x
EVTOPTC_CM_1172;Enough of your meddling. It's the convent for you!;Vos insinuations m'incommodent. Vous irez au couvent !;Es reicht mir mit Eurer Einmischung. Ins Kloster mit Euch!;;Basta ya de interferencias. ¡Esto significa el convento para ti!;;;;;;;;;x
EVTOPTC_CM_1192;That's it. Mother must be sent to a convent.;J'en ai assez. Mère ira au couvent.;Es reicht! Mutter wird in ein Kloster gehen.;;Decidido. Madre será enviada a un convento.;;;;;;;;;x
EVTOPTD_CM_1192;They must both be punished.;Ils seront punis tous les deux.;Beide müssen bestraft werden.;;Ambos deben ser castigados.;;;;;;;;;x
EVTOPTE_CM_1192;It pains me, but the dungeon is the only option.;Malheureusement, le cachot est le seul choix possible.;Auch wenn es mich grämt: Es bleibt nur der Kerker.;;Lo siento mucho, pero el calabozo es la única opción.;;;;;;;;;x

EVTTITLE_CM_1000;A realm divided;Un royaume divisé;Reichsteilung;;Un reino dividido;;;;;;;;;x
EVTTITLE_CM_1002;The death of Charlemagne;La mort de Charlemagne;Der Tod Karls des Großen;;La muerte de Carlomagno;;;;;;;;;x
EVTTITLE_CM_1003;The death of [From.GetFirstName];La mort de [From.GetFirstName];Der Tod von [From.GetFirstName];;El muerte de[From.GetFirstName];;;;;;;;;x
EVTTITLE_CM_1010;The Lombard Princess;La princesse lombarde;Die lombardische Prinzessin;;La Princesa Lombarda;;;;;;;;;x
EVTTITLE_CM_1011;The Lombard Queen;La reine lombarde;Die lombardische Königin;;La Reina Lombarda;;;;;;;;;x
EVTTITLE_CM_1021;Reconciliation?;Réconciliation ?;Aussöhnung?;;¿Reconciliación?;;;;;;;;;x
EVTTITLE_CM_1027;Bertrada;Bertrada;Bertrada;;Bertrada;;;;;;;;;x
EVTTITLE_CM_1050;Roland;Roland;Roland;;Rolando;;;;;;;;;x
EVTTITLE_CM_1053;Roland the Brave;Roland le Courageux;Roland der Tapfere;;Rolando el Valiente;;;;;;;;;x
EVTTITLE_CM_1055;The Death of Roland;La mort de Roland;Rolands Tod;;La Muerte de Rolando;;;;;;;;;x
EVTTITLE_CM_1070;Ogier the Dane;Ogier de Danemarche;Holger Danske;;Ogier el Danés;;;;;;;;;x
EVTTITLE_CM_1100;The Saxon Wars;Les guerres contre les Saxons;Die Sachsenkriege;;Las Guerras Sajonas;;;;;;;;;x
EVTTITLE_CM_1101;Irminsul;Irminsul;Irminsul;;Irminsul;;;;;;;;;x
EVTTITLE_CM_1102;Irminsul destroyed;Irminsul détruit;Irminsul zerstört;;Irminsul destruido;;;;;;;;;x
EVTTITLE_CM_1104;The Blood Court of Saxony;Le sang des nobles saxons;Das Blutgericht von Verden;;Tribunal de Sangre de Sajonia;;;;;;;;;x
EVTTITLE_CM_1105;Widukind;Widukind;Widukind;;Viduquindo;;;;;;;;;x
EVTTITLE_CM_1108;Baptism of Widukind;Le baptême de Widukind;Widukinds Taufe;;Bautizo de Viduquindo;;;;;;;;;x
EVTTITLE_CM_1120;My brother's keeper;La gardienne de mon frère;Die Hüterin meines Bruders;;La guardiana de mi hermano;;;;;;;;;x
EVTTITLE_CM_1122;Mother and son;Mère et fils;Mutter und Sohn;;Madre y hijo;;;;;;;;;x
EVTTITLE_CM_1402;The Rebellious [From.PrimaryTitle.GetRulerTitle];L'insoumis [From.PrimaryTitle.GetRulerTitle];Der rebellische [From.PrimaryTitle.GetRulerTitle];;El revoltoso [From.PrimaryTitle.GetRulerTitle];;;;;;;;;x
EVTTITLE_CM_1500;The Coronation of Charlemagne;Le couronnement de Charlemagne;Die Krönung Karls des Großen;;La Coronación de Carlomagno;;;;;;;;;x
