EVTDESC_WOL_2002;Life in the shadows is a risky affair - eavesdroppers can be discovered, plots can backfire, and vengeful victims come after you dagger in hand! I am not proud of what I do, but it is for the greater good.;La vie dans l'ombre est pleine de risques : les espions peuvent être découverts, les complots peuvent se retourner contre le conspirateur, et les victimes vengeresses vous poursuivent dague à la main ! Je n'éprouve aucune fierté dans mes actions, mais elles sont pour le bien de tous.;Das Leben im Zwielicht der Schatten ist riskant. Lauscher sind eine Gefahr, Verschwörungen können nach hinten losgehen und rachsüchtige Opfer können einem nachstellen, den Dolch in der Hand! Ich bin nicht stolz auf meine Taten, doch meine Ziele sind edel.;;Vida en las sombras es un asunto peligroso -se pueden encontrar fisgones, los complots se pueden volver en nuestra contra y las víctimas vengativas pueden perseguirnos daga en mano! No me enorgullezco de lo que hago, pero es por el bien mayor.;;;;;;;;;x
EVTDESC_WOL_2003;Even the mightiest army can be defeated by a single [Root.GetManWoman]. Cut off the head and the body falls. I am [Root.GetFirstName] - [Root.GetMasterMistress] of Shadows.;Même l'armée la plus puissante peut être défaite par une seule personne. Coupez la tête, et le corps tombe. Je suis [Root.GetFirstName], [Root.GetMasterMistress] des ombres.;Selbst die mächtigste Armee kann durch einen einzelnen Menschen besiegt werden. Wenn man den Kopf abschlägt, ist der Körper wehrlos. Ich bin [Root.GetFirstName] – [Root.GetMasterMistress] der Schatten.;;Incluso el ejército más poderoso puede ser derrotado por un[Root.GetOA] simple [Root.GetManWoman]. Cortar la cabeza y el cuerpo cae. Soy [Root.GetFirstName], [Root.GetMasterMistress] de las sombras.;;;;;;;;;x
EVTDESC_WOL_2050;I - and my trusted snoops and sneaks - will keep a very close eye on the activities of [From.GetTitledName]... a close eye indeed.;Mes espions de confiance et moi-même garderons un oeil sur les activités [From.Get_du_TitledName]... et un oeil attentif cela sera.;Ich und meine getreuen Schnüffler und Schleicher werden die Aktivitäten von [From.GetTitledName] genau beobachten... wirklich ganz genau.;;Yo – y mis fisgones y soplones de confianza- seguiremos de cerca las actividades de [From.GetTitledName]. .. muy de cerca.;;;;;;;;;x
EVTDESC_WOL_2061;There is no point spying on [target_spy_on.GetTitledFirstName] anymore, considering [target_spy_on.GetSubjectPronoun] is dead!;Il est inutile d'espionner [target_spy_on.Get_le_TitledFirstName], étant donné qu'[target_spy_on.GetIlElle] n'est plus !;Es macht keinen Sinn, [target_spy_on.GetTitledFirstName] auszuspionieren, wenn man bedenkt, dass [target_spy_on.GetSubjectPronoun] tot ist!;;No tiene sentido seguir espiando a [target_spy_on.GetTitledFirstName], teniendo en cuenta que ha muerto!;;;;;;;;;x
EVTDESC_WOL_2062;[target_spy_on.GetTitledFirstName] has ended up in prison, so there's no point spying on [target_spy_on.GetObjectPronoun] anymore.;[target_spy_on.Get_Le_TitledFirstName] a fini en prison, ce qui signifie qu'il est inutile de l'espionner à présent.;[target_spy_on.GetTitledFirstName] ist im Gefängnis gelandet, daher gibt es keinen Grund mehr, [target_spy_on.GetObjectPronoun] auszuspionieren.;;[target_spy_on.GetTitledFirstName] terminó en la cárcel, así que seguir espiándo[target_spy_on.GetObjectPronoun] ya no tiene sentido.;;;;;;;;;x
EVTDESC_WOL_2063;[target_spy_on.GetTitledFirstName], the target of my current spy efforts, has tragically fallen comatose, making the endeavour pointless.;[target_spy_on.Get_Le_TitledFirstName], la cible de mes efforts d'espionnage, est maintenant dans le coma, ce qui rend toute l'entreprise inutile.;[target_spy_on.GetTitledFirstName], das Objekt meiner Spionagetätigkeiten, ist tragischerweise ins Koma gefallen, daher machen meine Bemühungen keinen Sinn mehr.;;[target_spy_on.GetTitledFirstName], objetivo de mis esfuerzos actuales de espionaje, ha caído trágicamente en coma, haciendo inútil el esfuerzo.;;;;;;;;;x
EVTDESC_WOL_2064;[target_spy_on.GetTitledFirstName] is no longer present in the realm, so there is no further point to my spying.;[target_spy_on.Get_Le_TitledFirstName] ne fait plus partie du pays, ce qui signifie que mes efforts d'espionnage sont désormais inutiles.;[target_spy_on.GetTitledFirstName] hat das Reich verlassen, daher macht es keinen Sinn mehr, weiter zu spionieren.;;[target_spy_on.GetTitledFirstName] ya no está presente en el Reino, así que no tiene sentido seguir espiado.;;;;;;;;;x
EVTDESC_WOL_2065;I am not having much luck spying on [target_spy_on.GetTitledFirstName]. Perhaps I should focus my efforts elsewhere?;Espionner [target_spy_on.Get_le_TitledFirstName] ne donne pas grand-chose. Peut-être devrais-je trouver une autre cible ?;Das Ausspionieren von [target_spy_on.GetTitledFirstName] hat nicht viel gebracht. Vielleicht sollte ich meine Anstrengungen auf ein anderes Ziel richten?;;No estoy teniendo mucha suerte espiando a [target_spy_on.GetTitledFirstName]. Quizás debo poner mis esfuerzos en otro lado?;;;;;;;;;x
EVTDESC_WOL_2071;My spying on [target_spy_on.GetTitledName] has revealed [target_spy_on.GetPossPronoun] complicity in a shadowy plot to [uncovered_plotter.GetPlot]!;Mon espionnage [target_spy_on.Get_du_TitledName] a révélé sa complicité dans un complot vicieux visant à [uncovered_plotter.GetPlot] !;Meine Spione, die ich auf [target_spy_on.GetTitledName] angesetzt hatte, haben die Verwicklung dieser Person in diese dunkle Verschwörung festgestellt: [uncovered_plotter.GetPlot]!;;Mi espionaje sobre [target_spy_on.GetTitledName] ha revelado que [target_spy_on.GetTitledName] es cómplice en un oscuro complot para [uncovered_plotter.GetPlot]. ;;;;;;;;;x
EVTDESC_WOL_2080;My snoops overheard [target_spy_on.GetTitledName] as [target_spy_on.GetSubjectPronoun] told shocking lies about [target_spy_on.GetPossPronoun] rightful liege! How should I use this information?;Mes espions ont entendu [target_spy_on.Get_le_TitledName] alors qu'[target_spy_on.GetIlElle] racontait des mensonges révoltants à propos de s[target_spy_on.Liege.GetOnA] [target_spy_on.Liege.GetLordLady] lige légitime ! Comment pourrais-je me servir de cette information ?;Meine Schnüffler haben [target_spy_on.GetTitledName] belauscht, als [target_spy_on.GetSubjectPronoun] schockierende Lügen erzählte über [target_spy_on.GetPossPronoun]en rechtmäßigen Lehnsherren! Was soll ich mit dieser Information anfangen?;;¡Mis fisgones escucharon a [target_spy_on.GetTitledName] como [target_spy_on.GetSubjectPronoun] contar mentiras impactantes sobre el legítimo señor de [target_spy_on.GetPossPronoun]! ¿Cómo debo usar esta información?;;;;;;;;;x
EVTDESC_WOL_2080_BASTARD;I have unearthed authentic love letters proving that [target_spy_on.GetTitledName] is actually a bastard! [target_spy_on.GetPossPronounCap] mother, [target_spy_on.Mother.GetTitledFirstName] had a torrid love affair with [target_spy_on.RealFather.GetTitledName]. How should I use this shocking information?;J'ai découvert plusieurs lettres d'amour authentiques prouvant que [target_spy_on.Get_le_TitledName] est en réalité illégitime ! Sa mère, [target_spy_on.Mother.Get_le_TitledFirstName], avait une liaison torride avec [target_spy_on.RealFather.Get_le_TitledName]. Comment pourrais-je me servir de cette information si choquante ?;Ich habe originale Liebesbriefe zu Tage gefördert, die beweisen, dass [target_spy_on.GetTitledName] in Wahrheit ein Bastard ist! [target_spy_on.GetPossPronounCap] Mutter, [target_spy_on.Mother.GetTitledFirstName], hatte eine heiße Liebesaffäre mit [target_spy_on.RealFather.GetTitledName]. Was soll ich mit dieser schockierenden Information anfangen?;;¡He descubierto auténticas cartas de amor que prueban que [target_spy_on.GetTitledName] es en realidad bastard[target_spy_on.GetOA]! Su madre, [target_spy_on.Mother.GetTitledFirstName], tuvo un tórrido romance con [target_spy_on.RealFather.GetTitledName]. ¿Cómo debería usar esta espantosa información?;;;;;;;;;x
EVTDESC_WOL_2080_DEVIANT;My eyes and ears have discovered the bizarre and repulsive truth about [target_spy_on.GetTitledName]'s sexual preferences. How should I use this juicy information?;Mes yeux et oreilles ont découvert la vérité aussi répugnante que bizarre à propos des penchants sexuels [target_spy_on.Get_du_TitledName]. Comment pourrais-je me servir de cette information si juteuse ?;Meine Augen und Ohren haben die bizarre und abstoßende Wahrheit über die sexuellen Vorlieben von [target_spy_on.GetTitledName] herausgefunden. Was soll ich mit dieser pikanten Information anfangen?;;Mis ojos y oídos han descubierto la extraña y repulsiva verdad sobre las preferencias sexuales de [target_spy_on.GetTitledName]. ¿Cómo debo usar esta jugosa información?;;;;;;;;;x
EVTDESC_WOL_2080_HERETIC;Thanks to my loyal spies, I have found out that [target_spy_on.GetTitledName] is attempting to promote [target_spy_on.GetPossPronoun] vile heresies. How should I use this information?;Grâce à mes fidèles espions, j'ai découvert que [target_spy_on.Get_le_TitledName] tente actuellement de promouvoir ses viles hérésies. Comment pourrais-je me servir de cette information ?;Dank meiner treuen Spione habe ich herausgefunden, dass [target_spy_on.GetTitledName] versucht, widerwärtige Irrlehren zu verbreiten. Was soll ich mit dieser Information anfangen?;;Gracias a mis leales espías, he descubierto que [target_spy_on.GetTitledName] está intentando promover sus viles herejías. ¿Cómo debo usar esta información?;;;;;;;;;x
EVTDESC_WOL_2080_INFIDEL;My trusted informants tell me that [target_spy_on.GetTitledName] is preaching [target_spy_on.GetPossPronoun] false religion in [target_spy_on.Capital.GetName]. How should I use this information?;Mes loyaux informateurs me rapportent que [target_spy_on.Get_le_TitledName] prêche sa fausse religion à [target_spy_on.Capital.Capital.GetName]. Comment pourrais-je me servir de cette information ?;Meine getreuen Informanten haben mir mitgeteilt, dass [target_spy_on.GetTitledName] eine falsche Religion in [target_spy_on.Capital.Capital.GetName] durch Predigten verbreitet. Was soll ich mit dieser Information anfangen?;;Mis informantes de confianza me dicen que [target_spy_on.GetTitledName] está predicando su religión falsa en [target_spy_on.Capital.Capital.GetName]. ¿Cómo debo usar esta información?;;;;;;;;;x
EVTDESC_WOL_2080_TRAITOR;Though of somewhat dubious provenance, I have received information that [target_spy_on.GetTitledName] is plotting treason against [target_spy_on.GetPossPronoun] rightful liege! How should I use this explosive information?;J'ai reçu des informations qui, malgré le fait qu'elles proviennent de sources douteuses, affirment que [target_spy_on.Get_le_TitledName] est en train de monter un complot pour trahir s[target_spy_on.Liege.GetOnA] [target_spy_on.Liege.GetLordLady] lige légitime ! Comment pourrais-je me servir de cette information fracassante ?;Ich habe Informationen erhalten, die besagen, dass [target_spy_on.GetTitledName] plant, Hochverrat an [target_spy_on.GetPossPronoun]em rechtmäßigen Lehnsherrn zu begehen! Allerdings ist die Informationsquelle etwas zweifelhaft. Was soll ich mit dieser explosiven Information anfangen?;;Aunque de procedencia algo dudosa, he recibido información de que [target_spy_on.GetTitledName] está tramando traición contra su señor legítimo. ¿Cómo debo usar esta explosiva información?;;;;;;;;;x
EVTDESC_WOL_2081;[From.GetTitledName] claims to have proof that I have slandered [From.GetObjectPronoun] - just cause for arrest and imprisonment!;[From.Get_Le_TitledName] prétend détenir des informations prouvant mes tentatives de diffamation envers sa personne... ce qui justifie une arrestation aux yeux de la loi !;[From.GetTitledName] behauptet, es gebe Beweise dafür, dass ich schlecht über [From.GetObjectPronoun] geredet hätte – ein triftiger Grund für meine Festnahme und Verurteilung!;;[From.GetTitledName] dice tener pruebas que he calumniado a [From.GetObjectPronoun] ¡un motivo justo para arrestarme y encarcelarme!;;;;;;;;;x
EVTDESC_WOL_2081_BASTARD;[From.GetTitledName] claims to have discovered proof that my real father is in fact [Root.RealFather.GetTitledName], making me a bastard! I could be arrested, or even have my titles revoked over this!;[From.Get_Le_TitledName] prétend détenir des informations prouvant que mon vrai père est en réalité [Root.RealFather.Get_le_TitledName], ce qui ferait de moi un enfant illégitime ! Je risque une arrestation, et je pourrais même perdre mes titres de noblesse !;[From.GetTitledName] behauptet, dass Beweise vorlägen, dass [Root.RealFather.GetTitledName] in Wirklichkeit mein Vater sei, was mich zu einem Bastard machen würde! Ich könnte deswegen festgenommen oder meine Titel könnten mir entzogen werden!;;¡[From.GetTitledName] afirma haber descubierto pruebas de que mi verdadero padre es en realidad [Root.RealFather.GetTitledName], lo que me convierte en bastard[Root.GetOA]! ¡Esto podría hacer que me arrestaran o incluso despojarme de mis títulos!;;;;;;;;;x
EVTDESC_WOL_2081_DEVIANT;[From.GetTitledName] claims to have unearthed shocking evidence of my criminal deviancy and low morals. I could be arrested over this slander.;[From.Get_Le_TitledName] prétend avoir découvert des preuves irréfutables de mes actions criminelles et de mon manque d'éthique. Je risque une arrestation à cause de cette diffamation.;[From.GetTitledName] behauptet, schockierende Beweise für meine schändliche Andersartigkeit und meine geringen Moralvorstellungen zu Tage gefördert zu haben. Dieser Rufmord könnte zu meiner Verhaftung führen.;;[From.GetTitledName] afirma que haber descubierto pruebas impactantes de mi perversión criminal y escasa moral. ¡Esta calumnia podría hacer que me detuvieran!;;;;;;;;;x
EVTDESC_WOL_2081_HERETIC;[From.GetTitledName] is claiming that I am promoting heresy! I could be arrested over this.;[From.Get_Le_TitledName] prétend que je me livre à la promotion de croyances hérétiques ! Je risque une arrestation à cause de ce scandale.;[From.GetTitledName] behauptet, ich würde Irrlehren Vorschub leisten! Dies könnte zu meiner Verhaftung führen.;;¡[From.GetTitledName] afirma que promuevo la herejía! Podría ser detenido por esto.;;;;;;;;;x
EVTDESC_WOL_2081_INFIDEL;[From.GetTitledName] is claiming that I am attempting to spread my [Root.Religion.GetGroupName] faith! I could be arrested over this.;[From.Get_Le_TitledName] prétend que j'essaie de répandre ma foi [Root.GetReligiousGroupFem] ! Je risque une arrestation à cause de ce scandale.;[From.GetTitledName] behauptet, dass ich versuchen würde, [Root.Religion.GetGroupName] zu verbreiten! Dies könnte zu meiner Verhaftung führen.;;¡[From.GetTitledName] afirma que intento extender mi fe [Root.Religion.GetGroupName]! Podría ser detenido por esto.;;;;;;;;;x
EVTDESC_WOL_2081_TRAITOR;[From.GetTitledName] is publicly denouncing me as a traitor, claiming to have witnesses that can testify against me. I could be arrested, or even have my titles revoked over this!;[From.Get_Le_TitledName] me dénonce publiquement comme un traître, et prétend avoir des témoins prêts à témoigner contre moi. Je risque une arrestation, et je pourrais même perdre mes titres de noblesse !;[From.GetTitledName] prangert mich öffentlich als Verräter an und behauptet, es gebe Zeugen, die gegen mich aussagen würden. Ich könnte festgenommen werden oder man könnte mir deswegen sogar meine Titel entziehen!;;[From.GetTitledName] me está denunciando públicamente como traidor, alegando tener testigos que pueden declarar contra mí. ¡Esto podría hacer que me arrestaran o incluso despojarme de mis títulos!;;;;;;;;;x
EVTDESC_WOL_2082;[From.GetTitledName] has provided me with proof that [target_spy_on.GetTitledName] has been viciously slandering me! How should I use this information?;[From.Get_Le_TitledName] a fourni des informations prouvant que [target_spy_on.Get_le_TitledName] a répandu des rumeurs diffamatoires sur ma personne ! Comment puis-je utiliser de telles informations ?;[From.GetTitledName] hat mir Beweise zukommen lassen, dass [target_spy_on.GetTitledName] mich übel verleumdet hat! Was soll ich mit dieser Information anfangen?;;¡[From.GetTitledName] me ha proporcionado pruebas de que [target_spy_on.GetTitledName] me está caluminiando vilmente! ¿Cómo usar esta información?;;;;;;;;;x
EVTDESC_WOL_2082_BASTARD;[From.GetTitledName] has unearthed authentic love letters proving that [target_spy_on.GetTitledName] is actually a bastard! [target_spy_on.GetPossPronounCap] mother, [target_spy_on.Mother.GetTitledFirstName] had a torrid love affair with [target_spy_on.RealFather.GetTitledName]. How should I use this shocking information?;[From.Get_Le_TitledName] a découvert plusieurs lettres d'amour authentiques prouvant que [target_spy_on.Get_le_TitledName] est en réalité illégitime ! Sa mère, [target_spy_on.Mother.Get_le_TitledFirstName] avait une liaison torride avec [target_spy_on.RealFather.Get_le_TitledName]. Comment puis-je utiliser de telles informations si choquantes ?;[From.GetTitledName] hat originale Liebesbriefe zu Tage gefördert, die beweisen, dass [target_spy_on.GetTitledName] in Wirklichkeit ein Bastard ist! Die Mutter, [target_spy_on.Mother.GetTitledFirstName], hatte eine heiße Liebesaffäre mit [target_spy_on.RealFather.GetTitledName]. Was soll ich mit dieser schockierenden Information anfangen?;;[From.GetTitledName] ha descubierto auténticas cartas de amor demostrando que [target_spy_on.GetTitledName] es en realidad bastard[target_spy_on.GetOA]! La madre de [target_spy_on.GetPossPronounCap] tuvo un tórrido romance con [target_spy_on.RealFather.GetTitledName]. ¿Cómo debo usar esta espantosa información?;;;;;;;;;x
EVTDESC_WOL_2082_DEVIANT;[From.GetTitledName] has given me bizarre and repulsive evidence concerning [target_spy_on.GetTitledName]'s sexual preferences. How should I use this juicy information?;[From.Get_Le_TitledName] a découvert la vérité aussi répugnante que bizarre à propos des penchants sexuels [target_spy_on.Get_du_TitledName]. Comment pourrais-je utiliser cette information si juteuse ?;[From.GetTitledName] hat mir bizarre und abstoßende Beweise vorgelegt in Bezug auf die sexuellen Vorlieben von [target_spy_on.GetTitledName]. Was soll ich mit dieser pikanten Information anfangen?;;[From.GetTitledName] me ha dado pruebas extrañas y repulsivas acerca de las preferencias sexuales de [target_spy_on.GetTitledName]. ¿Cómo debería usar esta jugosa información?;;;;;;;;;x
EVTDESC_WOL_2082_HERETIC;[From.GetTitledName] claims that [target_spy_on.GetTitledName] is attempting to promote vile heresies. How should I use this information?;[From.Get_Le_TitledName] prétend que [target_spy_on.Get_le_TitledName] tente actuellement de promouvoir ses viles hérésies. Comment puis-je utiliser de telles informations ?;[From.GetTitledName] behauptet, dass [target_spy_on.GetTitledName] versuchen würde, widerwärtigen Irrlehren Vorschub zu leisten. Was soll ich mit dieser Information anfangen?;;[From.GetTitledName] afirma que [target_spy_on.GetTitledName] intenta promover herejías viles. ¿Cómo debo usar esta información?;;;;;;;;;x
EVTDESC_WOL_2082_INFIDEL;[From.GetTitledName] tell me that [target_spy_on.GetTitledName] is preaching [target_spy_on.GetPossPronoun] false religion in [target_spy_on.Capital.Capital.GetName]. How should I respond to this?;[From.Get_Le_TitledName] affirme que [target_spy_on.Get_le_TitledName] prêche sa fausse religion à [target_spy_on.Capital.Capital.GetName]. Comment devrais-je répondre à ceci ?;[From.GetTitledName] teilte mir mit, dass [target_spy_on.GetTitledName] eine falsche Religion in [target_spy_on.Capital.Capital.GetName] durch Predigten verbreitet. Wie soll ich darauf reagieren?;;[From.GetTitledName] dice que [target_spy_on.GetTitledName] predica su falsa religión [target_spy_on.Capital.Capital.GetName]. ¿Cómo debo responder a esto?;;;;;;;;;x
EVTDESC_WOL_2082_TRAITOR;Though of somewhat dubious provenance, [From.GetTitledName] has presented me with evidence that [target_spy_on.GetTitledName] is plotting treason against me! How should I respond to this?;[From.Get_Le_TitledName] m'a présenté des informations qui, malgré le fait qu'elles proviennent de sources douteuses, affirment que [target_spy_on.Get_le_TitledName] est en train de monter un complot pour me trahir ! Comment devrais-je répondre à ceci ?;[From.GetTitledName] hat mir Beweise vorgelegt, dass [target_spy_on.GetTitledName] Hochverrat gegen mich plant! Wie soll ich darauf reagieren?;;¡Aunque de la procedencia algo dudosa, [From.GetTitledName] me ha presentado pruebas de que [target_spy_on.GetTitledName] está tramando traición contra mí! ¿Cómo debo responder a esto?;;;;;;;;;x
EVTDESC_WOL_2083;[From.GetTitledName] was grateful, and upset, about the evidence I provided against [target_spy_on.GetTitledName]. [target_spy_on.GetSubjectPronounCap] has been publicly denounced and humiliated!;[From.Get_Le_TitledName] a exprimé sa gratitude pour les informations fournies, et sa colère à l'égard [target_spy_on.Get_du_TitledName]. [target_spy_on.GetCeluiCelleCap]-ci est désormais publiquement dénoncé[target_spy_on.Get_E] et humilié[target_spy_on.Get_E] !;[From.GetTitledName] war für die Beweise, die ich gegen [target_spy_on.GetTitledName] vorlegte, dankbar und gleichzeitig aufgebracht. [target_spy_on.GetSubjectPronounCap] wurde öffentlich angeprangert und gedemütigt!;;[From.GetTitledName] quedó agradecid[From.GetOA], y trastornad[From.GetOA], por las pruebas que le proporcioné contra [target_spy_on.GetTitledName]. ¡[target_spy_on.GetSubjectPronounCap] ha sido públicamente denunciad[target_spy_on.GetOA] y humillad[target_spy_on.GetOA]!;;;;;;;;;x
EVTDESC_WOL_2084;[From.GetTitledName] was grateful, and upset, about the evidence I provided against [target_spy_on.GetTitledName], and will use it to blackmail [target_spy_on.GetObjectPronoun] out of factionalism.;[From.Get_Le_TitledName] a exprimé sa gratitude pour les informations fournies, et sa colère à l'égard [target_spy_on.Get_du_TitledName], et compte les utiliser à des fins de chantage contre toute faction.;[From.GetTitledName] war dankbar für und gleichzeitig aufgebracht über die Beweise, die ich gegen [target_spy_on.GetTitledName] vorlegte und wird sie als Druckmittel verwenden, um sicherzustellen, dass [target_spy_on.GetObjectPronoun] sich keiner Fraktion anschließt.;;[From.GetTitledName] quedó agradecid[From.GetOA], y trastornad[From.GetOA], por las pruebas que le proporcioné contra [target_spy_on.GetTitledName]. Lo usaré para chantajear[target_spy_on.GetObjectPronoun] para sacarle de las facciones.;;;;;;;;;x
EVTDESC_WOL_2085;[From.GetTitledName] reacted with shock at the evidence I provided against [target_spy_on.GetTitledName], but will not take any action against [target_spy_on.GetObjectPronoun].;[From.Get_Le_TitledName] est choqué[From.Get_E] par les informations que j'ai fournies sur [target_spy_on.Get_le_TitledName], mais ne compte pas prendre de mesure.;[From.GetTitledName] war schockiert über die Beweise, die ich gegen [target_spy_on.GetTitledName] vorlegte, wird aber keine Maßnahmen ergreifen gegen [target_spy_on.GetObjectPronoun].;;[From.GetTitledName] reaccionó con sorpresa ante las pruebas que le proporcioné contra [target_spy_on.GetTitledName], pero no tomará ninguna acción contra [target_spy_on.GetObjectPronoun]. ;;;;;;;;;x
EVTDESC_WOL_2086;[From.GetTitledName] claims to have proof that I have slandered [From.GetObjectPronoun]. [From.GetSubjectPronounCap] promises to keep this to [From.GetReflexivePronoun] if I promise to stay out of all factions...;[From.Get_Le_TitledName] prétend détenir des informations prouvant mes tentatives de diffamation envers sa personne. [From.GetIlElleCap] promet de garder le secret, si je promets de rester en dehors de toutes les factions...;[From.GetTitledName] behauptet, dass Beweise vorlägen, dass ich [From.GetObjectPronoun] verleumdet hätte. [From.GetSubjectPronounCap] verspricht, dies unter Verschluss zu halten, falls ich verspreche, mich keiner Fraktion anzuschließen...;;[From.GetTitledName] afirma tener pruebas de que he calumniado a [From.GetObjectPronoun]. [From.GetSubjectPronounCap]. Promete guardárselas para sí si prometo quedarme fuera de todas las facciones;;;;;;;;;x
EVTDESC_WOL_2086_BASTARD;[From.GetTitledName] claims to have discovered proof that my real father is in fact [Root.RealFather.GetTitledName], making me a bastard! [From.GetSubjectPronounCap] promises to keep this to [From.GetReflexivePronoun] if I promise to stay out of all factions...;[From.Get_Le_TitledName] prétend détenir des informations prouvant que mon vrai père est en réalité [Root.RealFather.Get_le_TitledName]. [From.GetIlElleCap] promet de garder le secret, si je promets de rester en dehors de toutes les factions...;[From.GetTitledName] behauptet, Beweise gefunden zu haben, dass [Root.RealFather.GetTitledName] in Wirklichkeit mein Vater ist, was mich zu einem Bastard machen würde! [From.GetSubjectPronounCap] verspricht, dies unter Verschluss zu halten, falls ich verspreche, mich keiner Fraktion anzuschließen...;;¡[From.GetTitledName] afirma haber descubierto la prueba que mi verdadero padre es de hecho [Root.RealFather.GetTitledName], lo que me convierte en un bastardo! Promete guardársela para sí si prometo quedarme fuera de todas las facciones..;;;;;;;;;x
EVTDESC_WOL_2086_DEVIANT;[From.GetTitledName] claims to have unearthed shocking evidence of my criminal deviancy and low morals. [From.GetSubjectPronounCap] promises to keep this to [From.GetReflexivePronoun] if I promise to stay out of all factions...;[From.Get_Le_TitledName] prétend avoir découvert des preuves irréfutables de mes actions criminelles et de mon manque d'éthique. [From.GetIlElleCap] promet de garder le secret, si je promets de rester en dehors de toutes les factions...;[From.GetTitledName] behauptet, schockierende Beweise für meine schändliche Andersartigkeit und meine geringen Moralvorstellungen zu Tage gefördert zu haben. [From.GetSubjectPronounCap] verspricht, dies unter Verschluss zu halten, falls ich verspreche, mich keiner Fraktion anzuschließen...;;[From.GetTitledName] afirma haber descubierto pruebas impactantes de mi perversión criminal y escasa moral. [From.GetSubjectPronounCap] promete guardárselo para sí si prometo quedarme fuera de todas las facciones...;;;;;;;;;x
EVTDESC_WOL_2086_HERETIC;[From.GetTitledName] is claiming to know that I am promoting heresy, but promises to keep this to [From.GetReflexivePronoun] if I promise to stay out of all factions...;[From.Get_Le_TitledName] prétend savoir que je me livre à la promotion de croyances hérétiques, mais promet de garder le secret, si je promets de rester en dehors de toute faction...;[From.GetTitledName] behauptet, Bescheid zu wissen darüber, dass ich Irrlehren Vorschub leisten würde, verspricht aber, dies unter Verschluss zu halten, falls ich verspreche, mich keiner Fraktion anzuschließen...;;[From.GetTitledName] afirma saber que estoy promoviendo la herejía, pero promete guardárselo para sí [From.GetReflexivePronoun] si prometo quedarme fuera de todas las facciones.;;;;;;;;;x
EVTDESC_WOL_2086_INFIDEL;[From.GetTitledName] is claiming to know about my attempts to spread my [Root.Religion.GetGroupName] faith! [From.GetSubjectPronounCap] promises to keep this to [From.GetReflexivePronoun] if I promise to stay out of all factions...;[From.Get_Le_TitledName] prétend savoir que je vise à répandre ma croyance en la religion[Root.Religion.GetGroupName] ! [From.GetIlElleCap] promet de garder le secret, si je promets de rester en dehors de toutes les factions...;[From.GetTitledName] behauptet, über meine Versuche, meinen als Irrlehre verschrienen Glauben zu verbreiten, Bescheid zu wissen! [From.GetSubjectPronounCap] verspricht, dies unter Verschluss zu halten, falls ich verspreche, mich keiner Fraktion anzuschließen...;;¡[From.GetTitledName] afirma saber mis intentos por extender mi fe [Root.Religion.GetGroupName]![From.GetSubjectPronounCap] promete guardárselo para sí si prometo quedarme fuera de todas las facciones...;;;;;;;;;x
EVTDESC_WOL_2086_TRAITOR;[From.GetTitledName] is claiming to have witnesses that can testify to the fact that I'm a traitor! [From.GetSubjectPronounCap] promises to keep this to [From.GetReflexivePronoun] if I promise to stay out of all factions...;[From.Get_Le_TitledName] vient de me dénoncer publiquement pour traîtrise, et prétend avoir des témoins prêts à témoigner contre ma personne. [From.GetIlElleCap] promet de garder le secret, si je promets de rester en dehors de toutes les factions...;[From.GetTitledName] prangert mich öffentlich als Hochverräter an und behauptet, dass es Zeugen gäbe, die gegen mich aussagen würden. [From.GetSubjectPronounCap] verspricht, dies unter Verschluss zu halten, falls ich verspreche, mich keiner Fraktion anzuschließen...;;[From.GetTitledName] me está denunciando públicamente como traidor, afirmando tener testigos que pueden declarar contra mí. Promete guardarse esto para sí si prometo quedarme fuera de todas las facciones...;;;;;;;;;x
EVTDESC_WOL_2087;When confronted with the evidence, [From.GetTitledFirstName] swore to stay out of all factions and be loyal.;Confronté[From.Get_E] au grand nombre de preuves, [From.Get_le_TitledFirstName] a juré de renouveler sa loyauté et de rester en dehors de toutes les factions.;Die Beweise überzeugten [From.GetTitledFirstName], sich keiner Fraktion anzuschließen und loyal zu sein.;;Cuando se vio ante las pruebas, [From.GetTitledFirstName] juró quedarse fuera de todas las facciones y ser leal.;;;;;;;;;x
EVTDESC_WOL_2088;[From.GetTitledFirstName] just laughed at the evidence, flat out refusing to stop meddling in political factionalism.;[From.Get_Le_TitledFirstName] a ouvertement moqué mes preuves, refusant de cesser de se mêler aux affaires de factionnalisme politique.;[From.GetTitledFirstName] lachte nur über die Beweise und weigerte sich prompt, politischen Fraktionen fern zu bleiben.;;[From.GetTitledFirstName] solo se rió de la prueba, rechazando de plano dejar de meterse en el faccionalismo político.;;;;;;;;;x
EVTDESC_WOL_2090;When confronted with the evidence, [From.GetTitledFirstName] swore to join my factions.;Confronté[From.Get_E] au grand nombre de preuves, [From.Get_le_TitledFirstName] a juré de rejoindre mes factions.;Die Beweise überzeugten [From.GetTitledFirstName], sich meiner Fraktion anzuschließen.;;Cuando se vio ante la prueba, [From.GetTitledFirstName] juró unirse a mi facción.;;;;;;;;;x
EVTDESC_WOL_2091;[From.GetTitledFirstName] just laughed at the evidence, flat out refusing to join my factions.;[From.Get_Le_TitledFirstName] a ouvertement moqué mes preuves, refusant simplement de rejoindre mes factions.;[From.GetTitledFirstName] lachte nur über die Beweise und weigerte sich prompt, meiner Fraktion anzugehören.;;[From.GetTitledFirstName] se rió de las pruebas, se niega rotundamente a unirse a mi facción.;;;;;;;;;x
EVTDESC_WOL_2100;I have found out nothing new and useful about [target_spy_on.GetTitledName], but, as my shady informant pointed out, there is nothing preventing me from making stuff up. The bigger the lie...;Je n'ai trouvé aucune nouvelle information utile à propos [target_spy_on.Get_du_TitledName], mais, conformément aux propos de mon informateur secret, rien ne m'empêche d'inventer une histoire ou deux. Plus c'est gros...;Es gibt nichts Neues oder Nützliches über [target_spy_on.GetTitledName] zu berichten. Allerdings hält mich nichts davon ab, wie mein zwielichtiger Informant so schön sagte, meiner Fantasie freien Lauf zu lassen. Je größer die Lüge...;;No he averiguado nada nuevo o útil sobre [target_spy_on.GetTitledName] pero, como mi informante en las sombras me señaló, nada me impide inventarme cosas. Cuanto mayor sea la mentira... ;;;;;;;;;x
EVTDESC_WOL_2101;Several vicious rumors have been circulating about me lately. With a lot of effort, I have finally managed to trace them back to [From.GetTitledName]!;De vilaines rumeurs ont circulé sur ma personne dernièrement. Non sans effort, j'ai réussi à déterminer leur source, il s'agit [From.Get_du_TitledName] !;Seit Kurzem sind über mich mehrere üble Gerüchte im Umlauf. Mit viel Aufwand konnte ich sie zu [From.GetTitledName] zurückverfolgen!;;Últimamente varios rumores circulan sobre mí. ¡Con mucho esfuerzo, por fin he podido rastrearlos hasta [From.GetTitledName]!;;;;;;;;;x
EVTDESC_WOL_2110;One of my informants, a young soldier with more vices than he can afford, has managed to gain the trust of [target_spy_on.GetTitledFirstNameNoRegnal] and now often stands guard outside [target_spy_on.GetPossPronoun] door. I don't understand how the fellow managed it, but who am I to look a gift horse in the mouth? For enough gold, he might be persuaded to get rid of [target_spy_on.GetFirstName]... violently.;L'un de mes informateurs, un jeune soldat plus vicieux que la normale, est parvenu à gagner la confiance [target_spy_on.Get_only_du_Title][target_spy_on.GetTitledFirstNameNoRegnal], et se retrouve souvent à garder sa porte. Je ne comprends pas comment il a réussi cet exploit, mais qui suis-je pour refuser un tel cadeau des dieux ? Pour une poignée d'or, il pourrait être convaincu de se débarrasser de [target_spy_on.GetFirstName]... violemment.;Einer meiner Informanten, ein junger Soldat mit mehr Lastern als Geld, schaffte es, das Vertrauen von [target_spy_on.GetTitledFirstNameNoRegnal] zu gewinnen und steht nun oft als Wache vor der Tür. Ich weiß zwar nicht, wie der Kerl das gemacht hat, aber wer schaut schon einem geschenkten Gaul ins Maul? Wenn ich ihm genug Gold biete, könnte ich ihn vielleicht davon überzeugen, [target_spy_on.GetFirstName] zu beseitigen... gewaltsam.;;Uno de mis informadores, un soldado joven con más vicios de los que se puede permitir, ha logrado ganarse la confianza de [target_spy_on.GetTitledFirstNameNoRegnal] y ahora a menudo monta la guardia ante su puerta. No entiendo cómo lo consiguió, ¿pero quién regala un caballo regalado? Por suficiente oro, podría ser persuadido para deshacerse de [target_spy_on.GetFirstName]. .. violentamente.;;;;;;;;;x
EVTDESC_WOL_2111_DEATH;I try to sit up in bed, but someone is holding me down! It's the burly armsman with the trustworthy face I promoted to the guard last week. Another assailant is trying to force a rag into my mouth. Holding my nose too... can't breathe...;J'essaie de me lever du lit, mais quelqu'un me tient de force ! Il s'agit de l'homme costaud au visage franc que j'ai promu au poste de garde la semaine dernière. Un autre attaquant essaie de fourrer un chiffon dans ma bouche. Il me pince aussi le nez... je ne puis respirer...;Ich versuche, mich im Bett aufzusetzen, aber jemand drückt mich nach unten! Es handelt sich um den stämmigen Soldaten mit dem ehrlichen Gesicht, den ich letzte Woche zur Wache befördert habe. Ein weiterer Angreifer versucht, mir einen Lappen in den Mund zu stopfen. Er hält mir auch die Nase zu... kann nicht atmen...;;¡Trato de sentarme en la cama, pero alguien me sujeta! Es el hombre de armas corpulento con la cara fiable que ascendí a guardia la semana pasada. Otro asaltante está tratando de meterme un trapo en la boca. También me tapa la nariz... no puedo respirar...;;;;;;;;;x
EVTDESC_WOL_2111_LIVES;I try to sit up in bed, but someone is holding me down! It's the burly armsman with the trustworthy face I promoted to the guard last week. There is a skinny little fellow with him, grinning viciously as he produces a dagger. Screaming and thrashing about, I manage to kick the guard in the groin and break free. I punch the other one in the nose and rush from the room!;J'essaie de me lever du lit, mais quelqu'un me tient de force ! Il s'agit de l'homme costaud au visage franc que j'ai promu au poste de garde. Un autre homme se trouve à ses côtés. Il arbore un sourire féroce, dague à la main. Criant et me débattant, je parviens à frapper le garde et à me libérer. Je frappe au visage l'autre individu, et quitte la pièce sans perdre une seconde.;Ich versuche, mich im Bett aufzusetzen, aber jemand drückt mich nach unten! Es handelt sich um den stämmigen Soldaten mit dem ehrlichen Gesicht, den ich letzte Woche zur Wache befördert habe. Neben ihm steht ein knochiger kleiner Kerl, der boshaft grinst, als er einen Dolch herausholt. Während ich schreie und um mich schlage, treffe ich den Wachsoldaten in der Leistengegend und reiße mich los. Ich versetze dem anderen einen Schlag auf die Nase und fliehe aus dem Zimmer!;;¡Trato de sentarme en la cama, pero alguien me sujeta! Es el hombre de armas corpulento con la cara fiable que ascendí a guardia la semana pasada. Hay otro pequeñajo flaco con él, sonriendo perversamente mientras saca una daga y me apuñala! Gritando y golpeando logro dar un puntapié al guardia en la ingle y liberarme. ¡Pego al otro en la nariz y sale corriendo de la habitación!;;;;;;;;;x
EVTDESC_WOL_2111_WOUNDED;I try to sit up in bed, but someone is holding me down! It's the burly armsman with the trustworthy face I promoted to the guard last week. There is a skinny little fellow with him, grinning viciously as he produces a dagger and stabs me! Screaming and thrashing about, I manage to kick the guard in the groin and break free. I punch the other one in the nose and rush from the room, trailing blood.;J'essaie de me lever du lit, mais quelqu'un me tient de force ! Il s'agit de l'homme costaud au visage franc que j'ai promu au poste de garde. Un autre homme se trouve à ses côtés. Il arbore un sourire féroce alors qu'il me poignarde ! Criant et me débattant, je parviens à frapper le garde et à me libérer. Je quitte la pièce sans perdre une seconde, laissant une trainée de sang derrière moi.;Ich versuche, mich im Bett aufzusetzen, aber jemand drückt mich nach unten! Es handelt sich um den stämmigen Soldaten mit dem ehrlichen Gesicht, den ich letzte Woche zur Wache befördert habe. Neben ihm steht ein knochiger kleiner Kerl, der boshaft grinst, als er einen Dolch herausholt und mir einen Stich versetzt! Während ich schreie und um mich schlage, treffe ich den Wachsoldaten in der Leistengegend und reiße mich los. Ich versetze dem anderen einen Schlag auf die Nase und fliehe aus dem Zimmer!;;¡Trato de sentarme en la cama, pero alguien me sujeta! Es el hombre de armas corpulento con la cara fiable que ascendí a guardia la semana pasada. Hay otro pequeñajo flaco con él, sonriendo perversamente mientras saca una daga y me apuñala! Gritando y golpeando logro dar un puntapié al guardia en la ingle y liberarme. Pego al otro en la nariz y sale corriendo de la habitación, dejando un rastro de sangre.;;;;;;;;;x
EVTDESC_WOL_2112;In disguise, I meet up with my friend, [From.GetTitledFirstNameNoRegnal]'s burly armsman and his shifty-looking associate at a run-down tavern. Grinning, he recounts how they stabbed [From.GetTitledName] to death in [From.GetPossPronoun] bed. I hand them a bag of coins and leave.;Déguisé[Root.Get_E], je pars à la rencontre de mon ami, le garde [From.Get_only_du_Title][From.GetTitledFirstNameNoRegnal] et son associé à l'air suspect dans une taverne délabrée. Souriant, il me raconte les détails du meurtre [From.Get_du_TitledName], poignardé[From.Get_E] dans son lit. Je leur donne un sac de pièces d'or avant de quitter l'établissement.;Verkleidet treffe ich mich mit meinem Freund, dem stämmigen Wachsoldaten von [From.GetTitledFirstNameNoRegnal] und seinem verschlagen aussehenden Kumpanen in einer heruntergekommenen Taverne. Grinsend berichtet er mir, wie sie [From.GetTitledName] im Bett erstachen. Ich überreiche ihnen einen Beutel voller Münzen und gehe.;;Disfrazado, me encuentro con mi amigo, el hombre de armas corpulento de [From.GetTitledFirstNameNoRegnal] y su compañero de apariencia sospechosa en una taberna venida a menos. Sonriendo, me cuenta como apuñalaron a [From.GetTitledName] en su cama hasta morir. Les entrego una bolsa con monedas y me marcho.;;;;;;;;;x
EVTDESC_WOL_2113;My spy, [From.GetTitledFirstNameNoRegnal]'s burly armsman, managed to slay the [GetRootFromInsult] in [From.GetPossPronoun] bed. Unfortunately, he was captured trying to escape. My complicity is known!;Mon espion, le garde [From.Get_only_du_Title][From.GetTitledFirstNameNoRegnal], est parvenu à occire c[From.GetEEtte] [GetRootFromInsultNounAdj] dans son lit. Malheureusement, il a été capturé alors qu'il tentait de s'échapper. Ma complicité est exposée !;Mein Spion, der stämmige Wachsoldat von [From.GetTitledFirstNameNoRegnal], schaffte es, diese Ausgeburt im Bett zu erschlagen. Leider wurde er auf der Flucht gefasst. Meine Mittäterschaft ist bekannt!;;Mi espía, el hombre de armas corpulento de [From.GetTitledFirstNameNoRegnal] , Logró matar a ese [GetRootFromInsult] en su cama. Por desgracia, fue capturado tratando de escapar. ¡Mi complicidad es conocida!;;;;;;;;;x
EVTDESC_WOL_2114;In disguise, I meet up with my friend, [From.GetTitledFirstNameNoRegnal]'s burly armsman and his shifty-looking associate at a run-down tavern. Shamefacedly, he recounts how they stabbed [From.GetTitledFirstName] in [From.GetPossPronoun] bed, and how [From.GetSubjectPronoun] somehow managed to get away. I pat him on the shoulder and tell him it's alright.;Déguisé[Root.Get_E], je pars à la rencontre de mon ami, le garde [From.Get_only_du_Title][From.GetTitledFirstNameNoRegnal] et son associé à l'air suspect dans une taverne délabrée. Rouge de honte, il me raconte les détails de sa tentative de meurtre sur [From.Get_le_TitledFirstName] dans son lit, affirmant qu'[From.GetIlElle] est parvenu[From.Get_E] à s'échapper. Je lui tapote l'épaule, et insiste qu'il n'y a aucun problème.;Verkleidet treffe ich mich mit meinem Freund, dem stämmigen Wachsoldaten von [From.GetTitledFirstNameNoRegnal] und seinem verschlagen aussehenden Kumpanen in einer heruntergekommenen Taverne. Voller Scham erzählt er, wie sie auf [From.GetTitledFirstName] einstachen und dass [From.GetSubjectPronoun] entkommen konnte. Ich tätschle seine Schulter und sage ihm, dass er sich keine Sorgen zu machen braucht.;;Disfrazado, me encuentro con mi amigo, El hombre de armas corpulento de [From.GetTitledFirstNameNoRegnal] y su compañero de apariencia sospechosa en una taberna venoda a menos. Avergonzado, cuenta cómo apuñalaron a [From.GetTitledFirstName] en su cama, y cómo de algún modo, [From.GetSubjectPronoun] logró escaparse. Le doy unas palmaditas en el hombro y le digo que no pasa nada.;;;;;;;;;x
EVTDESC_WOL_2115;My spy, [From.GetTitledFirstNameNoRegnal]'s burly armsman, only managed to wound the [GetRootFromInsult]. Worse, he was captured trying to escape. My complicity is known!;Mon espion, le garde [From.Get_only_du_Title][From.GetTitledFirstNameNoRegnal], n'est parvenu qu'à blesser c[From.GetEEtte] [GetRootFromInsultNounAdj]. Pire encore, il a été capturé alors qu'il tentait de s'échapper. Ma complicité est exposée !;Meinem Spion, dem stämmigen Wachsoldaten von [From.GetTitledFirstNameNoRegnal], gelang es lediglich, diese Ausgeburt zu verwunden. Was noch schlimmer ist, er wurde auf der Flucht gefasst. Meine Mittäterschaft ist bekannt!;;Mi espía, el hombre de armas corpulento de [From.GetTitledFirstNameNoRegnal] Sólo logró herir [From.GetAlAla] [GetRootFromInsult]. Peor aún, fue capturado tratando de escapar. ¡Mi complicidad es conocida!;;;;;;;;;x
EVTDESC_WOL_2116;In disguise, I meet up with my friend, [From.GetTitledFirstNameNoRegnal]'s burly armsman and his shifty-looking associate at a run-down tavern. Shamefacedly, he recounts how they attacked [From.GetTitledFirstName] in [From.GetPossPronoun] bed, but how [From.GetSubjectPronoun] managed to break free and get away. I pat him on the shoulder and tell him it's alright.;Déguisé[Root.Get_E], je pars à la rencontre de mon ami, le garde [From.Get_only_du_Title][From.GetTitledFirstNameNoRegnal] et son associé à l'air suspect dans une taverne délabrée. Rouge de honte, il me raconte les détails de son attaque sur [From.Get_le_TitledFirstName] dans son lit, affirmant cependant qu'[From.GetIlElle] est parvenu[From.Get_E] à s'échapper. Je lui tapote l'épaule, et insiste qu'il n'y a aucun problème.;Verkleidet treffe ich mich mit meinem Freund, dem stämmigen Wachsoldaten von [From.GetTitledFirstNameNoRegnal] und seinem verschlagen aussehenden Kumpanen in einer heruntergekommenen Taverne. Voller Scham erzählt er, wie sie [From.GetTitledFirstName] angriffen und wie [From.GetSubjectPronoun] sich losreißen und flüchten konnte. Ich tätschele seine Schulter und sage ihm, dass er sich keine Sorgen zu machen braucht.;;Disfrazado, me encuentro con mi amigo, El hombre de armas corpulento de [From.GetTitledFirstNameNoRegnal] y su compañero de apariencia sospechosa en una taberna venoda a menos. Avergonzado, cuenta cómo atacaron a[From.GetTitledFirstName] en su cama, y cómo de alguna manera, [From.GetSubjectPronoun] logró librarse y escapar. Le doy unas palmaditas en el hombro y le digo que no pasa nada.;;;;;;;;;x
EVTDESC_WOL_2117;My spy, [From.GetTitledFirstNameNoRegnal]'s burly armsman, completely botched the attack on the [GetRootFromInsult]. Worse, he was captured trying to escape. My complicity is known!;Mon espion, le garde [From.Get_only_du_Title][From.GetTitledFirstNameNoRegnal], a absolument raté l'attaque sur c[From.GetEEtte] [GetRootFromInsultNounAdj]. Pire encore, il a été capturé alors qu'il tentait de s'échapper. Ma complicité est exposée !;Mein Spion, der stämmige Wachsoldat von [From.GetTitledFirstNameNoRegnal], hat das Attentat komplett versiebt. Schlimmer noch, er wurde auf der Flucht gefasst. Meine Mittäterschaft ist bekannt!;;Mi espía, el hombre de armas corpulento de [From.GetTitledFirstNameNoRegnal], estropeó completamente el ataque contra [From.GetElLa] [GetRootFromInsult]. Peor aún, fue capturado tratando de escapar.¡Mi complicidad es conocida!;;;;;;;;;x
EVTDESC_WOL_2120;I have learned from my little birds that [target_spy_on.GetTitledFirstNameNoRegnal] plans to travel the realm incognito for a lark, mingling with the common folk. [target_spy_on.GetSubjectPronounCap] will only be protected by two loyal friends during this little adventure - a great opportunity to have [target_spy_on.GetObjectPronoun] abducted, if I so wished.;J'ai appris de par mes petits oiseaux que [target_spy_on.Get_only_le_Title][target_spy_on.GetTitledFirstNameNoRegnal] prévoit voyager incognito dans le royaume, au nom de l'aventure, se mêlant aux petites gens à sa guise. [target_spy_on.GetIlElleCap] sera uniquement protégé[target_spy_on.Get_E] par deux de ses amis loyaux pendant son escapade... une opportunité parfaite pour organiser son enlèvement, si tel est mon désir.;Ein Vögelchen hat mir erzählt, dass [target_spy_on.GetTitledFirstNameNoRegnal] den Plan gefasst hat, aus einer Laune heraus inkognito das Reich zu bereisen und sich unter das gemeine Volk zu mischen. [target_spy_on.GetSubjectPronounCap] wird während dieses kleinen Abenteuers nur von zwei treuen Freunden beschützt. Das ist eine hervorragende Gelegenheit für eine Entführung, falls ich dies wünsche.;;Me han dicho mis pajaritos que [target_spy_on.GetTitledFirstNameNoRegnal] planea viajar de incógnito por diversión, para mezclarse con el vulgo. [target_spy_on.GetSubjectPronounCap] sólo estará protegid[target_spy_on.GetOA] por dos amigos leales durante esta aventura -una gran oportunidad de hacer[target_spy_on.GetObjectPronoun] secuestrar, si así lo deseara.;;;;;;;;;x
EVTDESC_WOL_2121;On a lark, I decided to travel among the common folk incognito with but a friend, a servant and a bodyguard. As we ride through a forest, an arrow suddenly sprouts from the neck of my trusty guard! Shouting a warning, I ride like crazy to get away...;Au nom de l'aventure, j'ai décidé de voyager incognito parmi les petites gens avec seulement un ami, un serviteur et un garde du corps à mes côtés. Alors que nous traversons une forêt à dos de cheval, une flèche perce soudainement le cou de mon loyal garde du corps ! Hurlant à mes compagnons, je pars au galop pour m'échapper...;Aus einer Laune heraus beschloss ich, mich inkognito als Reisender unter das gemeine Volk zu mischen, nur von einem Freund, einem Diener und einem Leibwächter begleitet. Während wir durch einen Wald reiten, bohrt sich plötzlich ein Pfeil durch das Genick meines treuen Leibwächters! Ich warne mit einem Zuruf die anderen und reite wie der Teufel, um zu entkommen...;;Por hacer chanza, decidí viajar entre el vulgo de incógnito con sólo un amigo a mi lado, un criado y un guardia. ¡Mientras viajamos por un bosque, de repente brota una flecha del cuello de mi fiel guardia! Gritando una advertencia, cabalgo con desesperación para escaparme...;;;;;;;;;x
EVTDESC_WOL_2122;My hired thugs managed to waylay [From.GetTitledFirstNameNoRegnal] and brought [From.GetObjectPronoun] to me in a sack!;Les malfrats que j'ai embauchés ont réussi à intercepter [From.Get_only_le_Title][From.GetTitledFirstNameNoRegnal] et me l'ont ramené[From.Get_E] dans un sac !;Meinen gekauften Schlägern gelang es, [From.GetTitledFirstNameNoRegnal] zu überwältigen und in einem Sack zu mir zu bringen!;;¡Mis matones contratados lograron asaltar a [From.GetTitledFirstNameNoRegnal] y me [From.GetObjectPronoun] trajeron en un saco!;;;;;;;;;x
EVTDESC_WOL_2123;The thugs I hired failed to capture [From.GetTitledFirstNameNoRegnal], though apparently they slew a guard and a servant in the attempt.;Les malfrats que j'ai embauchés ont échoué dans leur capture [From.Get_only_du_Title][From.GetTitledFirstNameNoRegnal], mais ils sont apparemment parvenus à occire un serviteur et un garde dans leur attaque.;Die Schläger, die ich angeworben hatte, schafften es nicht, [From.GetTitledFirstNameNoRegnal] zu überwältigen, anscheinend töteten sie jedoch bei dem Versuch einen Leibwächter und einen Diener.;;Los matones que contraté no consiguieron capturar a [From.GetTitledFirstNameNoRegnal], aunque por lo visto mataron a un guardia y un criado en el intento.;;;;;;;;;x
EVTDESC_WOL_2200;I have decided to free [From.GetTitledName] from the dungeons of [From.Host.GetTitledName]. It will take time - and likely some gold - but [From.GetFirstName] deserves a better fate!;J'ai décidé de libérer [From.Get_le_TitledName] des donjons [From.Host.Get_du_TitledName]. Cela prendra du temps, et sûrement un peu d'or, mais [From.GetFirstName] ne mérite pas un tel sort !;Ich habe beschlossen, [From.GetTitledName] aus dem Kerker von [From.Host.GetTitledName] zu befreien. Das wird etwas Zeit in Anspruch nehmen – und wahrscheinlich auch etwas Gold – aber [From.GetFirstName] verdient ein besseres Schicksal!;;He decidido liberar a [From.GetTitledName] de las mazmorras de [From.Host.GetTitledName]. Tomará tiempo - y probablemente un poco de oro- pero [From.GetFirstName] merece un destino destino.;;;;;;;;;x
EVTDESC_WOL_2201;I have decided to liberate my beloved [GetFromRelation] [From.GetFirstName] from the filthy paws of her abductor, [From.Employer.GetTitledName]. It will take time - and likely some gold - but [From.GetFirstName] deserves a better fate!;J'ai décidé de libérer m[From.GetOnA] [GetFromRelation] [From.GetFirstName] des mains abjectes de son ravisseur, [From.Employer.Get_le_TitledName]. Cela prendra du temps, et sûrement un peu d'or, mais [From.GetFirstName] ne mérite pas un tel sort !;Ich habe beschlossen, meine geliebte [GetFromRelation] [From.GetFirstName] aus den dreckigen Pfoten ihres Entführers [From.Employer.GetTitledName] zu befreien. Das wird etwas Zeit in Anspruch nehmen – und wahrscheinlich auch etwas Gold – aber [From.GetFirstName] verdient ein besseres Schicksal!;;He decidido liberar a mi querida [GetFromRelation] [From.GetFirstName] de las sucias garras de su secuestrador, [From.Employer.GetTitledName]. ¡Llevará tiempo -y probablemente un poco de oro- pero [From.GetFirstName] merece un destino mejor!;;;;;;;;;x
EVTDESC_WOL_2211;[target_captive.GetTitledFirstName] has tragically died in captivity before I had a chance to break [target_captive.GetObjectPronoun] out.;[target_captive.Get_Le_TitledFirstName] a péri d'une mort tragique en captivité avant que j'ai eu la moindre chance de mettre en oeuvre sa libération.;[target_captive.GetTitledFirstName] ist tragischerweise in der Gefangenschaft verstorben, bevor ich die Gelegenheit erhielt, [target_captive.GetObjectPronoun] gewaltsam zu befreien.;;[target_captive.GetTitledFirstName] ha muerto trágicamente en cautiverio antes de tener la oportunidad de sacar[target_captive.GetObjectPronoun]. ;;;;;;;;;x
EVTDESC_WOL_2212;[target_captive.GetTitledFirstName] has tragically fallen comatose, making my endeavour to free [target_captive.GetObjectPronoun] rather pointless.;[target_captive.Get_Le_TitledFirstName] est dans le coma, ce qui rend mon plan visant sa libération relativement inutile.;[target_captive.GetTitledFirstName] ist tragischerweise ins Koma gefallen, wodurch mein Unterfangen, [target_captive.GetObjectPronoun] zu befreien, keinen Sinn mehr macht.;;[target_captive.GetTitledFirstName] trágicamente ha caído en coma, haciendo bastante inútil mi esfuerzo por liberar[target_captive.GetObjectPronoun].;;;;;;;;;x
EVTDESC_WOL_2213;[target_captive.GetTitledFirstName] is no longer a prisoner, so I can abort my plans to free [target_captive.GetObjectPronoun].;[target_captive.Get_Le_TitledFirstName] n'est plus en prison, ce qui signifie que je peux abandonner mon plan visant à sa libération.;[target_captive.GetTitledFirstName] wurde freigelassen, daher kann ich meinen Plan, [target_captive.GetObjectPronoun] zu befreien, fallenlassen.;;[target_captive.GetTitledFirstName] ya no está pres[target_captive.GetOA], así que puedo cancelar mis planes para liberar[target_captive.GetObjectPronoun].;;;;;;;;;x
EVTDESC_WOL_2221;I've approached [target_agent.GetBestName] at the court of [target_agent.Employer.GetTitledName] with my plan to liberate [target_captive.GetTitledFirstName]. [target_agent.GetFirstName] is sympathetic and might be persuaded to take the risk...;J'ai approché [target_agent.Get_only_le_Title][target_agent.GetBestName] à la cour [target_agent.Employer.Get_du_TitledName] pour lui parler de mon plan visant à libérer [target_captive.Get_le_TitledFirstName]. [target_agent.GetFirstName] comprend ma cause, et pourrait bien prendre le risque...;Ich habe mich wegen der Befreiung von [target_captive.GetTitledFirstName] an [target_agent.GetBestName] am Hofe von [target_agent.Employer.GetTitledName] gewandt. [target_agent.GetFirstName] hat Verständnis und könnte überzeugt werden, das Risiko einzugehen...;;He contactado con [target_agent.GetBestName] en la corte de [target_agent.Employer.GetTitledName] para mi plan de liberar a [target_captive.GetTitledFirstName]. [target_agent.GetFirstName] siente compresión y con persuasión podría correr el riesgo...;;;;;;;;;x
EVTDESC_WOL_2223;I woke from my troubled sleep with a start. Was that a thud outside my cell? Keys rattle in the lock and the door opens to a thin beam of light. It's [target_agent.GetBestName]! 'Come with me quickly [Root.GetLordLady]! [target_agent.GetTitledFirstNameNoRegnal] has hired me to help you escape!';Je me suis réveillé[Root.Get_E] en sursaut après une nuit troublée. Quel était ce bruit en dehors de ma cellule ? J'entends des clefs dans la serrure, et la porte s'ouvre pour révéler un fin rayon de lumière. Il s'agit [target_agent.Get_only_du_Title][target_agent.GetBestName] ! « Vite, venez avec moi, M[Root.GetOnA][Root.GetLordLady] ! [target_agent.Get_only_Le_Title][target_agent.GetTitledFirstNameNoRegnal] m'a embauché[target_agent.Get_E] pour vous aider à vous échapper ! »;Plötzlich schreckte ich aus unruhigen Träumen hoch. Hörte ich da etwa das Geräusch eines dumpfen Schlags vor meiner Zelle? Dann klirrt ein Schlüssel im Schloss und die Tür öffnet sich, wobei ein schmaler Lichtstrahl in die Zelle fällt. [target_agent.GetBestName]! "Kommt schnell, [Root.GetLordLady]! [target_agent.GetTitledFirstNameNoRegnal] hat mich beauftragt, euch zur Flucht zu verhelfen!";;Me desperté de mi sueño atribulado con un susto. ¿He oído un un ruido sordo en el exterior de mi ceda? Suenan unas llaves en la cerradura y la puerta se abre con un fino rayo de luz, fino. ¡Es [target_agent.GetBestName]! '¡Deprisa, venid conmigo [Root.GetLordLady]! ¡[target_agent.GetTitledFirstNameNoRegnal] me ha contratado para ayudaros a escapar!;;;;;;;;;x
EVTDESC_WOL_2224;I received some bad news this morning. My prisoner, [target_captive.GetBestName] escaped from [target_captive.GetPossPronoun] cell in the night. [target_captive.GetSubjectPronounCap] had outside help - one of the guards might never wake from the blow to his head...;J'ai reçu de mauvaises nouvelles ce matin. M[target_captive.GetOnA] prisoni[target_captive.GetErEre], [target_captive.Get_only_le_Title][target_captive.GetBestName] s'est échappé[target_captive.Get_E] de sa cellule au milieu de la nuit. [target_captive.GetIlElleCap] a bénéficié d'une aide extérieure, et l'un des gardes risque de ne pas se remettre du coup à la tête qu'il a reçu...;Schlechte Nachrichten heute morgen. Ein Gefangener, [target_captive.GetBestName], floh in der Nacht aus seiner Zelle. [target_captive.GetSubjectPronounCap] erhielt Hilfe von außerhalb – eine der Wachen wird den Schlag auf den Kopf vielleicht nicht überleben...;;Recibí unas malas noticias esta mañana. Mi preso,[target_captive.GetBestName] escapó anoche de [target_captive.GetPossPronoun] celda. [target_captive.GetSubjectPronounCap] tuvo ayuda externa -uno de los guardias no despertará jamás del golpe en la cabeza..;;;;;;;;;x
EVTDESC_WOL_2224_CONSORT;My concubine [target_captive.GetBestName] has fled! She climbed out of her tower room window, probably with outside assistance, because my guards were completely unable to locate her before she escaped my realm.;Ma concubine, [target_captive.Get_only_le_Title][target_captive.GetBestName], s'est échappée ! Elle est sortie par la fenêtre de sa tour en grimpant, probablement avec l'aide d'un autre invidividu, car mes gardes ont été incapables de la trouver avant qu'elle puisse s'échapper de mon royaume.;Meine Konkubine, [target_captive.GetBestName], ist geflüchtet! Sie kletterte aus ihrem Fenster im Turmzimmer. Vermutlich hatte sie Helfer, denn meine Wachen fanden keine Spur von ihr und sie konnte aus meinem Herrschaftsgebiet entkommen.;;¡Mi concubina [target_captive.GetBestName] ha huido! Se descolgó por la ventana de la torre de su cuarto, probablemente con ayuda exterior, porque mis guardias fueron totalmente incapaces de encontrarla antes de que escapase de mi reino.;;;;;;;;;x
EVTDESC_WOL_2224_CONSORT_MALE;My consort [target_captive.GetBestName] has fled! He climbed out of his tower room window, probably with outside assistance, because my guards were completely unable to locate him before he escaped my realm.;Mon concubin, [target_captive.Get_only_le_Title][target_captive.GetBestName], s'est enfui ! Il est passé par la fenêtre de la tour, probablement avec de l'aide extérieure, parce que mes gardes n'ont pas pu le localiser avant qu'il quitte le pays.;Mein Konkubinator, [target_captive.GetBestName], ist geflohen! Er kletterte wahrscheinlich mit Hilfe von Außerhalb aus seinem Turmzimmerfenster, da meine Wachen ihn nicht finden konnten.;;¡Mi concubino, [target_captive.GetBestName], ha escapado! Se descolgó de su habitación de la torre, seguramente con ayuda de fuera porque mis guardias han sido incapaces de encontrarlo antes de que escapase del reino.;;;;;;;;;x
EVTDESC_WOL_2225;Good news! [target_captive.GetBestName] was successfully sprung from captivity by the daring [target_agent.GetBestName] and is safely back in [Root.Capital.Capital.GetName]!;Bonne nouvelle ! [target_captive.Get_only_Le_Title][target_captive.GetBestName] a réussi à s'échapper de sa captivité grâce à la bravoure [target_agent.Get_only_du_Title][target_agent.GetBestName], et se trouve maintenant en sécurité à [Root.Capital.Capital.GetName] !;Gute Neuigkeiten! [target_captive.GetBestName] wurde erfolgreich durch den wagemutigen [target_agent.GetBestName] aus der Gefangenschaft befreit und befindet sich in Sicherheit in [Root.Capital.Capital.GetName]!;;¡Buenas noticias! ¡[target_captive.GetBestName] fue liberada del cautiverio por la audacia de [target_agent.GetBestName] y ya está de vuelta a salvo en [Root.Capital.Capital.GetName]!;;;;;;;;;x
EVTDESC_WOL_2226;I woke from my troubled sleep with a start. Was that a thud outside my cell? Keys rattle in the lock and the door opens to a bright light. It's that ogre of a gaoler. 'This blighter attempted your rescue', he growls, and holds up a comatose [target_agent.GetManWoman] like a ragdoll. '[Root.Host.GetTitledFirstNameNoRegnal] won't be too pleased, now will [Root.Host.GetSubjectPronoun]!?';Mon réveil s'est fait en sursaut après une nuit troublée. Quel était ce bruit en dehors de ma cellule ? J'entends des clefs dans la serrure, et la porte s'ouvre pour révéler un fin rayon de lumière. Il s'agit de cet ogre de geôlier. « Ce salaud a tenté de vous libérer », dit-il en ronchonnant alors qu'il me présente un[target_agent.Get_E] [target_agent.GetManWoman] ayant perdu connaissance. « Cela risque de ne pas plaire [Root.Host.Get_only_au_Title][Root.Host.GetTitledFirstNameNoRegnal], n'est-ce pas !? »;Plötzlich schreckte ich aus unruhigen Träumen hoch. Hörte ich da etwa das Geräusch eines dumpfen Schlags vor meiner Zelle? Dann klirrt ein Schlüssel im Schloss und die Tür öffnet sich. Helles Licht dringt in die Zelle. Es ist dieses Ungeheuer von Kerkermeister. "Dieser Schlingel hier hat versucht, dich zu retten", grunzt er und präsentiert mir eine bewusstlose Gestalt. "[Root.Host.GetTitledFirstNameNoRegnal] wird davon nicht begeistert sein, nicht wahr!?";;Me desperté de mi sueño atribulado con un susto. ¿He oído un un ruido sordo en el exterior de mi ceda? Suenan unas llaves en la cerradura y la puerta se abre con una luz brillante. Es el ogro del carcelero. ''Este tío intentó rescatarte', gruñe y sostiene un[target_agent.GetXA] [target_agent.GetManWoman] en coma como un muñeco de trapo. '[Root.Host.GetTitledFirstNameNoRegnal] [Root.Host.GetSubjectPronoun]no estará muy contento, ¿no?!';;;;;;;;;x
EVTDESC_WOL_2227;The prison guards foiled an escape attempt last night. My treacherous [GetFromFromRelation] [target_agent.GetBestName] was captured trying to free [target_captive.GetTitledName] from [target_captive.GetPossPronoun] cell!;Le garde de la prison a déjoué une tentative d'évasion la nuit dernière. M[target_agent.GetOnA] [GetFromFromRelation], [target_agent.Get_only_le_Title][target_agent.GetBestName], dans sa traîtrise, a été capturé[target_agent.Get_E] en train d'essayer de libérer [target_captive.Get_le_TitledName] de sa cellule !;Die Gefängniswächter vereitelten letzte Nacht einen Ausbruchsversuch. [GetFromFromRelation] [target_agent.GetBestName] wurde beim verräterischen Versuch, [target_captive.GetTitledName] aus der Zelle zu befreien, gefangen genommen!;;Los carceleros frustraron una tentativa de fuga anoche. ¡Mi [GetFromFromRelation] traidor[target_agent.GetXA] [target_agent.GetBestName] fue capturad[target_agent.GetXA] tratando de liberar a [target_captive.GetTitledName] de su celda!;;;;;;;;;x
EVTDESC_WOL_2227_CONSORT;My [GetFromRelation] [target_captive.GetFirstName] was almost abducted last night. The treacherous [target_agent.GetBestName] attempted to 'rescue' her by climbing in through the window, but slipped and fell! When questioned, the concussed [target_agent.GetFirstName] admitted that [target_rescuer.GetTitledName] was behind this chivalrous idiocy.;Ma [GetFromRelation] [target_captive.GetFirstName] a presque été enlevée la nuit dernière. [target_agent.Get_only_Le_Title][target_agent.GetBestName], dans sa traîtrise, a tenté de la 'sauver' en grimpant à travers la fenêtre, mais n'a que réussi à tomber misérablement ! Lors de l'interrogatoire, [target_agent.GetFirstName] a admis que [target_rescuer.Get_le_TitledName] se cachait derrière cette cascade aussi stupide que chevaleresque.;Meine [GetFromRelation] [target_captive.GetFirstName] wurde gestern Nacht beinahe entführt. [target_agent.GetBestName] versuchte sie zu "retten", indem er durch ihr Fenster stieg. Dabei verlor er den Halt und stürzte! Beim Verhör gestand [target_agent.GetFirstName], durch eine Gehirnerschütterung angeschlagen, dass [target_rescuer.GetTitledName] hinter dieser Schandtat steckte.;;Mi [GetFromRelation] [target_captive.GetFirstName] casi fue secuestrado ayer por la noche. [target_agent.GetElLaCap] traidor[target_agent.GetXA] de [target_agent.GetBestName] intentó 'rescatarla' trepando a través de la ventana, pero resbaló y cayó. Cuestionado, el conmocionado [target_agent.GetFirstName] admitió que [target_rescuer.GetTitledName] estaba detrás de esta idiotez caballerosa.;;;;;;;;;x
EVTDESC_WOL_2228;The [GetRootFromInsult] [target_captive.GetTitledFirstNameNoRegnal] had me thrown me in the oubliette to make sure I don't escape!;L'espèce de [GetRootFromInsultNounAdj] de [target_captive.GetTitledFirstNameNoRegnal] m'a jeté[Root.Get_E] aux oubliettes pour faire en sorte que je ne m'échappe jamais !;Die Pest soll sie holen! [target_captive.GetTitledFirstNameNoRegnal] hat mich ins Verließ stecken lassen, damit ich keine Chance habe zu entkommen!;;¡[GetRootFromInsult] [target_captive.GetTitledFirstNameNoRegnal] me hizo lanzar a un calabozo para asegurarse que no me escape!;;;;;;;;;x
EVTDESC_WOL_2229;Bad news... [target_agent.GetBestName] failed to free [target_captive.GetBestName] from [target_captive.GetPossPronoun] captivity and was imprisoned [target_agent.GetReflexivePronoun]!;Mauvaise nouvelle... [target_agent.Get_only_Le_Title][target_agent.GetBestName] a échoué dans sa tentative de libération [target_captive.Get_only_du_Title][target_captive.GetBestName], et gît maintenant dans la même prison !;Schlechte Neuigkeiten... [target_agent.GetBestName] schaffte es nicht, [target_captive.GetBestName] aus der Gefangenschaft zu befreien, und wurde gefangen genommen!;;Malas noticias... ¡[target_agent.GetBestName] no consiguió liberar a [target_captive.GetBestName] de [target_captive.GetPossPronoun] cautiverio y fue encarcelado [target_agent.GetReflexivePronoun]!;;;;;;;;;x
EVTDESC_WOL_2230;My agent in [target_captive.Host.GetTitledFirstNameNoRegnal]'s court, [target_agent.GetBestName], is no longer able to carry out the mission.;Mon agent à la cour [target_captive.Host.Get_only_du_Title][target_captive.Host.GetTitledFirstNameNoRegnal], [target_agent.Get_only_le_Title][target_agent.GetBestName], n'est plus en mesure de mener sa mission à bien.;Mein Unterstützer am Hof von [target_captive.Host.GetTitledFirstNameNoRegnal] [target_agent.GetBestName] kann die Mission nicht mehr ausführen.;;Mi agente en la corte de [target_captive.Host.GetTitledFirstNameNoRegnal], [target_agent.GetBestName], ya no es capaz de realizar la misión.;;;;;;;;;x
EVTDESC_WOL_2231;Dear [Root.GetTitledFirstNameNoRegnal], I fear that the plan I have devised to liberate [target_captive.GetBestName] will cost more money than I had estimated. If you still wish see [target_captive.GetObjectPronoun] free, please send me the necessary funds.\n\nYour friend, [target_agent.GetBestName];Ch[Root.GetErEre] [Root.GetTitledFirstNameNoRegnal], j'ai peur que mon projet de libérer [target_captive.Get_only_le_Title][target_captive.GetBestName] ne coûte plus cher que prévu. Si vous souhaitez toujours sa libération, veuillez me faire parvenir les fonds nécessaires.\n\nVotre ami[target_agent.Get_E], [target_agent.Get_only_le_Title][target_agent.GetBestName];Oh [Root.GetTitledFirstNameNoRegnal], ich befürchte, dass mein Plan zur Befreiung von [target_captive.GetBestName] kostspieliger wird, als ursprünglich gedacht. Falls Ihr [target_captive.GetObjectPronoun] immer noch befreien wollt, schickt mir bitte die nötigen Mittel.\n\nEuer Freund, [target_agent.GetBestName];;Querid[Root.GetOA] [Root.GetTitledFirstNameNoRegnal], me temo que el plan he diseñado para liberar a [target_captive.GetBestName] costará más dinero del que había estimado. Si aún deseas ver[target_captive.GetObjectPronoun] libre, por favor envíame los fondos necesarios.\n\nTu amig[target_agent.GetOA] [target_agent.GetBestName];;;;;;;;;x
EVTDESC_WOL_2232;Despite my best efforts, I still have not managed to find anyone at the court of [target_captive.Host.GetTitledFirstName] who would be willing to help [target_captive.GetBestName] escape.;Malgré tous mes efforts, je n'ai toujours pas réussi à trouver quelqu'un à la cour [target_captive.Host.Get_du_TitledFirstName] qui accepte d'aider [target_captive.Get_only_le_Title][target_captive.GetBestName] à s'échapper.;Trotz meiner Bemühungen habe ich immer noch niemanden am Hofe von [target_captive.Host.GetTitledFirstName] ausfindig machen können, der bereit wäre, bei der Befreiung von [target_captive.GetBestName] zu helfen.;;A pesar de mis mejores esfuerzos, aún no he logrado encontrar a nadie en la corte de [target_captive.Host.GetTitledFirstName] que esté dispuestos a ayudar a la fuga de [target_captive.GetBestName].;;;;;;;;;x
EVTDESC_WOL_2300;I watched from the shadows as my spymaster, [Root.job_spymaster.GetTitledFirstNameNoRegnal], surreptitiously marked a spot on the wall with a piece of chalk. This might just be [Root.job_spymaster.GetPossPronoun] normal skulduggery, but my intuition says not...;J'observais depuis les ombres alors que mon maître-espion, [Root.job_spymaster.Get_only_le_Title][Root.job_spymaster.GetTitledFirstNameNoRegnal], marquait furtivement un endroit sur le mur avec un morceau de craie. Il pourrait s'agir d'une de ses magouilles habituelles, mais mon instinct me dit le contraire...;Ich habe aus dem Verborgenen beobachtet, wie mein Hofspitzel, [Root.job_spymaster.GetTitledFirstNameNoRegnal], verstohlen eine Stelle an der Wand mit Kreide markiert. Dies könnte einfach nur eine hinterhältige Gewohnheit sein, aber mein Bauchgefühl sagt mir etwas anderes ...;;Vi desde las sombras como mi jefe de espías, [Root.job_spymaster.GetTitledFirstNameNoRegnal], marcaba subrepticiamente un punto en la pared con un trozo de tiza. Esto podría ser sólo uno de [Root.job_spymaster.GetPossPronoun] tejemanejes normales, pero mi intuición dice que no..;;;;;;;;;x
EVTDESC_WOL_2302;Eavesdropping from a secret passage in the walls, I overheard my faithless spymaster [Root.job_spymaster.GetFirstName] talking to another conspirator. They are plotting to [target_plotter.GetPlot]!;Écoutant depuis un passage secret à l'intérieur des murs, j'entends mon maître-espion [Root.job_spymaster.GetFirstName] discuter avec un autre conspirateur. Ils prévoient de [target_plotter.GetPlot] !;Ich versteckte mich in einem geheimen Gang in der Wand und belauschte, wie mein treuloser Hofspitzel [Root.job_spymaster.GetFirstName] mit einem anderen Verschwörer sprach. Sie haben folgenden Plan ausgeheckt: [target_plotter.GetPlot]!;;Escuchando desde un pasaje secreto dentro de las paredes, oí a mi desleal jefe de espías, [Root.job_spymaster.GetFirstName] hablando con otro conspirador. ¡Planean [target_plotter.GetPlot]!;;;;;;;;;x
EVTDESC_WOL_2303;My snooping [GetFromRelation], [From.GetTitledFirstName], apparently overheard me plotting murder and did not take kindly to my plans. I have been arrested!;M[From.GetOnA] [GetFromRelation], [From.Get_le_TitledFirstName], a sournoisement écouté l'une de mes conversations traitant du complot meurtrier que je préparais depuis si longtemps, et cela ne lui a pas plu. Je viens d'être arrêté[Root.Get_E] !;[GetFromRelation] [From.GetTitledFirstName], neugierig wie immer, hat mich wohl belauscht, wie ich Mordtaten plante, und war nicht von meinen Plänen begeistert. Ich wurde festgenommen!;;El fisgón de mi [GetFromRelation], [From.GetTitledFirstName], por lo visto me oyó conspirar un asesinato y no se tomó bien mis planes. ¡Me ha detenido!;;;;;;;;;x
EVTDESC_WOL_2304;Over the last week, I have observed my spymaster [Root.job_spymaster.GetFirstName] carefully and found nothing further to arouse my suspicion. Perhaps I'll just have to accept that odd behaviour goes with the job...;Depuis la semaine dernière, j'observe attentivement mon maître-espion [Root.job_spymaster.GetFirstName], sans jamais rien trouver de suspect. Peut-être devrais-je accepter que son comportement étrange n'est qu'une partie intégrante de son travail...;Im Laufe der letzten Woche habe ich meinen Hofspitzel [Root.job_spymaster.GetFirstName] genau beobachtet, doch mein Verdacht wurde durch nichts bestätigt. Vielleicht sollte ich einfach akzeptieren, dass Menschen in diesem Gewerbe ein seltsames Verhalten an den Tag legen ...;;La semana pasada, he observado cuidadosamente jefe de espías, [Root.job_spymaster.GetFirstName], y no he encontrado encontraron nada que más que suscite mis sospechas. Quizás tendré que reconocer que el comportamiento raro va con el trabajo...;;;;;;;;;x
EVTDESC_WOL_2305;I have noticed my [GetFromRelation] [From.GetTitledFirstName] clumsily spying on me lately. It probably has something to do with [From.GetPossPronoun] unhealthy obsession with intrigue and an overly suspicious mind. I should be careful.;Ces derniers temps, j'ai remarqué que m[From.GetOnA] [GetFromRelation], [From.Get_le_TitledFirstName], m'espionnait sans trop de discrétion. Cela est sûrement connecté à son obsession bizarre avec les intrigues, et à sa nature suspicieuse en général. Je devrais faire attention.;Ich habe bemerkt, wie [GetFromRelation] [From.GetTitledFirstName] mir seit Kurzem tollpatschig nachspioniert. Wahrscheinlich hat dies etwas mit einer paranoiden Fixiertheit auf Intrigen und einem allzu argwöhnischen Geist zu tun. Ich sollte vorsichtig sein.;;He notado mi [GetFromRelation] [From.GetTitledFirstName] últimamente intenta espiarme. Probablemente tenga algo que ver con [From.GetPossPronoun] obsesión enfermiza con intriga y una mente más que desconfiada. Deberé tener cuidado.;;;;;;;;;x

EVTOPT_WOL_2111_DEATH;I don't want to die like this!;Je ne veux pas mourir ainsi !;Ich will so nicht sterben!;;¡No quiero morir así!;;;;;;;;;x
EVTOPT_WOL_2111_DEATH_KNOWN;[target_snooper.GetTitledName] sends [target_snooper.GetPossPronoun] regards!';[target_snooper.Get_Le_TitledName] envoie ses respects !;[target_snooper.GetTitledName] sendet liebe Grüße!;;¡[target_snooper.GetTitledName] envía sus saludos!;;;;;;;;;x
EVTOPT_WOL_2111_KNOWN;Under torture, the two men admitted that [target_snooper.GetTitledName] hired them!;Ils ont admis sous la torture que [target_snooper.Get_le_TitledName] les a payés !;Auf der Folterbank gestanden die beiden Männer, dass [target_snooper.GetTitledName] sie angeworben hatte!;;¡Bajo tortura, los dos hombres confesaron que [target_snooper.GetTitledName] los contrató!;;;;;;;;;x
EVTOPT_WOL_2111_UNKNOWN;Unfortunately, the two assailants got away.;Malheureusement, les deux attaquants se sont échappés.;Leider konnten die beiden Angreifer flüchten.;;Por desgracia, los dos agresores escaparon.;;;;;;;;;x
EVTOPT_WOL_2121;...and manage to outdistance the bandits! Amateurs.;...et nous parvenons à fuir les bandits ! Ces amateurs.;... und schaffe es, die Raubritter hinter mir zu lassen! Anfänger.;;¡y consigo dejar atrás a los bandidos atrás! Aficionados.;;;;;;;;;x
EVTOPT_WOL_2121_CAUGHT;...but we are surrounded! No bandits, but the agents of [target_snooper.GetTitledName].;...mais nous sommes encerclés ! Pas de bandits, uniquement les agents [target_snooper.Get_du_TitledName].;... aber wir werden umzingelt! Es sind keine Raubritter, sondern die Handlanger von [target_snooper.GetTitledName].;;¡pero estamos rodeados! No son bandidos, sino agentes de [target_snooper.GetTitledName]. ;;;;;;;;;x

EVTOPTA_WOL_2003;I shall rule from the shadows.;Je régnerai depuis les ténèbres.;Ich bleibe im Schatten und ziehe die Fäden.;;Gobernaré en las sombras.;;;;;;;;;x
EVTOPTA_WOL_2050;I wonder what secrets [target_spy_on.GetSubjectPronoun] is hiding?;Je me demande quels secrets [target_spy_on.GetIlElle] cache ?;Ich frage mich, welche Geheimnisse [target_spy_on.GetSubjectPronoun] verbirgt?;;¿Qué secretos esconderá [target_spy_on.GetSubjectPronoun]?;;;;;;;;;x
EVTOPTA_WOL_2061;Time to turn my attention elsewhere.;Il est temps de regarder ailleurs.;Höchste Zeit, mich anderen Dingen zuzuwenden.;;Tiempo de concentrar mi atención en otra parte.;;;;;;;;;x
EVTOPTA_WOL_2065;Yes, this is pointless.;Oui, c'est une perte de temps.;Ja, denn das hat keinen Sinn.;;Sí, esto no tiene sentido.;;;;;;;;;x
EVTOPTA_WOL_2071;Knowledge is power!;Le savoir est une arme !;Wissen ist Macht!;;¡El conocimiento es poder!;;;;;;;;;x
EVTOPTA_WOL_2080;Inform [target_spy_on.GetPossPronoun] liege, [target_spy_on.Liege.GetTitledName].;Informer m[target_spy_on.Liege.GetOnA] [target_spy_on.Liege.GetLordLady] lige, [target_spy_on.Liege.Get_le_TitledName].;Informiert [target_spy_on.GetPossPronoun] Lehnsherrn, [target_spy_on.Liege.GetTitledName].;;Informar a su señor, [target_spy_on.Liege.GetTitledName]. ;;;;;;;;;x
EVTOPTA_WOL_2080_TOOLTIP;The liege of §Y[target_spy_on.GetTitledFirstName]§! will decide how to deal with [target_spy_on.GetHerHim].\n;Le seigneur lige [target_spy_on.Get_du_TitledFirstNameJ] décidera de quoi faire avec [target_spy_on.GetLuiElle].\n;Der Lehnsherr von §Y[target_spy_on.GetTitledFirstName]§! wird entscheiden, was mit [target_spy_on.Getihmihr] geschehen soll.\n;;El señor de §Y[target_spy_on.GetTitledFirstName]§! decidirá cómo lidiar con [target_spy_on.GetHerHim].\n;;;;;x
EVTOPTA_WOL_2081;Foul lies!;Vils mensonges !;Gemeine Lügen!;;¡Mentiras asquerosas!;;;;;;;;;x
EVTOPTA_WOL_2083;Muahaha!;Mouhahaha !;Hahahaha!;;¡Jajajaja!;;;;;;;;;x
EVTOPTA_WOL_2084;The things I do for stability in the realm...;Ce qu'on ne ferait pas pour la stabilité du Royaume...;Was ich nicht alles für die Stabilität des Reiches tue...;;Lo que hago por la estabilidad del reino...;;;;;;;;;x
EVTOPTA_WOL_2085;A wasted opportunity!;Une opportunité gâchée !;Eine verschwendete Gelegenheit!;;¡Una oportunidad malgastada!;;;;;;;;;x
EVTOPTA_WOL_2086;I have no choice but to agree.;Je n'ai d'autre choix que d'acquiescer.;Ich habe keine andere Wahl, als dem zuzustimmen.;;No tengo más remedio que aceptar.;;;;;;;;;x
EVTOPTA_WOL_2088;[From.GetSubjectPronounCap] will live to regret this!;[From.GetIlElleCap] finira par regretter ses actions !;[From.GetSubjectPronounCap] wird das noch bedauern!;;¡Vivirá para lamentarlo!;;;;;;;;;x
EVTOPTA_WOL_2100_1;I have it! [target_spy_on.GetSubjectPronounCap] likes to dress up as a [target_spy_on.GetManWomanOpp]!;J'ai trouvé ! [target_spy_on.GetIlElleCap] aime se vêtir comme un[target_spy_on.Get_EOpp] [target_spy_on.GetManWomanOpp] !;Ich hab's! [target_spy_on.GetSubjectPronoun] kleidet sich gern wie [target_spy_on.GeteineineOpp] [target_spy_on.GetManWomanOpp]!;;¡Lo tengo! ¡A [target_spy_on.GetSubjectPronoun] le gusta disfrazarse como un[target_spy_on.GetXAOpp] [target_spy_on.GetManWomanOpp]!;;;;;;;;;x
EVTOPTA_WOL_2100_2;How about a classic? [target_spy_on.GetSubjectPronounCap] takes little boys to bed!;Que diriez-vous d'un grand classique ? [target_spy_on.GetIlElle] couche avec des petits garçons !;Ein Klassiker gefällig? [target_spy_on.GetSubjectPronoun] bevorzugt kleine Jungs als Bettgenossen!;;¿Qué tal un clásico? ¡Se lleva a niños a la cama!;;;;;;;;;x
EVTOPTA_WOL_2100_3;Midgets, shoes... No! [target_spy_on.GetFirstName] is having an affair with a feisty goat!;Des nains, des chaussures... [target_spy_on.GetIlElleCap] a une liaison avec une chèvre fougueuse !;Zwerge, Schuhe ... Nein! [target_spy_on.GetFirstName] hat eine Affäre!;;Enanos, zapatos... No! [target_spy_on.GetFirstName] está teniendo relaciones con una cabra!;;;;;;;;;x
EVTOPTA_WOL_2100_4;[target_spy_on.GetSubjectPronounCap] likes to bathe in the blood of virgins. Brilliant!;[target_spy_on.GetIlElleCap] aime se baigner dans du sang de vierges. Brillante idée !;[target_spy_on.GetSubjectPronounCap] badet gerne im Blut von Jungfrauen. Brillant!;;A [target_spy_on.GetSubjectPronounCap] le gusta bañarse en sangre de vírgenes. ¡Brillante!;;;;;;;;;x
EVTOPTA_WOL_2100_5;[target_spy_on.GetSubjectPronounCap] murdered a childhood friend at the tender age of 11!;[target_spy_on.GetIlElleCap] a assassiné un ami d'enfance à l'âge de 11 ans !;[target_spy_on.GetSubjectPronounCap] ermordete einen Spielgefährten im zarten Alter von 11 Jahren!;;[target_spy_on.GetSubjectPronounCap] asesinó an un amiguito cuando tenía 11 años!;;;;;;;;;x
EVTOPTA_WOL_2100_6;[target_spy_on.GetSubjectPronounCap] has an imaginary friend called Bappo!;[target_spy_on.GetIlElleCap] a un ami imaginaire appelé Bappo !;[target_spy_on.GetSubjectPronounCap] hat einen unsichtbaren Freund namens Bappo!;;[target_spy_on.GetSubjectPronounCap] tiene un amigo imaginario llamado Bápo!;;;;;;;;;x
EVTOPTA_WOL_2100_7;[target_spy_on.Religion.GetRandomEvilGodNameCap]! Yes, [target_spy_on.GetSubjectPronoun] is surely a willing slave to dark forces!;Oui, il ne fait aucun doute que c'est un serviteur [target_spy_on.GetEvilGodDuDelaDes] !;[target_spy_on.Religion.GetRandomEvilGodNameCap]! Ja, [target_spy_on.GetFirstName] ist ein Sklave der dunklen Mächte!;;¡[target_spy_on.Religion.GetRandomEvilGodNameCap]! ¡Sí [target_spy_on.GetFirstName] es seguramente un[target_spy_on.GetXA] esclav[target_spy_on.GetOA] complaciente de fuerzas oscuras!;;;;;;;;;x
EVTOPTA_WOL_2100_8;[target_spy_on.GetSubjectPronounCap] leads a secret life as a prostitute in a brothel in [target_spy_on.Capital.Capital.GetName]!;[target_spy_on.GetIlElleCap] se prostitue secrètement dans un bordel à [target_spy_on.Capital.Capital.GetName] !;[target_spy_on.GetSubjectPronounCap] führt ein Doppelleben und betreibt Prostitution in einem Freudenhaus in [target_spy_on.Capital.Capital.GetName]!;;[target_spy_on.GetSubjectPronounCap] lleva una vida secreta como prostituta en un burdel en [target_spy_on.Capital.Capital.GetName]!;;;;;;;;;x
EVTOPTA_WOL_2101;The [GetRootFromInsult]!;Que[From.GetLLle] [GetRootFromInsultNounAdj] !;Ein Skandal!;;¡[GetRootFromInsult]!;;;;;;;;;x
EVTOPTA_WOL_2110;Yes, that would be expedient.;Oui, ce serait opportun.;Ja, das wäre sinnvoll.;;Sí, eso sería oportuno.;;;;;;;;;x
EVTOPTA_WOL_2112;Outside, I order my guards to tie up the loose ends...;Dehors, j'ordonne à mes gardes de s'occuper d'eux...;Vor der Taverne befehle ich meinen Wachen, alle Spuren zu beseitigen...;;Fuera, ordeno que mis guardias aten los cabos sueltos…;;;;;;;;;x
EVTOPTA_WOL_2113;It was worth it!;Cela valait le coup !;Das war es wert!;;¡Valió la pena!;;;;;;;;;x
EVTOPTA_WOL_2115;I hope [target_spy_on.GetSubjectPronoun] dies from infection!;Je souhaite qu'[target_spy_on.GetIlElle] périsse d'une infection !;Ich hoffe, [target_spy_on.GetSubjectPronoun] stirbt an einer Infektion!;;Espero que [target_spy_on.GetSubjectPronoun]se muera de la infección.;;;;;;;;;x
EVTOPTA_WOL_2117;Incompetent bungler! I should have done it myself.;Quelle incompétence ! J'aurais dû m'en occuper moi-même.;Unfähige Stümper! Ich hätte das selbst übernehmen sollen.;;¡Chapucero incompetente! Debería haberlo hecho yo.;;;;;;;;;x
EVTOPTA_WOL_2120;Ah yes. It would suit my purposes marvellously!;Ah, oui. Cela me convient à merveille !;Oh ja. Das wäre meinen Zwecken äußerst dienlich!;;Ah, sí. ¡Satisfaría mis objetivos maravillosamente!;;;;;;;;;x
EVTOPTA_WOL_2123;Morons! You can't find good help these days...;Imbéciles ! Il est si difficile de trouver des gens compétents ces temps-ci...;Idioten! Es ist unmöglich, heutzutage gutes Personal zu finden...;;¡Imbéciles! Últimamente no hay quien encuentre buena ayuda...;;;;;;;;;x
EVTOPTA_WOL_2200;I'll probably need an agent in [target_captive.Host.Capital.Capital.GetName]...;J'aurai probablement besoin d'un agent à [target_captive.Host.Capital.Capital.GetName]...;Ich benötige wahrscheinlich einen Handlanger in [target_captive.Host.Capital.Capital.GetName]...;;Probablemente necesitaré un agente en [target_captive.Host.Capital.Capital.GetName]. ..;;;;;;;;;x
EVTOPTA_WOL_2211;Well, it was worth a shot!;Eh bien, cela valait la peine d'essayer !;Tja, es war einen Versuch wert!;;¡Bueno, valió la pena intentarlo!;;;;;;;;;x
EVTOPTA_WOL_2221;Put the plan in motion!;Lancer la première étape du plan !;Beginnt mit der Umsetzung des Plans!;;¡Pon el plan en marcha!;;;;;;;;;x
EVTOPTA_WOL_2223;Freedom!;Je suis libre !;Freiheit!;;¡Libertad!;;;;;;;;;x
EVTOPTA_WOL_2224;[target_rescuer.GetTitledName] was surely behind this!;[target_rescuer.Get_Le_TitledName] se cache sûrement derrière tout cela !;Dahinter steckt mit Sicherheit [target_rescuer.GetTitledName]!;;¡Seguramente [target_rescuer.GetTitledName] está detrás de esto!;;;;;;;;;x
EVTOPTA_WOL_2226;Poor [target_agent.GetManWoman]... was that [target_agent.GetBestName]?;Un[target_agent.Get_E] [target_agent.GetManWoman] qui n'a pas eu de chance... S'agissait-il [target_agent.Get_only_du_Title][target_agent.GetBestName] ?;Diese[target_agent.GetrMale] [target_agent.GetManWoman]... ist das etwa [target_agent.GetBestName]?;;Pobre [target_agent.GetManWoman] ¿vino de parte de[target_agent.GetBestName]?;;;;;;;;;x
EVTOPTA_WOL_2227;The dungeon is not secure enough. Throw [target_captive.GetFirstName] in the oubliette!;Les cachots ne sont pas assez sûrs. Jetez [target_captive.GetFirstName] aux oubliettes !;Der Kerker ist nicht sicher genug. Werft [target_captive.GetFirstName] in das Verließ!;;La mazmorra no es lo suficientemente segura. ¡Echa a [target_captive.GetFirstName] un calabozo!;;;;;;;;;x
EVTOPTA_WOL_2228;I will die here...;Je vais mourir ici...;Ich werde hier sterben...;;Moriré aquí...;;;;;;;;;x
EVTOPTA_WOL_2229;Damnation! Security will be too tight now.;Damnation ! La sécurité sera trop sévère après ceci.;Hölle und Verdammnis! Die Sicherheitsmaßnahmen werden furchtbar sein.;;¡Maldita sea! Ahora la seguridad estará demasiado reforzada.;;;;;;;;;x
EVTOPTA_WOL_2230;I will have to look for another contact...;Je devrai en trouver un autre...;Ich muss eine neue Kontaktperson finden ...;;Tendré que buscar otro contacto...;;;;;;;;;x
EVTOPTA_WOL_2231;I guess I have no choice...;Je n'ai pas le choix...;Ich habe wohl keine andere Wahl ...;;Supongo que no tengo otra opción...;;;;;;;;;x
EVTOPTA_WOL_2232;Keep looking;Poursuivre les recherches;Suche fortsetzen;;Sigue buscando;;;;;;;;;x
EVTOPTA_WOL_2300;Time to spy on the spy;Il est temps d'espionner l'espion;Höchste Zeit, meinem Hofspitzel nachzuspionieren;;Tiempo de espiar al espía;;;;;;;;;x
EVTOPTA_WOL_2302;Arrest [Root.job_spymaster.GetTitledFirstNameNoRegnal] immediately!;Arrêter [Root.job_spymaster.Get_only_le_Title][Root.job_spymaster.GetTitledFirstNameNoRegnal] immédiatement !;Nehmt [Root.job_spymaster.GetTitledFirstNameNoRegnal] sofort fest!;;¡Detén a [Root.job_spymaster.GetTitledFirstNameNoRegnal] inmediatamente!;;;;;;;;;x
EVTOPTA_WOL_2304;I have more important things to do;J'ai d'autres choses à faire;Ich habe Wichtigeres zu tun;;Tengo cosas más importantes que hacer;;;;;;;;;x
EVTOPTA_WOL_2305;Lead [From.GetObjectPronoun] a merry chase!;Lui donner la pourchasse de sa vie !;Lasst [From.GetObjectPronoun] ins Leere laufen!;;¡Embárca[From.GetObjectPronoun] en una persecución interesante!;;;;;;;;;x

EVTOPTB_WOL_2003;I shall strike terror into the hearts of my foes!;J'inspirerai la terreur dans le coeur de mes ennemis !;Ich werde die Herzen meiner Feinde mit Furcht erfüllen!;;¡Infundiré terror en los corazones de mis enemigos!;;;;;;;;;x
EVTOPTB_WOL_2065;No, I am sure [target_spy_on.GetSubjectPronoun] is up to something...;Non, je sais qu'[target_spy_on.GetIlElle] cache quelque chose...;Nein, ich bin mir sicher, dass [target_spy_on.GetSubjectPronoun] etwas im Schilde führt ...;;No, estoy seguro de que [target_spy_on.GetSubjectPronoun] está haciendo algo ilícito...;;;;;;;;;x
EVTOPTB_WOL_2071;Aha! Now I can call off my spies.;Ah ha ! Je peux maintenant rappeler mes espions.;Ach so! Nun kann ich meine Spione zurückpfeifen.;;Ah! Ahora puedo retirar mis espías.;;;;;;;;;x
EVTOPTB_WOL_2071_TT;Plot is revealed and I will stop spying on §Y[target_spy_on.GetTitledName]§!;Le complot est révélé et je vais arrêter d'espionner [target_spy_on.Get_le_TitledNameJ];Die Verschwörung ist aufgedeckt und ich höre auf §Y[target_spy_on.GetTitledName]§! auszuspionieren.;;Se ha revelado del complot y dejaré de espiar a §Y[target_spy_on.GetTitledName]§!;;;;;x
EVTOPTB_WOL_2080;Expose and denounce [target_spy_on.GetObjectPronoun] publicly, giving me a reason to arrest [target_spy_on.GetObjectPronoun]!;Une dénonciation publique me donnera une raison de l'arrêter !;Prangert [target_spy_on.GetObjectPronoun] öffentlich an!;;¡Exponer y denunciar[target_spy_on.GetObjectPronoun] en público, dándome un motivo para detener[target_spy_on.GetObjectPronoun]!;;;;;;;;;x
EVTOPTB_WOL_2080_HARSH;Denounce [target_spy_on.GetObjectPronoun], giving me reasons for arrest and revokation!;Une dénonciation publique pour l'arrêter et révoquer son titre !;Prangert [target_spy_on.GetObjectPronoun] öffentlich an!;;¡Denuncia a [target_spy_on.GetObjectPronoun] en público, dándome una razón para su detención y despojar[target_spy_on.GetObjectPronoun] de su título!;;;;;;;;;x
EVTOPTB_WOL_2080_TOOLTIP;Publicly denounce §Y[target_spy_on.GetTitledFirstName]§!!\n;Vous dénoncez publiquement §Y[target_spy_on.Get_le_TitledFirstNameJ]§!!\n;Stellt §Y[target_spy_on.GetTitledFirstName]§! öffentlich bloß!\n;;¡Denuncia públicamente a §Y[target_spy_on.GetTitledFirstName]§!!\n;;;;;;;;;x
EVTOPTB_WOL_2086;Never!;Jamais !;Niemals!;;¡Jamás!;;;;;;;;;x
EVTOPTB_WOL_2100;No, I need something real.;Non, j'ai besoin de quelque chose de plus substantiel.;Nein, es muss schon was Wahres dran sein.;;No, necesito algo verdadero.;;;;;;;;;x
EVTOPTB_WOL_2110;Murder is going too far!;Meurtre ? Cela va trop loin !;Mord geht zu weit!;;¡El asesinato es ir demasiado lejos!;;;;;;;;;x
EVTOPTB_WOL_2120;No, I have no reason to do that.;Non, je n'ai aucune raison de faire cela.;Nein, es gibt dafür keinen Grund.;;No, no tengo ninguna razón para hacerlo.;;;;;;;;;x
EVTOPTB_WOL_2221;Bribe [target_agent.GetFirstName] and go ahead with the plan.;Soudoyer [target_agent.GetFirstName] et initier le plan.;Bestecht [target_agent.GetFirstName] und setzt den Plan um.;;Soborna a [target_agent.GetFirstName] y sigue adelante con el plan.;;;;;;;;;x
EVTOPTB_WOL_2227;Tighten security!;Renforçons la sécurité !;Die Sicherheitsmaßnahmen müssen verschärft werden!;;¡Refuerza la seguridad!;;;;;;;;;x
EVTOPTB_WOL_2232;I give up!;J'abandonne !;Ich gebe auf!;;!Me rindo!;;;;;;;;;x
EVTOPTB_WOL_2300;No, I can trust [intrigue_spymaster.GetObjectPronoun];Non, je peux avoir confance en [intrigue_spymaster.GetLuiElle];Nein, ich kann [intrigue_spymaster.GetObjectPronoun] vertrauen;;No, yo puedo fiarme de [intrigue_spymaster.GetObjectPronoun];;;;;;;;;x
EVTOPTB_WOL_2302;Hold off. I will deal with this later.;Patience. Je m'occuperai de cela plus tard.;Immer mit der Ruhe. Ich beschäftige mich später damit.;;Espera. Me encargaré de esto más adelante.;;;;;;;;;x
EVTOPTB_WOL_2304;I can't take any chances. Have [Root.job_spymaster.GetObjectPronoun] replaced.;Je ne peux prendre aucun risque. Un remplacement est nécessaire.;Ich kann kein Risiko eingehen. [Root.job_spymaster.GetObjectPronoun] muss ersetzt werden.;;No puedo correr ningún riesgo. Que [Root.job_spymaster.GetObjectPronoun] sea reemplazado.;;;;;;;;;x

EVTOPTC_WOL_2003;And yet, I won't let the shadows define me...;Et malgré cela, je ne laisserai pas les ombres me définir...;Trotzdem ist der Schatten nicht das, was mich ausmacht...;;Y sin embargo, no dejaré que las sombras me definan...;;;;;;;;;x
EVTOPTC_WOL_2080;Threaten [target_spy_on.GetFirstName] with exposure unless [target_spy_on.GetSubjectPronoun] stays out of all factions.;Menaçons-[target_spy_on.GetLeLa] d'une dénonciation afin qu'[target_spy_on.GetIlElle] ne rejoigne pas de faction.;Droht [target_spy_on.GetFirstName] mit öffentlicher Bloßstellung!;;Amenazar a [target_spy_on.GetFirstName] con exponerl[target_spy_on.GetOA] a menos que se aleje de todas las facciones.;;;;;;;;;x
EVTOPTC_WOL_2080_TOOLTIP;§Y[target_spy_on.GetTitledFirstName]§! will either stay out of factions or be exposed, giving you the right to imprison [target_spy_on.GetHerHim].\n;Soit [target_spy_on.Get_le_TitledFirstNameJ] ne rejoindra pas de faction soit [target_spy_on.GetIlElle] sera dénoncé[target_spy_on.Get_E], ce qui vous donnera le droit de l'emprisonner.\n;§Y[target_spy_on.GetTitledFirstName]§! wird sich entweder aus den Fraktionen heraushalten oder [target_spy_on.GetSheHe] wird angeprangert, was Euch berechtigt, [target_spy_on.GetHerHim] ins Gefängnis zu werfen.\n;;§Y[target_spy_on.GetTitledFirstName]§! deberá no inmiscuirse. De lo contrario, quedará expuesto, lo que te daría el derecho de encarcelarlo.\n;;;;;x
EVTOPTC_WOL_2100;No... I think it is time to spy on someone else.;Non... Je pense qu'il est temps d'espionner quelqu'un d'autre.;Nein ... ich sollte meine Spione auf jemand anderen ansetzen.;;No... creo que ahora toca espiar a otra persona.;;;;;;;;;x
EVTOPTC_WOL_2221;Seduce [target_agent.GetFirstName] and go ahead with the plan.;Séduire [target_agent.GetFirstName] et initier le plan.;Verführt [target_agent.GetFirstName] und setzt den Plan um.;;Seduce a [target_agent.GetFirstName] y sigue adelante con el plan.;;;;;;;;;x
EVTOPTC_WOL_2231;Time to abandon this plan;Abandonnons là ce projet;Der Plan muss abgeblasen werden;;Es hora de abandonar a este plan;;;;;;;;;x

EVTOPTD_WOL_2080;Threaten [target_spy_on.GetFirstName] with exposure unless [target_spy_on.GetSubjectPronoun] joins my factions.;Menaçons-[target_spy_on.GetLeLa] d'une dénonciation afin qu'[target_spy_on.GetIlElle] rejoigne ma faction.;Droht [target_spy_on.GetFirstName] mit öffentlicher Bloßstellung!;;Amenazar a [target_spy_on.GetFirstName] con exponerl[target_spy_on.GetOA] exposición a menos que se una a mi facción.;;;;;;;;;x
EVTOPTD_WOL_2080_TOOLTIP;§Y[target_spy_on.GetTitledFirstName]§! will either join your factions or be exposed, giving you the right to imprison [target_spy_on.GetHerHim].\n;Soit [target_spy_on.Get_le_TitledFirstNameJ] rejoindra votre faction soit [target_spy_on.GetIlElle] sera dénoncé[target_spy_on.Get_E], ce qui vous donnera le droit de l'emprisonner.\n;§Y[target_spy_on.GetTitledFirstName]§! wird sich entweder Euren Fraktionen anschließen oder sie wird angeprangert, was Euch berechtigt, [target_spy_on.GetHerHim] ins Gefängnis zu werfen.\n;;§Y[target_spy_on.GetTitledFirstName]§! deberá inmiscuirse. De lo contrario, quedará expuesto, lo que te daría el derecho de encarcelarlo.\n;;;;;x
EVTOPTD_WOL_2221;I've changed my mind. Abort the whole scheme.;J'ai changé d'avis. Mettre fin au plan dans son intégralité.;Ich habe es mir anders überlegt. Wir blasen den Plan ab.;;He cambiado de opinión. Anula el plan entero.;;;;;;;;;x

EVTOPTE_WOL_2080;Keep this information to myself.;Gardons ces informations pour nous.;Behaltet diese Information für Euch.;;Guardarme esta información.;;;;;;;;;x
EVTOPTE_WOL_2080_TOOLTIP;Do not use the information, but keep spying on §Y[target_spy_on.GetTitledFirstName]§!.\n;Ne pas utiliser l'information, mais continuer à espionner [target_spy_on.Get_le_TitledFirstNameJ].\n;Verwendet diese Informationen nicht, aber spioniert §Y[target_spy_on.GetTitledFirstName]§! weiter aus.\n;;No usar la información, pero seguir espiando a §Y[target_spy_on.GetTitledFirstName]§!.\n;;;;;x
EVTOPTE_WOL_2082_TOOLTIP;Do not use the information against §Y[target_spy_on.GetTitledFirstName]§!.\n;Ne pas utiliser l'information contre [target_spy_on.Get_le_TitledFirstNameJ].\n;Verwendet diese Informationen nicht gegen §Y[target_spy_on.GetTitledFirstName]§!.\n;;No usar la información contra §Y[target_spy_on.GetTitledFirstName]§!.\n;;;;;x

EVTOPTF_WOL_2080;I see, but I think it is time to spy on someone else.;Je vois... Il est temps d'espionner quelqu'un d'autre.;Es ist an der Zeit, meine Spione auf jemand anderen anzusetzen.;;Muy bien, pero creo que ahora es el momento de espiar a otra persona.;;;;;;;;;x
EVTOPTF_WOL_2080_TOOLTIP;Do not use the information and stop spying on §Y[target_spy_on.GetTitledFirstName]§!.\n;Ne pas utiliser l'information et arrêter d'espionner [target_spy_on.Get_le_TitledFirstNameJ].\n;Verwendet diese Informationen nicht und spioniert §Y[target_spy_on.GetTitledFirstName]§! nicht mehr aus.\n;;No usar la información y dejar de espiar a §Y[target_spy_on.GetTitledFirstName]§!.\n;;;;;x

EVTTOOLTIP_WOL_2101;§Y[This.GetTitledFirstName]§! finds out that I started the rumors.;§Y[This.Get_Le_TitledFirstName]§! découvre que j'étais à l'origine de toutes les rumeurs.;§Y[This.GetTitledFirstName]§! hat herausgefunden, dass ich die Gerüchte verbreitete.;;§Y[This.GetTitledFirstName]§! averigua que comencé los rumores.;;;;;;;;;x
EVTTOOLTIP_WOL_2111;§Y[This.GetTitledFirstNameNoRegnal]§! is attacked and hopefully slain...;[This.Get_only_Le_Title]§Y[This.GetTitledFirstNameNoRegnal]§! subit une attaque, et avec un peu de chance, a une grave blessure...;§Y[This.GetTitledFirstNameNoRegnal]§! wird angegriffen und hoffentlich getötet...;;§Y[This.GetTitledFirstNameNoRegnal]§! es atacado y con suerte, asesinado...;;;;;;;;;x
EVTTOOLTIP_WOL_2121;Some thugs are hired, with orders to bring me §Y[This.GetTitledFirstNameNoRegnal]§! alive.;Plusieurs malfrats sont embauchés et ont pour ordres de me ramener [This.Get_only_le_Title]§Y[This.GetTitledFirstNameNoRegnal]§! en vie.;Einige Schlägertypen werden organisiert, deren Auftrag lautet, §Y[This.GetTitledFirstNameNoRegnal]§! lebendig zu mir zu bringen.;;Algunos matones son contratados, con órdenes de traerme a §Y[This.GetTitledFirstNameNoRegnal]§! vivo.;;;;;;;;;x
