EVTDESC_WOL_1003;The late nights, the way my [cheating_spouse.GetRootRelation] [cheating_spouse.GetFirstName] has stopped touching me - or even looking at me - and now the whispers of [cheating_spouse.GetObjectPronoun] and that [adulterer.GetEventTarget1Insult] [adulterer.GetBestName]... I can't take it anymore!;Les nuits sans sa présence, la manière dont m[cheating_spouse.GetOnA] [cheating_spouse.GetRootRelation] [cheating_spouse.GetFirstName] a cessé de me toucher, ou même de me regarder... et maintenant les rumeurs à propos de c[adulterer.GetEEtte] [GetRootFromInsultNounAdj] [adulterer.GetBestName]... Je n'en peux plus !;Die Nächte sind unerträglich geworden. Die Art, in der m[cheating_spouse.Geteineine] [cheating_spouse.GetRootRelation] [cheating_spouse.GetFirstName] sich weigert, mich anzufassen oder überhaupt anzuschauen, ist grauenhaft. Und nun das Geflüster von [cheating_spouse.GetObjectPronoun] und von Menschen wie [adulterer.GetBestName]... Ich halte das nicht mehr aus!;;Estas últimas noches, mi [cheating_spouse.GetRootRelation] [cheating_spouse.GetFirstName] ha dejado de tocarme - o hasta mirarme - y ahora los susurros de [cheating_spouse.GetObjectPronoun] y es[adulterer.GetEA] [GetRootFromInsult] de [adulterer.GetBestName]... ¡No puedo más!;;;;;;;;;x
EVTDESC_WOL_1003_CR;My [cheating_spouse.GetRootRelation] [cheating_spouse.GetFirstName] has stopped touching me, or even looking at me. There is something not right about the way [cheating_spouse.GetFirstName] and [cheating_spouse.GetPossPronoun] [adulterer.GetEventTarget1Relation] [adulterer.GetTitledFirstNameNoRegnal] hold hands, about their long walks in the forest... It sickens me.;M[cheating_spouse.GetOnA] [cheating_spouse.GetRootRelation] [cheating_spouse.GetFirstName] a cessé de me toucher, ou même de me regarder. Il y a quelque chose d'anormal dans la manière dont [cheating_spouse.GetFirstName] et s[adulterer.GetOnA] [adulterer.GetEventTarget1Relation], [adulterer.Get_only_le_Title][adulterer.GetTitledFirstNameNoRegnal] se tiennent la main, à se balader dans la forêt pendant des heures... Cela me rend malade.;M[cheating_spouse.Geteineine] [cheating_spouse.GetRootRelation] [cheating_spouse.GetFirstName] berührt mich nicht mehr und schaut mich auch nicht mehr an. Bei [cheating_spouse.GetFirstName] und [cheating_spouse.GetPossPronoun][cheating_spouse.GeterFemale][cheating_spouse.GetemMale] [adulterer.GetEventTarget1Relation] [adulterer.GetTitledFirstNameNoRegnal] ist etwas nicht ganz sauber. Ihr Händchenhalten, ihre langen Spaziergänge im Wald. Es macht mich krank.;;Mi [cheating_spouse.GetRootRelation] [cheating_spouse.GetFirstName] ha dejado de tocarme o incluso mirarme, Hay algo que no es correcto en el modo en que [cheating_spouse.GetFirstName] y [cheating_spouse.GetPossPronoun] [adulterer.GetEventTarget1Relation] [adulterer.GetTitledFirstNameNoRegnal] se toman las manos en sus largas caminatas por el bosque... Me da asco.;;;;;;;;;x
EVTDESC_WOL_1003_SPY_RESULT;One of the servant boys I had shadowing [target_spy_on.GetFirstName] stutters his words as he reports, whitefaced, what he saw my [cheating_spouse.GetRootRelation] doing with [adulterer.GetTitledName] in one of the guest rooms! The boy was hiding behind a tapestry the whole time...;Un des jeunes serviteurs à qui j'avais demandé de suivre [target_spy_on.GetFirstName] m'informe en bredouillant, le visage blême, qu'il a vu m[cheating_spouse.GetOnA] [cheating_spouse.GetRootRelation] faire des choses en compagnie [adulterer.Get_du_TitledName] dans une chambre réservée aux invités ! Le garçon était dissimulé derrière une tenture pendant tout ce temps...;Der Dienstbote, der ein Auge auf [target_spy_on.GetFirstName] haben sollte, berichtet verstört, was m[adulterer.Geteineine] [cheating_spouse.GetRootRelation] mit [adulterer.GetTitledName] in einem der Gästezimmer trieb! Aus seinem Versteck hinter dem Wandteppich konnte der Junge alles genau beobachten ...;;Uno de los jóvenes sirvientes que había mandado a espiar a [target_spy_on.GetFirstName] me cuenta, tartamudeando, lo que ha visto a mi [cheating_spouse.GetRootRelation] hacer con [adulterer.GetTitledName] en una de las habitaciones de invitados! El chico lo vio todo escondido detrás de un tapiz.;;;;;;;;;x
EVTDESC_WOL_1003_TIP;I received a message today, from [From.GetTitledName]. [From.GetSubjectPronounCap] tells me that [From.GetPossPronoun] suspects that her spouse, [adulterer.GetTitledFirstNameNoRegnal] and my [cheating_spouse.GetRootRelation] [cheating_spouse.GetFirstName] are having an affair, but that there is nothing more [From.GetSubjectPronoun] dares do about it!;J'ai reçu un message aujourd'hui, de la part [From.Get_du_TitledName]. [From.GetIlElleCap] y parle de ses soupçons envers son partenaire, [adulterer.Get_only_le_Title][adulterer.GetTitledFirstNameNoRegnal], et m[cheating_spouse.GetOnA] [cheating_spouse.GetRootRelation] [cheating_spouse.GetFirstName] à propos d'une probable liaison... mais aucun autre détail n'est donné !;Ich erhielt eine Nachricht von [From.GetTitledName]. [From.GetSubjectPronounCap] sagt, [From.GetPossPronoun]en Ehepartner [adulterer.GetTitledFirstNameNoRegnal] in Verdacht zu haben, mit m[cheating_spouse.Geteinemeiner] [cheating_spouse.GetRootRelation] [cheating_spouse.GetFirstName] eine Affäre zu haben, aber es gibt nichts, was [From.GetSubjectPronoun] dagegen zu unternehmen wagt!;;¡He recibido un mensaje en el día de hoy, de [From.GetTitledName]. [From.GetSubjectPronounCap] donde me dice que sospecha que su esposo, [adulterer.GetTitledFirstNameNoRegnal] y mi [cheating_spouse.GetRootRelation] están teniendo una relación amorosa, pero que que no se atrever a hacer nada!;;;;;;;;;x
EVTDESC_WOL_1004;My [accuser.GetRootRelation] [accuser.GetFirstName] just asked me if I'm having an affair with [adulterer.GetTitledName]. [accuser.GetPossPronounCap] stony expression does not reveal whether [accuser.GetSubjectPronoun] knows or is only guessing...;M[accuser.GetOnA] [accuser.GetRootRelation] [accuser.GetFirstName] vient de me demander si j'avais une liaison avec [adulterer.Get_le_TitledName]. Son expression de pierre ne me permet pas de dire [accuser.GetSilSielle] est vraiment au courant, ou s'il ne s'agit que d'une supposition...;[accuser.GetFirstName] fragte mich, ob ich eine Affäre mit [adulterer.GetTitledName] habe. [accuser.GetPossPronounCap] frostiger Gesichtsausdruck verrät nichts darüber, ob [accuser.GetSubjectPronoun] es weiß oder nur vermutet...;;Mi [accuser.GetRootRelation] [accuser.GetFirstName] me preguntó si estoy teniendo una aventura con [adulterer.GetTitledName]. Su expresión pétrea no revela si lo sabe o sólo intenta averiguarlo.;;;;;;;;;x
EVTDESC_WOL_1005;My lover, [cheating_spouse.GetTitledFirstNameNoRegnal] just broke up with me! Apparently, [cheating_spouse.GetPossPronoun] jealous [accuser.GetEventTarget1Relation] confronted [cheating_spouse.GetObjectPronoun] about our affair...;[cheating_spouse.Get_only_Le_Title][cheating_spouse.GetTitledFirstNameNoRegnal], mon amant[cheating_spouse.Get_E], vient de rompre avec moi ! Apparemment, s[FromFrom.GetOnA] [accuser.GetEventTarget1Relation] l'a confronté dans un excès de jalousie à propos de notre liaison...;Mein Liebhaber [cheating_spouse.GetTitledFirstNameNoRegnal] hat unsere Beziehung beendet! Offenbar hat [cheating_spouse.GetPossPronoun] eifersüchtige[cheating_spouse.GetrMaleOpp] [accuser.GetEventTarget1Relation] [cheating_spouse.GetObjectPronoun] auf die Affäre angesprochen...;;Mi amante, [cheating_spouse.GetTitledFirstNameNoRegnal] acaba de romper conmigo! Al parecer, su celos[accuser.GetOA] [accuser.GetEventTarget1Relation] se enfrentó a [cheating_spouse.GetObjectPronoun] por nuestra aventura...;;;;;;;;;x
EVTDESC_WOL_1006;My [cheating_spouse.GetRootRelation] [cheating_spouse.GetFirstName] tearfully admitted to [cheating_spouse.GetPossPronoun] affair with [adulterer.GetTitledFirstNameNoRegnal] and is begging me for forgiveness on [cheating_spouse.GetPossPronoun] bare knees...;M[cheating_spouse.GetOnA] [cheating_spouse.GetRootRelation] [cheating_spouse.GetFirstName] vient de fondre en larmes et d'admettre sa liaison avec [adulterer.Get_only_le_Title][adulterer.GetTitledFirstNameNoRegnal], et maintenant me supplie à genoux de lui pardonner...;M[cheating_spouse.Geteineine] [cheating_spouse.GetRootRelation] [cheating_spouse.GetFirstName] gestand unter Tränen [cheating_spouse.GetPossPronoun]e Affäre mit [adulterer.GetTitledFirstNameNoRegnal] und bittet mich auf Knien um Vergebung...;;Mi [cheating_spouse.GetRootRelation] [cheating_spouse.GetFirstName] admitió llorando su aventura con [adulterer.GetTitledFirstNameNoRegnal] y ahora me pide perdón de rodillas...;;;;;;;;;x
EVTDESC_WOL_1007;The jealous [accuser.GetEventTarget1Relation] of my lover [cheating_spouse.GetTitledFirstNameNoRegnal] has denounced us both as adulterers publicly!;[From.GetLeLaCap] [GetFromFromVsFromRelation] de mon amant[cheating_spouse.Get_E], [cheating_spouse.Get_only_le_Title][cheating_spouse.GetTitledFirstNameNoRegnal], nous a dénoncés publiquement pour adultère !;[Root.GetDerDie] [GetFromFromVsFromRelation] meines Liebhabers [cheating_spouse.GetTitledFirstNameNoRegnal] hat uns aus Eifersucht öffentlich des Ehebruchs bezichtigt!;;¡[accuser.GetElLaCap] celos[accuser.GetOA] [GetFromFromVsFromRelation] de mi amante [cheating_spouse.GetTitledFirstNameNoRegnal] nos ha denunciado públicamente como adúlteros!;;;;;;;;;x
EVTDESC_WOL_1007_LOVER_ADM;The [accuser.GetEventTarget1Insult] [accuser.GetTitledFirstNameNoRegnal] would not accept my sincere apology, but has chosen to denounce both me and [accuser.GetPossPronoun] [cheating_spouse.GetEventTarget2Relation] [cheating_spouse.GetTitledFirstNameNoRegnal] publicly as adulterers!;[accuser.Get_only_Le_Title][accuser.GetTitledFirstNameNoRegnal], c[accuser.GetEEtte] [accuser.GetEventTarget1Insult], a refusé d'accepter mes excuses les plus sincères et a choisi de dénoncer publiquement s[cheating_spouse.GetOnA] [cheating_spouse.GetEventTarget2Relation], [cheating_spouse.Get_only_le_Title][cheating_spouse.GetTitledFirstNameNoRegnal], et moi-même pour adultère !;Immer diese Menschen! [accuser.GetTitledFirstNameNoRegnal] wollte meine aufrichtige Entschuldigung nicht akzeptieren und hat nun sowohl mich als auch [accuser.GetPossPronoun]en [cheating_spouse.GetEventTarget2Relation] [cheating_spouse.GetTitledFirstNameNoRegnal] öffentlich des Ehebruchs bezichtigt!;;¡[accuser.GetElLaCap] [accuser.GetEventTarget1Insult] de [accuser.GetTitledFirstNameNoRegnal] no sólo no aceptó mis disculpas sinceras, sino que ha decidido denunciarnos públicamente como adúlteros a mi [accuser.GetPossPronoun] [cheating_spouse.GetEventTarget2Relation] [cheating_spouse.GetTitledFirstNameNoRegnal] y a mí!;;;;;;;;;x
EVTDESC_WOL_1007_SPYING;[accuser.GetTitledFirstNameNoRegnal] hired spies to observe me and [accuser.GetPossPronoun] [cheating_spouse.GetEventTarget2Relation] [cheating_spouse.GetTitledFirstNameNoRegnal]. They uncovered our love affair, and the [GetRootFromInsult] has chosen to expose our adultery to the public!;[accuser.Get_only_Le_Title][accuser.GetTitledFirstNameNoRegnal] a engagé des espions pour suivre s[cheating_spouse.GetOnA] [cheating_spouse.GetEventTarget2Relation], [cheating_spouse.Get_only_le_Title][cheating_spouse.GetTitledFirstNameNoRegnal], et moi-même. Ils ont découvert notre liaison et c[accuser.GetEEtte] [GetRootFromInsultNounAdj] a choisi de nous dénoncer publiquement pour adultère !;[accuser.GetTitledFirstNameNoRegnal] heuerte Spione zur Beobachtung seiner/ihres [cheating_spouse.GetEventTarget2Relation] [cheating_spouse.GetTitledFirstNameNoRegnal] an. Sie legten die Affäre offen. Diese Menschen werden den Ehebruch öffentlich machen!;;[accuser.GetTitledFirstNameNoRegnal] contrató espías para vigilar a su [cheating_spouse.GetEventTarget2Relation] [cheating_spouse.GetTitledFirstNameNoRegnal] y a mí. ¡Descubrieron nuestra historia de amor, y el [GetRootFromInsult] ha elegido para exponer nuestro adulterio al público!;;;;;;;;;x
EVTDESC_WOL_1008;My wrathful [accuser.GetRootRelation] [accuser.GetFirstName] would not accept my sincere apologies no matter what I said. [accuser.GetSubjectPronounCap] has denounced me and my lover [adulterer.GetTitledFirstNameNoRegnal] publicly.;M[accuser.GetOnA] [accuser.GetRootRelation] [accuser.GetFirstName], dans sa colère, a refusé d'accepter mes excuses les plus sincères, peu importe mes propos. [accuser.GetIlElleCap] a décidé de dénoncer [adulterer.Get_only_le_Title][adulterer.GetTitledFirstNameNoRegnal] et moi-même publiquement pour adultère.;Aus Wut wollte m[accuser.Geteineine] [accuser.GetRootRelation] [accuser.GetFirstName] meine Entschuldigung nicht akzeptieren. [accuser.GetSubjectPronounCap] stellte mich und [adulterer.GetTitledFirstNameNoRegnal] öffentlich als Ehebrecher bloß.;;Mi furioso [accuser.GetRootRelation] [accuser.GetFirstName] no aceptará mis más sinceras disculpas diga lo que diga. [accuser.GetSubjectPronounCap] nos ha denunciado públicamente a mi amante [adulterer.GetTitledFirstNameNoRegnal] y a mí.;;;;;;;;;x
EVTDESC_WOL_1008_CRUEL;My spiteful [accuser.GetRootRelation] [accuser.GetFirstName] did not take my frank declaration of love for my [adulterer.GetRootRelation] [adulterer.GetTitledFirstNameNoRegnal] well at all. The [accuser.GetEventTarget1Insult] has denounced us both publicly.;M[accuser.GetOnA] [accuser.GetRootRelation] [accuser.GetFirstName], dans sa rancune, n'a pas du tout apprécié ma déclaration d'amour pour m[adulterer.GetOnA] [adulterer.GetRootRelation], [adulterer.Get_only_le_Title][adulterer.GetTitledFirstNameNoRegnal]. C[accuser.GetEEtte] [accuser.GetEventTarget1Insult] nous a tous deux dénoncés publiquement.;M[accuser.Geteineine] gehässige[accuser.GetrMale] [accuser.GetRootRelation] [accuser.GetFirstName] hat meine freimütige Liebeserklärung gegenüber m[adulterer.Geteinemeiner] [adulterer.GetRootRelation] [adulterer.GetTitledFirstNameNoRegnal] nicht gut verkraftet und stellte uns öffentlich bloß. Immer diese Menschen.;;Mi rencoros[accuser.GetOA] [accuser.GetRootRelation] [accuser.GetFirstName] no se tomó bien mi franca declaración de amor por mi [adulterer.GetRootRelation] [adulterer.GetTitledFirstNameNoRegnal]. [accuser.GetElLaCap] [accuser.GetEventTarget1Insult] nos ha denunciado públicamente.;;;;;;;;;x
EVTDESC_WOL_1009;My cheating [cheating_spouse.GetRootRelation] - the [accuser.GetEventTarget1Insult] - just smirked and openly admitted to having an affair with [adulterer.GetTitledName]!;M[cheating_spouse.GetOnA] [cheating_spouse.GetRootRelation] infidèle - c[cheating_spouse.GetEEtte] [GetRootFromInsultNounAdj] - vient tout juste de sourire tout en admettant sa liaison avec [adulterer.Get_le_TitledName] !;M[cheating_spouse.Geteineine] [cheating_spouse.GetRootRelation] ist mir untreu. Ich wurde kaltlächelnd und ohne Umschweife von der Affäre mit [adulterer.GetTitledName] in Kenntnis gesetzt!;;¡[cheating_spouse.GetElLaCap] infiel de mi [cheating_spouse.GetRootRelation] -¡[accuser.GetEventTarget1Insult]!- sonrió y admitió abiertamente haber tenido un romance con [adulterer.GetTitledName]!;;;;;;;;;x
EVTDESC_WOL_1010_F;[cheating_spouse.GetFirstName] got angry when I confronted her about her rumored affair with [adulterer.GetTitledName], saying she lives in a prison and that I am denying her even the most basic freedoms.;[cheating_spouse.GetFirstName] s'est mise en colère quand je l'ai confrontée à propos de sa supposée liaison avec [adulterer.Get_le_TitledName]. Elle affirme qu'elle vit dans une prison, et que je la prive des libertés les plus élémentaires...;[cheating_spouse.GetFirstName] wurde wütend, als ich sie auf die Gerüchte ihrer Affäre mit [adulterer.GetTitledName] ansprach. Sie sagte, sie lebe wie in einem Gefängnis, in dem ihr nicht einmal die geringste Freiheit gegönnt sei.;;[cheating_spouse.GetFirstName] se enojó cuando me enfrenté a ella sobre su rumoreado romance con [adulterer.GetTitledName], diciendo que vive en una prisión y que le niego incluso las libertades más básicas.;;;;;;;;;x
EVTDESC_WOL_1010_M;[cheating_spouse.GetFirstName] got angry when I confronted him about his rumored affair with [adulterer.GetTitledName], saying I have grown cold and distant and only greet him with mistrust.;[cheating_spouse.GetFirstName] s'est mis en colère quand je l'ai confronté à propos de sa supposée liaison avec [adulterer.Get_le_TitledName], et affirme que mon comportement est froid et distant, et que je doute la moindre de ses paroles.;[cheating_spouse.GetFirstName] wurde wütend, als ich ihn auf die angebliche Affäre mit [adulterer.GetTitledName] ansprach und meinte, ich sei kühl und misstrauisch geworden.;;[cheating_spouse.GetFirstName] se enojó cuando me enfrenté a él sobre su rumoreado romance con [adulterer.GetTitledName], diciendo que me he vuelto fría y solo le saludo con desconfianza.;;;;;;;;;x
EVTDESC_WOL_1012;[adulterer.GetTitledFirstNameNoRegnal] acts shocked and denies having an affair with my [cheating_spouse.GetRootRelation] [cheating_spouse.GetFirstName].;[adulterer.Get_only_Le_Title][adulterer.GetTitledFirstNameNoRegnal] semble choqué[adulterer.Get_E] et nie toute liaison avec m[cheating_spouse.GetOnA] [cheating_spouse.GetRootRelation] [cheating_spouse.GetFirstName].;[adulterer.GetTitledFirstNameNoRegnal] tut schockiert und bestreitet die Affäre mit m[cheating_spouse.Geteinemeiner] [cheating_spouse.GetRootRelation] [cheating_spouse.GetFirstName].;;[adulterer.GetTitledFirstNameNoRegnal] actúa sorprendido y niega tener un romance con mi [cheating_spouse.GetRootRelation] [cheating_spouse.GetFirstName]. ;;;;;;;;;x
EVTDESC_WOL_1012_ATTACKED;When questioned about [adulterer.GetPossPronoun] affair with my [cheating_spouse.GetRootRelation] [cheating_spouse.GetFirstName], [adulterer.GetTitledFirstNameNoRegnal] flew into a rage and physically assaulted me!;Quand j'ai questionné la possibilité d'une liaison avec m[cheating_spouse.GetOnA] [cheating_spouse.GetRootRelation] [cheating_spouse.GetFirstName], [adulterer.Get_only_le_Title][adulterer.GetTitledFirstNameNoRegnal] a éclaté de colère et m'a attaqué[Root.Get_E] !;Auf die Frage nach [adulterer.GetPossPronoun]er Affäre mit m[cheating_spouse.Geteinemeiner] [cheating_spouse.GetRootRelation] [cheating_spouse.GetFirstName] bekam [adulterer.GetTitledFirstNameNoRegnal] einen Wutanfall und wurde gewalttätig!;;¡Cuando le pregunté sobre de su aventura con mi [cheating_spouse.GetRootRelation] [cheating_spouse.GetFirstName], [adulterer.GetTitledFirstNameNoRegnal] montó en cólera y me atacó físicamente!;;;;;;;;;x
EVTDESC_WOL_1014;What a lovely evening! Good food, good entertainment and the company of friends. But... I don't feel so good. I can't breathe. I CAN'T BREATHE!;Quelle excellente soirée ! De la bonne nourriture, un divertissement plaisant, et la compagnie de mes amis. Mais... je ne me sens pas bien. Je ne peux plus respirer. JE NE PEUX PLUS RESPIRER !;Was für ein schöner Abend. Gutes Essen, gute Unterhaltung und die Gesellschaft von Freunden. Aber warum bekomme ich heute so schlecht Luft. LUFT! ICH BEKOMME KEINE LUFT!;;¡Qué tarde tan encantadora! Buena comida, buen entretenimiento y la compañía de amigos. Pero... No me siento muy bien. No puedo respirar. ¡NO PUEDO RESPIRAR!;;;;;;;;;x
EVTDESC_WOL_1015;What a lovely evening! Good food, good entertainment and the company of friends. But... I don't feel so good. Have I been poisoned?;Quelle excellente soirée ! De la bonne nourriture, un divertissement plaisant, et la compagnie de mes amis. Mais... je ne me sens pas bien. Aurais-je été empoisonné[Root.Get_E] ?;Was für ein schöner Abend. Gutes Essen, gute Unterhaltung und die Gesellschaft von Freunden. Aber warum fühle ich mich heute so mies? Wurde ich etwa vergiftet?;;¡Qué tarde tan encantadora! Buena comida, buen entretenimiento y la compañía de amigos. Pero... No me siento muy bien. ¿Me han envenenado?;;;;;;;;;x
EVTDESC_WOL_1016;The filthy [adulterer.GetAdultererAdulteress], [adulterer.GetTitledFirstNameNoRegnal], did not eat the poisoned shellfish, though I hear some kitchen boy died later that night.;L'horrible adultère, [adulterer.Get_only_le_Title][adulterer.GetTitledFirstNameNoRegnal], n'a pas touché au fruit de mer empoisonné, mais j'ai entendu dire qu'un cuisinier avait péri la nuit dernière.;[adulterer.GetDerDie] [adulterer.GetAdultererAdulteress] [adulterer.GetTitledFirstNameNoRegnal] hat die vergifteten Meeresfrüchte nicht gegessen. Angeblich soll aber eine Küchenhilfe in der Nacht gestorben sein.;;[adulterer.GetElLaCap] asqueros[adulterer.GetOA] [adulterer.GetAdultererAdulteress], [adulterer.GetTitledFirstNameNoRegnal], no se comió el marisco envenenado, aunque he oído que un pinche de cocina murió esa noche, algo más tarde.;;;;;;;;;x
EVTDESC_WOL_1017;I watched from the gallery as the dirty [adulterer.GetAdultererAdulteress], [adulterer.GetTitledFirstNameNoRegnal], lay choking to death, servants milling about trying to help. In vain, of course...;Je regardais depuis la galerie alors que l'horrible adultère, [adulterer.Get_only_le_Title][adulterer.GetTitledFirstNameNoRegnal], s'étouffait, tandis que ses servants se précipitaient pour venir à son aide. En vain, bien entendu...;Ich beobachtete, wie [adulterer.Getderdie] [adulterer.GetAdultererAdulteress] [adulterer.GetTitledFirstNameNoRegnal] röchelnd mit dem Tod kämpfte. Die Diener versuchten zu helfen. Erfolglos, versteht sich.;;Lo he observado desde la galería como [adulterer.GetElLa] asqueros[adulterer.GetOA] [adulterer.GetAdultererAdulteress] de [adulterer.GetTitledFirstNameNoRegnal], se tendía asfixiándose, con sirvientes arremolinándose tratando de ayudar. En vano, por supuesto...;;;;;;;;;x
EVTDESC_WOL_1018;The filthy [adulterer.GetAdultererAdulteress], [adulterer.GetTitledFirstNameNoRegnal], did not die of the poison, but at least [adulterer.GetSubjectPronoun] got ill.;L'horrible adultère, [adulterer.Get_only_le_Title][adulterer.GetTitledFirstNameNoRegnal], n'a pas péri des suites du poison, mais au moins [adulterer.GetIlElle] en a été malade.;[adulterer.GetDerDie] [adulterer.GetAdultererAdulteress] [adulterer.GetTitledFirstNameNoRegnal] starb zwar nicht am Gift, aber wenigstens wurde [adulterer.GetSubjectPronoun] krank.;;[adulterer.GetElLaCap] asqueros[adulterer.GetOA] [adulterer.GetAdultererAdulteress] de [adulterer.GetTitledFirstNameNoRegnal], no murió por el veneno, pero por lo menos enfermó.;;;;;;;;;x
EVTDESC_WOL_1019;My lover, [adulterer.GetTitledFirstNameNoRegnal], just broke up with me! Apparently, [adulterer.GetSubjectPronoun] was confronted by my suspicious [accuser.GetRootRelation] [accuser.GetFirstName] and promised to stay away.;[adulterer.Get_only_Le_Title][adulterer.GetTitledFirstNameNoRegnal], mon amant[adulterer.Get_E], vient de rompre avec moi ! Apparemment, m[accuser.GetOnA] [accuser.GetRootRelation] [accuser.GetFirstName] l'a approché[adulterer.Get_E], lui arrachant une promesse de rester loin de moi...;M[adulterer.Geteineine] Geliebte[adulterer.GetrMale] [adulterer.GetTitledFirstNameNoRegnal] hat mich gerade verlassen! Anscheinend wurde [adulterer.GetSubjectPronoun] von m[accuser.Geteinemeiner] misstrauischen [accuser.GetRootRelation] [accuser.GetFirstName] darauf angesprochen und es soll nun für immer vorbei sein.;;¡Mi amante, [adulterer.GetTitledFirstNameNoRegnal], acaba de romper conmigo! Al parecer, mi desconfiad[accuser.GetOA] [accuser.GetRootRelation][accuser.GetFirstName] se enfrentó a [adulterer.GetSubjectPronoun] y se comprometió a mantenerse lejos.;;;;;;;;;x
EVTDESC_WOL_1019_DUEL;Challenged to a duel by my furious [accuser.GetRootRelation] [accuser.GetFirstName], my lover, [adulterer.GetTitledFirstNameNoRegnal], decided to admit [adulterer.GetPossPronoun] guilt and break up with me!;Mon amant[adulterer.Get_E], [adulterer.Get_only_le_Title][adulterer.GetTitledFirstNameNoRegnal], défié[adulterer.Get_E] en duel par m[accuser.GetOnA] furieu[accuser.GetXSe] [accuser.GetRootRelation] [accuser.GetFirstName], a décidé d'admettre sa culpabilité et de rompre avec moi !;Weil m[accuser.Geteineine] [accuser.GetRootRelation] [accuser.GetFirstName] meine[adulterer.GetnMale] Geliebte [adulterer.GetTitledFirstNameNoRegnal] zum Duell forderte, gestand [adulterer.GetSheHe] [adulterer.GetPossPronoun]e Schuld und verließ mich!;;Desafió a un duelo por mi furioso[accuser.GetRootRelation] [accuser.GetFirstName],mi amante, [adulterer.GetTitledFirstNameNoRegnal], decidió admitir [adulterer.GetPossPronoun] culpable y se rompe conmigo!;;;;;;;;;x
EVTDESC_WOL_1020;The [adulterer.GetEventTarget1Insult] [adulterer.GetTitledFirstNameNoRegnal] admits to having an affair with my [cheating_spouse.GetRootRelation] [cheating_spouse.GetFirstName], sincerely asking for forgiveness and promising to stay away from my [cheating_spouse.GetRootRelation].;[adulterer.Get_only_Le_Title][adulterer.GetTitledFirstNameNoRegnal], c[adulterer.GetEEtte] [adulterer.GetEventTarget1Insult], admet sa liaison avec m[cheating_spouse.GetOnA] [cheating_spouse.GetRootRelation] [cheating_spouse.GetFirstName], implorant mon pardon et promettant de ne plus jamais s'approcher d[cheating_spouse.GetEluiElle].;[adulterer.GetTitledFirstNameNoRegnal] gibt zu, eine Affäre mit m[cheating_spouse.Geteinemeiner] [cheating_spouse.GetRootRelation] [cheating_spouse.GetFirstName] zu haben. Diese [adulterer.GetEventTarget1Insult]! Immerhin wurde ich aufrichtig um Vergebung gebeten und mir wurde versprochen, dass die Beziehung zu [cheating_spouse.GetRootRelation] beendet würde.;;El [adulterer.GetEventTarget1Insult] de [adulterer.GetTitledFirstNameNoRegnal] admite que tiene una relación amorosa con mi [cheating_spouse.GetRootRelation] [cheating_spouse.GetFirstName], pide sinceramente perdón y promete permanecer lejos de mi [cheating_spouse.GetRootRelation]. ;;;;;;;;;x
EVTDESC_WOL_1021;In spite of my lover's abasement and apologies, my wrathful [accuser.GetRootRelation] [accuser.GetFirstName] has chosen to shame me and [adulterer.GetTitledFirstNameNoRegnal] publicly as adulterers!;Malgré les excuses sincères de mon amant[adulterer.Get_E], m[accuser.GetOnA] [accuser.GetRootRelation] [accuser.GetFirstName], dans sa colère, a choisi de dénoncer publiquement [adulterer.Get_only_le_Title][adulterer.GetTitledFirstNameNoRegnal] et moi-même pour adultère !;Trotz der Entschuldigungen hat m[accuser.Geteineine] [accuser.GetRootRelation] [accuser.GetFirstName] vor lauter Wut beschlossen, Schande über uns zu bringen und [adulterer.GetTitledFirstNameNoRegnal] und mich öffentlich als Ehebrecher bloßzustellen!;;A pesar de la degradación de mi amante y las disculpas, mi coléric[accuser.GetOA] [accuser.GetRootRelation] [accuser.GetFirstName] ha elegido avergonzarme públicamente a mí y a [adulterer.GetTitledFirstNameNoRegnal] como adúlteros!;;;;;;;;;x
EVTDESC_WOL_1022;My [cheating_spouse.GetRootRelation] [cheating_spouse.GetFirstName] vehemently denies having an affair with [adulterer.GetTitledFirstNameNoRegnal] and promises to spend more time with me.;M[cheating_spouse.GetOnA] [cheating_spouse.GetRootRelation] [cheating_spouse.GetFirstName] nie frénétiquement toute liaison avec [adulterer.Get_only_le_Title][adulterer.GetTitledFirstNameNoRegnal] et promet de passer davantage de temps avec moi.;M[cheating_spouse.Geteineine] [cheating_spouse.GetRootRelation] [cheating_spouse.GetFirstName] bestreitet die Affäre mit [adulterer.GetTitledFirstNameNoRegnal] vehement und verspricht, mehr Zeit mit mir zu verbringen.;;Mi [cheating_spouse.GetRootRelation] [cheating_spouse.GetFirstName] niega con vehemencia tener un romance con [adulterer.GetTitledFirstNameNoRegnal] y se compromete a pasar más tiempo conmigo.;;;;;;;;;x
EVTDESC_WOL_1025;[From.GetTitledFirstNameNoRegnal] thanks me for making [From.GetObjectPronoun] aware of our spouses' possible cheating, and for my discretion. [From.GetSubjectPronounCap] promises to look into the matter...;[From.Get_only_Le_Title][From.GetTitledFirstNameNoRegnal] me remercie de lui avoir transmis mes doutes concernant la fidélité potentielle de nos conjoints, et de ma discrétion. [From.GetIlElleCap] promet d'enquêter sur la chose...;[From.GetTitledFirstNameNoRegnal] dankt mir für die Informationen über den möglichen Ehebruch und für meine Diskretion. [From.GetSubjectPronounCap] verspricht, sich der Sache anzunehmen...;;[From.GetTitledFirstNameNoRegnal] me agredece el poner[From.GetObjectPronoun] sobre aviso de la posible traición de nuestros cónyuges, y para mi discreción, me promete examinar el asunto...;;;;;;;;;x
EVTDESC_WOL_1027;My spies have carefully observed my [cheating_spouse.GetRootRelation] [cheating_spouse.GetFirstName] and [adulterer.GetTitledFirstNameNoRegnal], and as far as they can determine, they are not having an affair.;Mes espions ont observé m[cheating_spouse.GetOnA] [cheating_spouse.GetRootRelation] [cheating_spouse.GetFirstName] et [adulterer.Get_only_le_Title][adulterer.GetTitledFirstNameNoRegnal] avec soin et, d'après leurs résultats, il n'existe aucune liaison entre eux.;Meine Spione haben meine[cheating_spouse.GetnMale] [cheating_spouse.GetRootRelation] [cheating_spouse.GetFirstName] und [adulterer.GetTitledFirstNameNoRegnal] genau beobachtet. Anscheinend haben sie keine Affäre.;;Mis espías han vigilado atentamente a mi [cheating_spouse.GetRootRelation] [cheating_spouse.GetFirstName] y [adulterer.GetTitledFirstNameNoRegnal], y por lo que pueden determinar, no están teniendo una relación amorosa.;;;;;;;;;x
EVTDESC_WOL_1028;My spies report that they caught my [cheating_spouse.GetRootRelation] and [cheating_spouse.GetPossPronoun] lover, [adulterer.GetTitledFirstNameNoRegnal] 'in flagrante delicto' in a glade near [adulterer.Location.Capital.GetName]!;Mes espions affirment avoir pris m[cheating_spouse.GetOnA] [cheating_spouse.GetRootRelation] et son amant[adulterer.Get_E], [adulterer.Get_only_le_Title][adulterer.GetTitledFirstNameNoRegnal], en flagrant délit dans une clairière près de [adulterer.Location.Capital.GetName] !;Meine Spione berichten, dass m[cheating_spouse.Geteineine] [cheating_spouse.GetRootRelation] und [cheating_spouse.GetPossPronoun] Liebhaber [adulterer.GetTitledFirstNameNoRegnal] "in flagranti" auf einer Lichtung in der Nähe von [adulterer.Location.Capital.GetName] beobachtet wurden!;;Mis espías informan que pillaron a mi [cheating_spouse.GetRootRelation] y su amante, [adulterer.GetTitledFirstNameNoRegnal] "infraganti" en un claro cerca de [adulterer.Location.Capital.GetName]. ;;;;;;;;;x
EVTDESC_WOL_1031;My suspicious [accuser.GetRootRelation] [accuser.GetFirstName] did not believe my denials and hired spies to uncover my love affair with [adulterer.GetTitledFirstNameNoRegnal]. [accuser.GetSubjectPronounCap] has denounced us both publicly!;M[accuser.GetOnA] [accuser.GetRootRelation] [accuser.GetFirstName], dans le doute, a refusé de croire à mes dénis, et a engagé des espions pour lever le voile sur ma liaison avec [adulterer.Get_only_le_Title][adulterer.GetTitledFirstNameNoRegnal]. [accuser.GetIlElleCap] nous a dénoncés publiquement !;Mein[accuser.GeteFemale] [accuser.GetRootRelation] [accuser.GetFirstName] ist misstrauisch und hat Spione zur Aufdeckung meiner Affäre mit [adulterer.GetTitledFirstNameNoRegnal] angeheuert. [accuser.GetSubjectPronounCap] hat uns beide öffentlich bloßgestellt!;;Mi descofiado [accuser.GetRootRelation] [accuser.GetFirstName] no creyó mis protestas y contrató espías para descubrir mi romance con [adulterer.GetTitledFirstNameNoRegnal]. ¡Nos ha denunciado públicamente a ambos!.;;;;;;;;;x
EVTDESC_WOL_1032;The furious [accuser.GetTitledFirstNameNoRegnal] does not accept my profuse denials and has challenged me to a duel to determine my guilt and that of [accuser.GetPossPronoun] [cheating_spouse.GetEventTarget1Relation], my lover, [adulterer.GetTitledFirstNameNoRegnal]!;[accuser.Get_only_Le_Title][accuser.GetTitledFirstNameNoRegnal], dans sa furie, refuse d'accepter mes nombreux démentis et me défie en duel pour déterminer ma culpabilité et celle de s[adulterer.GetOnA] [cheating_spouse.GetEventTarget1Relation], mon amant[adulterer.Get_E], [adulterer.Get_only_le_Title][adulterer.GetTitledFirstNameNoRegnal] !;Aus Wut akzeptiert [accuser.GetTitledFirstNameNoRegnal] meine überschwänglichen Dementi nicht und fordert mich nun zum Duell, in dem über meine Schuld und die von [accuser.GetPossPronoun][accuser.GeterFemale][accuser.GetemMale] [cheating_spouse.GetEventTarget1Relation], m[adulterer.Geteinemeiner] Geliebten, [adulterer.GetTitledFirstNameNoRegnal], entschieden werden soll!;;¡El furioso [accuser.GetTitledFirstNameNoRegnal] no acepta mis profusos desmentidos profusos y me ha desafiado a un duelo lo determine mi culpa y la de [accuser.GetPossPronoun] [cheating_spouse.GetEventTarget1Relation], mi amante, [adulterer.GetTitledFirstNameNoRegnal]!;;;;;;;;;x
EVTDESC_WOL_1033;[accuser.GetBestName], the [accuser.GetEventTarget1Relation] of my lover [cheating_spouse.GetTitledFirstNameNoRegnal], shocked me by asking me to my face if we're having an affair!;[accuser.Get_only_Le_Title][accuser.GetBestName], [accuser.GetEventTarget1Relation] [cheating_spouse.Get_only_du_Title][cheating_spouse.GetTitledFirstNameNoRegnal], m'a demandé étonnamment si nous avions une liaison !;[accuser.GetBestName], [accuser.Getderdie] [accuser.GetEventTarget1Relation] m[cheating_spouse.Geteineseiner] Geliebten [cheating_spouse.GetTitledFirstNameNoRegnal], schockierte mich mit der direkten Frage, ob wir eine Affäre hätten!;;¡[accuser.GetBestName], [accuser.GetElLa] [accuser.GetEventTarget1Relation] de mi amante [cheating_spouse.GetTitledFirstNameNoRegnal], me sorprendió preguntándome a la cara si tenemos una aventura!;;;;;;;;;x
EVTDESC_WOL_1033_DISTANT;[accuser.GetBestName], the [accuser.GetEventTarget1Relation] of my lover [cheating_spouse.GetTitledFirstNameNoRegnal] has sent me a letter asking me directly if we're having an affair!;[accuser.Get_only_Le_Title][accuser.GetBestName], [accuser.GetLeLa] [accuser.GetEventTarget1Relation] de mon amant[cheating_spouse.Get_E], [cheating_spouse.Get_only_le_Title][cheating_spouse.GetTitledFirstNameNoRegnal], m'a envoyé une lettre me demandant si nous avions une liaison !;[accuser.GetBestName], [accuser.Getderdie] [accuser.GetEventTarget1Relation] m[cheating_spouse.Geteineseiner] Geliebten [cheating_spouse.GetTitledFirstNameNoRegnal], fragte in einem Brief danach, ob wir eine Affäre hätten!;;[accuser.GetBestName], [accuser.GetElLa] [accuser.GetEventTarget1Relation] de mi amante [cheating_spouse.GetTitledFirstNameNoRegnal] me ha enviado una carta preguntándome directamente si tenemos una aventura.;;;;;;;;;x
EVTDESC_WOL_1034;The cowardly [adulterer.GetTitledFirstNameNoRegnal] refuses to fight me!;[adulterer.Get_only_Le_Title][adulterer.GetTitledFirstNameNoRegnal], dans sa couardise, refuse de se battre contre moi !;[adulterer.GetDerDie] feige [adulterer.GetTitledFirstNameNoRegnal] verweigert den Kampf mit mir!;;¡[adulterer.GetElLaCap] cobarde de [adulterer.GetTitledFirstNameNoRegnal] se niega a pelear conmigo!;;;;;;;;;x
EVTDESC_WOL_1036;After a few probing exchanges, I realized that [adulterer.GetTitledFirstNameNoRegnal] was no master of the blade. I defeated [adulterer.GetObjectPronoun] easily, proving [adulterer.GetPossPronoun] guilt, and that of my [cheating_spouse.GetRootRelation] [cheating_spouse.GetFirstName]...;Après quelques échanges curieux, j'ai vite remarqué que [adulterer.Get_only_le_Title][adulterer.GetTitledFirstNameNoRegnal] était loin d'être un maître épéiste. Je l'ai vaincu facilement, prouvant ainsi sa culpabilité et celle de m[cheating_spouse.GetOnA] [cheating_spouse.GetRootRelation] [cheating_spouse.GetFirstName]...;Nach einigen Hieben stellte ich fest, dass [adulterer.GetTitledFirstNameNoRegnal] kein Meister des Schwertes ist. Ich besiegte [adulterer.GetObjectPronoun] leicht und bewies [adulterer.GetPossPronoun]e Schuld und die m[cheating_spouse.Geteineseiner] [cheating_spouse.GetRootRelation] [cheating_spouse.GetFirstName]...;;Tras unos intercambios de prueba, me di cuenta que [adulterer.GetTitledFirstNameNoRegnal] no era ning[adulterer.GetUnUna] maestr[adulterer.GetOA] de la espada. [adulterer.GetObjectPronoun] he derrotado fácilmente, demostrando su culpabilidad y la de mi [cheating_spouse.GetRootRelation] [cheating_spouse.GetFirstName]...;;;;;;;;;x
EVTDESC_WOL_1036_MAIM;[adulterer.GetTitledFirstNameNoRegnal] proved to be a formidable opponent. Though I won in the end, I lost three fingers and took several wounds in the process. I have proven [adulterer.GetPossPronoun] guilt, and that of my [cheating_spouse.GetRootRelation] [cheating_spouse.GetFirstName]!;[adulterer.Get_only_Le_Title][adulterer.GetTitledFirstNameNoRegnal] s'est révélé[adulterer.Get_E] être un[adulterer.Get_E] adversaire redoutable. Malgré ma victoire, j'ai perdu trois doigts et j'ai reçu plusieurs blessures sur le torse. J'ai néanmoins prouvé sa culpabilité et celle de [cheating_spouse.GetFirstName], [cheating_spouse.GetRootRelation] [adulterer.Get_only_du_Title][adulterer.GetTitledFirstNameNoRegnal] !;[adulterer.GetTitledFirstNameNoRegnal] hat sich als starker Gegner entpuppt. Auch wenn ich letztlich siegreich war, wurde ich im Kampf mehrfach verwundet und verlor drei Finger. Ich habe [adulterer.GetPossPronoun]e Schuld bewiesen und die m[cheating_spouse.Geteineseiner] [cheating_spouse.GetRootRelation] [cheating_spouse.GetFirstName]!;;[adulterer.GetTitledFirstNameNoRegnal] demostró para ser un oponente formidable. Aunque gané al final, perdí tres dedos y recibí varias heridas en el proceso. He demostrado su culpabilidad y la de mi [cheating_spouse.GetRootRelation] [cheating_spouse.GetFirstName]. ;;;;;;;;;x
EVTDESC_WOL_1036_WOUND;The duel with [adulterer.GetTitledFirstNameNoRegnal] was hard fought, but in the end I proved the better [Root.GetManWoman]. Though [adulterer.GetSubjectPronoun] managed to cut me, I have proven [adulterer.GetPossPronoun] guilt, and that of my [cheating_spouse.GetRootRelation] [cheating_spouse.GetFirstName].;Le duel contre [adulterer.Get_only_le_Title][adulterer.GetTitledFirstNameNoRegnal] était rude, mais j'en suis sorti vainqueur. Bien qu'il soit parvenu à me blesser, j'ai prouvé sa culpabilité, et celle de m[cheating_spouse.GetOnA] [cheating_spouse.GetRootRelation] [cheating_spouse.GetFirstName].;Das Duell mit [adulterer.GetTitledFirstNameNoRegnal] war erbittert, aber am Ende zeigte sich, dass ich [Root.Getderdie] bessere [Root.GetManWoman] bin. Obwohl [adulterer.GetSubjectPronoun] mich verletzen konnte, habe ich [adulterer.GetPossPronoun]e Schuld bewiesen und die von m[cheating_spouse.Geteinemeiner] [cheating_spouse.GetRootRelation] [cheating_spouse.GetFirstName].;;El duelo con [adulterer.GetTitledFirstNameNoRegnal] fue una lucha complicada, pero al final demostré ser mejor [Root.GetManWoman]. Aunque [adulterer.GetSubjectPronoun] logró cortarme, he demostrado su culpabilidad y la de mi [cheating_spouse.GetRootRelation] [cheating_spouse.GetFirstName]. ;;;;;;;;;x
EVTDESC_WOL_1037;My brutish [accuser.GetRootRelation] [accuser.GetFirstName] defeated my beloved [adulterer.GetTitledFirstNameNoRegnal] in a duel, thus proving our guilt.;Mon [accuser.GetRootRelation] [accuser.GetFirstName], cette brute, a vaincu [adulterer.Get_only_le_Title][adulterer.GetTitledFirstNameNoRegnal] en duel, prouvant ainsi notre culpabilité.;M[accuser.Geteineine] [accuser.GetRootRelation] [accuser.GetFirstName] ist ein Barbar und hat meine[adulterer.GetnMale] geliebte[adulterer.GetnMale] [adulterer.GetTitledFirstNameNoRegnal] in einem Duell besiegt, so dass unsere Schuld nun als erwiesen gilt.;;Mi brutal [accuser.GetRootRelation] [accuser.GetFirstName] derrotó a mi amad[adulterer.GetOA] [adulterer.GetTitledFirstNameNoRegnal] en un duelo, demostrando así nuestra culpa.;;;;;;;;;x
EVTDESC_WOL_1037_DEATH;My monster of a [accuser.GetRootRelation], the [GetRootFromInsult] [accuser.GetFirstName], slew my beloved [adulterer.GetTitledFirstNameNoRegnal] in a duel, proving our guilt. I, at least, will have to live with the shame.;M[accuser.GetOnA] [accuser.GetRootRelation], c[accuser.GetEEtte] [GetRootFromInsultNounAdj] de [accuser.GetFirstName], a tué [adulterer.Get_only_le_Title][adulterer.GetTitledFirstNameNoRegnal] en duel, prouvant ainsi notre culpabilité. À présent, je suis forcée de vivre dans la honte de mes actions.;Dieses Monster von [accuser.GetRootRelation]. [accuser.GetFirstName] erschlug meine[adulterer.GetnMale] geliebte[adulterer.GetnMale] [adulterer.GetTitledFirstNameNoRegnal] in einem Duell, so dass unsere Schuld als erwiesen gilt. Nun muss ich zumindest mit dieser Schande leben.;;El monstruo de [accuser.GetRootRelation], el [GetRootFromInsult] [accuser.GetFirstName], mató a mi amad[adulterer.GetOA] [adulterer.GetTitledFirstNameNoRegnal] en duelo, demostrando nuestra culpa. Yo, al menos, tendré que vivir con la vergüenza.;;;;;;;;;x
EVTDESC_WOL_1037_MAIM;My vicious [accuser.GetRootRelation] [accuser.GetFirstName] defeated and maimed my beloved [adulterer.GetTitledFirstNameNoRegnal] in a duel, thus proving our guilt.;Mon [accuser.GetRootRelation] [accuser.GetFirstName], cet être vicieux, a terrassé et mutilé [adulterer.Get_only_le_Title][adulterer.GetTitledFirstNameNoRegnal] en duel, prouvant ainsi notre culpabilité.;M[accuser.Geteineine] [accuser.GetRootRelation] [accuser.GetFirstName] ist ein wahrer Teufel und hat meine[adulterer.GetnMale] geliebte[adulterer.GetnMale] [adulterer.GetTitledFirstNameNoRegnal] in einem Duell besiegt und verstümmelt, so dass unsere Schuld nun als erwiesen gilt.;;Mi salvaje [accuser.GetRootRelation] [accuser.GetFirstName] derrotó y mutiló a mi amad[adulterer.GetOA] [adulterer.GetTitledFirstNameNoRegnal] en un duelo, demostrando así nuestra culpa.;;;;;;;;;x
EVTDESC_WOL_1037_WOUND;My brutish [accuser.GetRootRelation] [accuser.GetFirstName] defeated and wounded my beloved [adulterer.GetTitledFirstNameNoRegnal] in a duel, thus proving our guilt.;Mon [accuser.GetRootRelation] [accuser.GetFirstName], cette brute, a vaincu et blessé [adulterer.Get_only_le_Title][adulterer.GetTitledFirstNameNoRegnal] en duel, prouvant ainsi notre culpabilité.;M[accuser.Geteineine] [accuser.GetRootRelation] [accuser.GetFirstName] ist ein Barbar und hat meine[adulterer.GetnMale] geliebte[adulterer.GetnMale] [adulterer.GetTitledFirstNameNoRegnal] in einem Duell besiegt und verwundet, so dass unsere Schuld nun als erwiesen gilt.;;Mi brutal [accuser.GetRootRelation] [accuser.GetFirstName] había derrotado y había herido mi amad[adulterer.GetOA] [adulterer.GetTitledFirstNameNoRegnal] en un duelo, demostrando así nuestra culpa.;;;;;;;;;x
EVTDESC_WOL_1038;Though I fought hard, the vengeful [accuser.GetTitledFirstNameNoRegnal] defeated me in a fair duel, thus proving me and my lover [cheating_spouse.GetFirstName] guilty of adultery. We are shamed.;Malgré mes efforts, [accuser.Get_only_le_Title][accuser.GetTitledFirstNameNoRegnal] m'a vaincu en duel, prouvant ainsi l'adultère de [cheating_spouse.GetFirstName] et de moi-même. La honte s'abat sur nous.;Obwohl ich mich tapfer schlug, hat [accuser.GetTitledFirstNameNoRegnal] mich im Duell fair besiegt, so dass [cheating_spouse.GetFirstName] und ich nun als des Ehebruchs schuldig gelten. Es ist eine große Schande.;;Aunque luché mucho, el vengativo [accuser.GetTitledFirstNameNoRegnal] me venció en un duelo justo, demostrando así que mi amante [cheating_spouse.GetFirstName] y yo somos culpables de adulterio. Estamos avergonzamos.;;;;;;;;;x
EVTDESC_WOL_1038_DEATH;I fought [accuser.GetTitledFirstNameNoRegnal] hard for what seemed like hours, but just when I finally saw an opening, [accuser.GetSubjectPronoun] pierced my heart. Darkness descends.;J'ai combattu [accuser.Get_only_le_Title][accuser.GetTitledFirstNameNoRegnal] sans relâche pendant ce qui m'a semblé être des heures, et alors qu'une ouverture se présentait, [accuser.GetIlElle] m'a percé le coeur. Les ténèbres m'enveloppent.;Ich kämpfte lange mit [accuser.GetTitledFirstNameNoRegnal]. Es kam mir vor, als dauerte es Stunden. Als sich endlich eine Gelegenheit zum Sieg bot, durchbohrte [accuser.GetSubjectPronoun] mit seiner Klinge mein Herz. Ein dunkler Schleier senkt sich herab...;;He luchado duramente con [accuser.GetTitledFirstNameNoRegnal] lo que me parecieron horas, pero justo cuando vi una apertura, [accuser.GetSubjectPronoun] me atravesó el corazón. La oscuridad desciende.;;;;;;;;;x
EVTDESC_WOL_1038_MAIM;The vengeful [accuser.GetTitledFirstNameNoRegnal] took my hand off in the vicious duel, thus proving me and my lover [cheating_spouse.GetFirstName] guilty of adultery. Maimed and bleeding from many lesser cuts, I will have to accept our humiliation.;[accuser.Get_only_Le_Title][accuser.GetTitledFirstNameNoRegnal], dans sa soif de revanche, m'a coupé la main dans un duel vicieux, prouvant ainsi l'adultère de [cheating_spouse.GetFirstName] et de moi-même. Mutilé par mes multiples blessures, je me dois d'accepter l'humiliation qui s'abat sur nous.;[accuser.GetTitledFirstNameNoRegnal] mich im Duell besiegt. Bei dem grausam geführten Gefecht wurde mir die Hand abgeschlagen. Nun gelten [cheating_spouse.GetFirstName] und ich offiziell als Ehebrecher. Ich bin nun ein Krüppel, wurde an vielen Stellen verwundet und werde unsere Erniedrigung nun hinnehmen müssen.;;El vengativo [accuser.GetTitledFirstNameNoRegnal] me quitó la mano en un duelo feroz, demostrando así que mi amante [cheating_spouse.GetFirstName] y yo somos culpables de adulterio. Mutilado y sangrado por muchos cortes menores, tendré que aceptar nuestra humillación.;;;;;;;;;x
EVTDESC_WOL_1038_WOUND;The vengeful [accuser.GetTitledFirstNameNoRegnal] defeated me in a fair duel. I had to yield after being pierced in the shoulder, thus proving me and my lover [cheating_spouse.GetFirstName] guilty of adultery. We are shamed.;[accuser.Get_only_Le_Title][accuser.GetTitledFirstNameNoRegnal], dans sa soif de revanche, m'a vaincu en duel. J'ai été forcé de me rendre après une blessure à l'épaule, prouvant ainsi l'adultère de [cheating_spouse.GetFirstName] et de moi-même. La honte s'abat sur nous.;[accuser.GetTitledFirstNameNoRegnal] hat mich im Duell fair besiegt. Nachdem ich an der Schulter verletzt wurde, musste ich mich ergeben, so dass [cheating_spouse.GetFirstName] und ich nun als des Ehebruchs schuldig gelten. Es ist eine große Schande.;;El vengativo [accuser.GetTitledFirstNameNoRegnal] me venció en un duelo justo. Tuve que ceder después de que atravesase el hombro, demostrando así que mi amante [cheating_spouse.GetFirstName] y yo somos culpables de adulterio. Estamos avergonzamos.;;;;;;;;;x
EVTDESC_WOL_1039;After a few probing exchanges, I realized that [accuser.GetTitledFirstNameNoRegnal] was no master of the blade. I defeated [accuser.GetObjectPronoun] easily, proving my innocence and that of my [cheating_spouse.GetRootRelation] [cheating_spouse.GetFirstName].;Après quelques échanges curieux, j'ai vite remarqué que [accuser.Get_only_le_Title][accuser.GetTitledFirstNameNoRegnal] était loin d'être un maître épéiste. Je l'ai vaincu facilement, prouvant ainsi mon innocence et celle de m[cheating_spouse.GetOnA] [cheating_spouse.GetRootRelation] [cheating_spouse.GetFirstName]...;Nach einigen Hieben stellte ich fest, dass [accuser.GetTitledFirstNameNoRegnal] kein Meister des Schwertes ist. Ich besiegte [accuser.GetObjectPronoun] leicht und bewies meine Unschuld und die m[cheating_spouse.Geteineseiner] [cheating_spouse.GetRootRelation] [cheating_spouse.GetFirstName].;;Tras unos intercambios de prueba, me di cuenta que [accuser.GetTitledFirstNameNoRegnal] no era ning[accuser.GetUnUna] maestr[accuser.GetOA] de la espada. [accuser.GetObjectPronoun] he derrotado fácilmente, demostrando mi inocencia y la de mi [cheating_spouse.GetRootRelation] [cheating_spouse.GetFirstName]. ;;;;;;;;;x
EVTDESC_WOL_1039_MAIM;[accuser.GetTitledFirstNameNoRegnal] proved to be a formidable opponent. Though I won in the end, I lost three fingers and took several wounds in the process. I have proven my innocence and that of my [cheating_spouse.GetRootRelation] [cheating_spouse.GetFirstName]!;[accuser.Get_only_Le_Title][accuser.GetTitledFirstNameNoRegnal] s'est avéré être un adversaire redoutable. Malgré ma victoire, j'ai perdu trois doigts et j'ai subi plusieurs blessures sur le torse. J'ai prouvé mon innocence, et celle de m[cheating_spouse.GetOnA] [cheating_spouse.GetRootRelation] [cheating_spouse.GetFirstName] !;[accuser.GetTitledFirstNameNoRegnal] hat sich als starker Gegner entpuppt. Auch wenn ich letztlich siegreich war, wurde ich im Kampf mehrfach verwundet und verlor drei Finger. Ich habe meine Unschuld bewiesen und die m[cheating_spouse.Geteineseiner] [cheating_spouse.GetRootRelation] [cheating_spouse.GetFirstName]!;;[accuser.GetTitledFirstNameNoRegnal] demostró para ser un oponente formidable. Aunque gané en el final, perdí tres dedos y recibí varias heridas en el proceso. He demostrado mi inocencia y lo de mi [cheating_spouse.GetRootRelation] [cheating_spouse.GetFirstName].;;;;;;;;;x
EVTDESC_WOL_1039_WOUND;The duel with [accuser.GetTitledFirstNameNoRegnal] was hard fought, but in the end I proved the better [Root.GetManWoman]. Though [accuser.GetSubjectPronoun] managed to cut me, I have proven my innocence and that of my [cheating_spouse.GetRootRelation] [cheating_spouse.GetFirstName].;Le duel contre [accuser.Get_only_le_Title][accuser.GetTitledFirstNameNoRegnal] était rude, mais j'en suis sorti vainqueur. Bien qu'il soit parvenu à me blesser, j'ai prouvé mon innocence, et celle de m[cheating_spouse.GetOnA] [cheating_spouse.GetRootRelation] [cheating_spouse.GetFirstName].;Das Duell mit [accuser.GetTitledFirstNameNoRegnal] war erbittert, aber am Ende zeigte sich, dass ich überlegen war. Obwohl [accuser.GetSubjectPronoun] mich verletzen konnte, habe ich meine Unschuld bewiesen und die m[cheating_spouse.Geteineseiner] [cheating_spouse.GetRootRelation] [cheating_spouse.GetFirstName].;;El duelo con [accuser.GetTitledFirstNameNoRegnal] fue una lucha complicada, pero al final demostré ser mejor [Root.GetManWoman]. Aunque [accuser.GetSubjectPronoun] logró cortarme, he demostrado mi inocencia y lo de mi [cheating_spouse.GetRootRelation] [cheating_spouse.GetFirstName]. ;;;;;;;;;x
EVTDESC_WOL_1040;My valiant [adulterer.GetRootRelation] [adulterer.GetTitledFirstNameNoRegnal] defeated my brutish [accuser.GetRootRelation] [accuser.GetFirstName] in a duel, thus proving our innocence.;Mon vaillant [adulterer.GetRootRelation] [adulterer.GetTitledFirstNameNoRegnal], a vaincu mon [accuser.GetRootRelation] [accuser.GetFirstName] en duel, prouvant ainsi notre innocence.;M[adulterer.Geteineine] heldenhafte[adulterer.GetrMale] [adulterer.GetRootRelation] [adulterer.GetTitledFirstNameNoRegnal] hat m[accuser.Geteineine] [accuser.GetRootRelation] [accuser.GetFirstName], den Barbaren, im Duell besiegt und unsere Unschuld bewiesen.;;Mi valiente [adulterer.GetRootRelation] [adulterer.GetTitledFirstNameNoRegnal] ha derrotado a mi brutal [accuser.GetRootRelation] [accuser.GetFirstName] en un duelo, demostrando así nuestra inocencia.;;;;;;;;;x
EVTDESC_WOL_1040_DEATH;My [adulterer.GetRootRelation] [adulterer.GetTitledFirstNameNoRegnal] defended our honor by slaying my [accuser.GetRootRelation] [accuser.GetFirstName] in a duel. Our innocence has been proven.;Mon [adulterer.GetRootRelation] [adulterer.GetTitledFirstNameNoRegnal] a défendu notre honneur en tuant mon [accuser.GetRootRelation] [accuser.GetFirstName] en duel. Notre innocence a été prouvée.;M[adulterer.Geteineine] [adulterer.GetRootRelation] [adulterer.GetTitledFirstNameNoRegnal] hat unsere Ehre verteidigt und meine[accuser.GetnMale] [accuser.GetRootRelation] [accuser.GetFirstName] im Duell erschlagen. Unsere Unschuld ist damit bewiesen.;;Mi [adulterer.GetRootRelation] [adulterer.GetTitledFirstNameNoRegnal] defendió nuestro honor matando a mi [accuser.GetRootRelation] [accuser.GetFirstName] en un duelo. Se ha demostrado nuestra inocencia.;;;;;;;;;x
EVTDESC_WOL_1040_MAIM;My [adulterer.GetRootRelation] [adulterer.GetTitledFirstNameNoRegnal] defeated my [accuser.GetRootRelation] [accuser.GetFirstName] in a duel, cutting off his hand in the process. Our innocence has been proven.;Mon vaillant [adulterer.GetRootRelation] [adulterer.GetTitledFirstNameNoRegnal], a terrassé mon [accuser.GetRootRelation] [accuser.GetFirstName] en duel, prouvant ainsi notre innocence.;M[adulterer.Geteineine] [adulterer.GetRootRelation] [adulterer.GetTitledFirstNameNoRegnal] hat meinen [accuser.GetRootRelation] [accuser.GetFirstName] im Duell besiegt und ihm dabei die Hand abgeschlagen. Unsere Unschuld ist damit bewiesen.;;Mi [adulterer.GetRootRelation] [adulterer.GetTitledFirstNameNoRegnal] derrotó a mi [accuser.GetRootRelation] [accuser.GetFirstName] en un duelo, cortando su mano en el proceso. Se ha demostrado nuestra inocencia.;;;;;;;;;x
EVTDESC_WOL_1040_WOUND;My valiant [adulterer.GetRootRelation] [adulterer.GetTitledFirstNameNoRegnal] defeated and wounded my brutish [accuser.GetRootRelation] [accuser.GetFirstName] in a duel, thus proving our innocence.;Mon vaillant [adulterer.GetRootRelation] [adulterer.GetTitledFirstNameNoRegnal], a vaincu et blessé mon [accuser.GetRootRelation] [accuser.GetFirstName] en duel, prouvant ainsi notre innocence.;M[adulterer.Geteineine] heldenhafte[adulterer.GetrMale] [adulterer.GetRootRelation] [adulterer.GetTitledFirstNameNoRegnal] hat meine[accuser.GetnMale] [accuser.GetRootRelation] [accuser.GetFirstName], den Barbaren, im Duell besiegt und verwundet und unsere Unschuld bewiesen.;;Mi valiente [adulterer.GetRootRelation] [adulterer.GetTitledFirstNameNoRegnal] ha derrotado y herido a mi brutal [accuser.GetRootRelation] [accuser.GetFirstName] en un duelo, demostrando así nuestra inocencia.;;;;;;;;;x
EVTDESC_WOL_1041;I fought hard, full of righteous fury, yet [adulterer.GetTitledFirstNameNoRegnal] disarmed and defeated me in a fair duel, thus proving [adulterer.GetPossPronoun] innocence, and that of my [cheating_spouse.GetRootRelation] [cheating_spouse.GetFirstName].;J'ai combattu férocement, inspiré par ma vertu, mais [adulterer.Get_only_le_Title][adulterer.GetTitledFirstNameNoRegnal] est parvenu à me désarmer et à me vaincre en duel, prouvant ainsi son innocence et celle de ma [cheating_spouse.GetRootRelation] [cheating_spouse.GetFirstName].;Ich kämpfte tapfer und für die Gerechtigkeit, doch [adulterer.GetTitledFirstNameNoRegnal] entwaffnete und besiegte mich in einem fairen Duell, so dass [adulterer.GetPossPronoun]e Unschuld und die m[cheating_spouse.Geteineseiner] [cheating_spouse.GetRootRelation] [cheating_spouse.GetFirstName] bewiesen ist.;;He luchado con fuerza, lleno de justa furia. Sin embargo, [adulterer.GetTitledFirstNameNoRegnal] me desarmó y me venció en un duelo justo, demostrando así su inocencia y la de mi [cheating_spouse.GetRootRelation] [cheating_spouse.GetFirstName]. ;;;;;;;;;x
EVTDESC_WOL_1041_DEATH;I fought [adulterer.GetTitledFirstNameNoRegnal] hard for what seemed like hours, but when my righteous fury gave way to exhaustion, [adulterer.GetSubjectPronoun] pierced my heart. Darkness descends.;J'ai combattu [adulterer.Get_only_le_Title][adulterer.GetTitledFirstNameNoRegnal] sans relâche pendant ce qui m'a semblé être des heures, mais comme ma furie vertueuse laissait place à la fatigue, [adulterer.GetIlElle] m'a percé le coeur. Les ténèbres m'enveloppent.;Ich kämpfte erbittert mit [adulterer.GetTitledFirstNameNoRegnal]. Es kam mir vor wie eine Ewigkeit. Als mein heiliger Zorn versiegte, nutzte [adulterer.GetSubjectPronoun] meine Erschöpfung aus und durchbohrte mein Herz. Dunkelheit senkt sich herab.;;He luchado con fuerza con [adulterer.GetTitledFirstNameNoRegnal] durante lo que me parecieron horas, pero cuando mi furia dio paso al agotamiento, [adulterer.GetSubjectPronoun] me atravesó el corazón. La oscuridad desciende.;;;;;;;;;x
EVTDESC_WOL_1041_MAIM;[adulterer.GetTitledFirstNameNoRegnal] cut me again and again, but I refused to yield. Suddenly, sun blinding me from the glare in [adulterer.GetPossPronoun] blade, [adulterer.GetSubjectPronoun] chopped my hand right off! [Root.Religion.GetRandomGodNameCap] has proven [adulterer.GetPossPronoun] innocence, and that of my [cheating_spouse.GetRootRelation] [cheating_spouse.GetFirstName].;[adulterer.Get_only_Le_Title][adulterer.GetTitledFirstNameNoRegnal] m'a blessé à maintes reprises, mais je ne comptais pas abandonner. Soudain, il m'a littéralement coupé la main, profitant d'un bref moment de faiblesse alors que j'étais aveuglé par les reflets du soleil sur son épée ! [Root.Religion.GetRandomGodNameCap] a prouvé son innocence et celle de ma [cheating_spouse.GetRootRelation] [cheating_spouse.GetFirstName].;[adulterer.GetTitledFirstNameNoRegnal] verwundete mich mehrfach, doch ich weigerte mich zu kapitulieren. Plötzlich wurde ich von einem Sonnenstrahl, der von [adulterer.GetPossPronoun]em Schwert reflektiert wurde, geblendet und [adulterer.GetSubjectPronoun] schlug mir die Hand ab! [Root.Religion.GetRandomGodNameCap] hat [adulterer.GetPossPronoun]e Unschuld bewiesen und die m[cheating_spouse.Geteineseiner] [cheating_spouse.GetRootRelation] [cheating_spouse.GetFirstName].;;[adulterer.GetTitledFirstNameNoRegnal] me cortó una y otra vez, pero me negué a ceder. De repente, cegado por el brillo del solo sobre su acero, [adulterer.GetSubjectPronoun] me cortó la mano derecha! [Root.Religion.GetRandomGodNameCap] ha demostrado su inocencia y la de mi [cheating_spouse.GetRootRelation] [cheating_spouse.GetFirstName]. ;;;;;;;;;x
EVTDESC_WOL_1041_WOUND;I fought hard, full of righteous fury, yet [adulterer.GetTitledFirstNameNoRegnal] cut me again and again. Bleeding profusely, I had to yield. [Root.Religion.GetRandomGodNameCap] has proven [adulterer.GetPossPronoun] innocence, and that of my [cheating_spouse.GetRootRelation] [cheating_spouse.GetFirstName].;J'ai combattu férocement, inspiré par ma vertu, mais [adulterer.Get_only_le_Title][adulterer.GetTitledFirstNameNoRegnal] m'a blessé à maintes reprises et m'a fait perdre beaucoup de sang, me forçant à abandonner. [Root.Religion.GetRandomGodNameCap] a prouvé son innocence, et celle de ma [cheating_spouse.GetRootRelation] [cheating_spouse.GetFirstName].;Ich kämpfte tapfer und für die Gerechtigkeit, doch [adulterer.GetTitledFirstNameNoRegnal] verletzte mich ein ums andere Mal. Schwer blutend musste ich mich schließlich ergeben. [Root.Religion.GetRandomGodNameCap] hat [adulterer.GetPossPronoun]e Unschuld bewiesen und die m[cheating_spouse.Geteineseiner] [cheating_spouse.GetRootRelation] [cheating_spouse.GetFirstName].;;He luchado con fuerza, lleno de justa furia. Sin embargo, [adulterer.GetTitledFirstNameNoRegnal] me cortó una y otra vez. Sangrando profusamente, tuve que rendirme. [Root.Religion.GetRandomGodNameCap] ha demostrado su inocencia y la de mi [cheating_spouse.GetRootRelation] [cheating_spouse.GetFirstName]. ;;;;;;;;;x
EVTDESC_WOL_1102;I woke up this morning and realized that I have lost my feelings for my [target_lover.GetRootRelation] [target_lover.GetTitledFirstNameNoRegnal].;À mon réveil ce matin, je me suis rendu compte que mon amour pour [target_lover.Get_only_le_Title][target_lover.GetTitledFirstNameNoRegnal] n'était plus.;Heute Morgen wachte ich auf und erkannte, dass ich nichts mehr für meine[target_lover.GetnMale] [target_lover.GetRootRelation] [target_lover.GetTitledFirstNameNoRegnal] empfinde.;;Me desperté esta mañana y me dí cuenta de que he perdido lo que sentía por [target_lover.GetRootRelation] [target_lover.GetTitledFirstNameNoRegnal]. ;;;;;;;;;x
EVTDESC_WOL_1103;My [affair_ender.GetRootRelation] [affair_ender.GetTitledFirstNameNoRegnal] has avoided me for some time now, and the rare occasions when we meet have turned from the nights of passion I remember to evenings of arguments and disagreement. It did not come as a shock when [affair_ender.GetSubjectPronoun] told me [affair_ender.GetSubjectPronoun] no longer loves me, but it hurt more than I thought it would.;Mon [affair_ender.GetRootRelation], [affair_ender.Get_only_le_Title][affair_ender.GetTitledFirstNameNoRegnal], m'évite depuis longtemps maintenant, et les occasions rares de nos rencontres donnent désormais lieu à des disputes, alors qu'auparavant elles donnaient lieu à des nuits de passion. Le choc a été minime quand [affair_ender.GetIlElle] a avoué ne plus ressentir d'amour pour moi, mais la douleur fut plus intense que ce à quoi je m'attendais.;M[affair_ender.Geteineine] [affair_ender.GetRootRelation] [affair_ender.GetTitledFirstNameNoRegnal] meidet mich seit einer Weile und von der früheren Leidenschaft ist nichts mehr geblieben. Stattdessen streiten wir uns. Es war keine Überraschung, als [affair_ender.GetSubjectPronoun] mir sagte, [affair_ender.GetSubjectPronoun] liebte mich nicht mehr. Und doch war es schmerzvoller, als ich erwartet hatte.;;Mi [affair_ender.GetRootRelation] [affair_ender.GetTitledFirstNameNoRegnal] lleva un tiempo evitándome y las raras ocasiones que nos encontramos las noches de pasión que recordaba se han convertido en tardes de discusiones y desacuerdos. No me sorprendió que [affair_ender.GetSubjectPronoun] [affair_ender.GetSubjectPronoun] me dijera que ya no me ama, pero duele más de lo que pensé que lo haría.;;;;;;;;;x
EVTDESC_WOL_1104;I let [target_lover.GetFirstName] know of my lost feelings for [target_lover.GetObjectPronoun], and then [target_lover.GetSubjectPronoun] goes and fills my room with flowers... and by [Root.Religion.GetRandomGodName], what is [target_lover.GetSubjectPronoun] wearing?!;J'ai informé [target_lover.GetFirstName] de mon amour fané, et [target_lover.GetIlElle] répond en remplissant ma chambre de fleurs.... et nom de [Root.Religion.GetRandomGodName], quel est cet accoutrement ?;Ich habe [target_lover.GetFirstName] gesagt, dass ich nicht mehr für [target_lover.GetObjectPronoun] empfinde, doch als Reaktion darauf füllte [target_lover.GetSubjectPronoun] meine Gemächer mit Blumen. Und bei [Root.Religion.GetRandomGodName], was für Kleidung trägt [target_lover.GetSubjectPronoun] denn da nur?!;;Dejo a [target_lover.GetFirstName] saber que he perdido lo que sentía por [target_lover.GetObjectPronoun], [target_lover.GetSubjectPronoun] y entonces llena mi habitación de flores... y por [Root.Religion.GetRandomGodName], ¿qué se ha puesto [target_lover.GetSubjectPronoun]?;;;;;;;;;x
EVTDESC_WOL_1105;I filled [affair_ender.GetFirstName]'s room with roses and waited on [affair_ender.GetPossPronoun] bed wearing... very little. [affair_ender.GetSubjectPronounCap] was most impressed.;J'ai rempli la chambre de [affair_ender.GetFirstName] de roses, et j'ai patiemment attendu sur son lit, en tenue d'Adam. L'effet s'est avéré immédiat.;Ich füllte das Gemach von [affair_ender.GetFirstName] mit Rosen und wartete auf [affair_ender.GetPossPronoun]em Bett mit wenig bis nichts bekleidet. [affair_ender.GetSubjectPronounCap] war sehr beeindruckt.;;He llenado la habitación de [affair_ender.GetFirstName] con rosas y esperé en su cama vistiendo... muy poco. [affair_ender.GetSubjectPronounCap] quedó muy impresionado.;;;;;;;;;x
EVTDESC_WOL_1106;I filled [affair_ender.GetFirstName]'s room with roses and waited on [affair_ender.GetPossPronoun] bed wearing... very little. [affair_ender.GetSubjectPronounCap] just sighed and went to sleep in another bedroom.;J'ai rempli la chambre de [affair_ender.GetFirstName] de roses, et j'ai patiemment attendu sur son lit, en tenue d'Adam. En découvrant cela, [affair_ender.GetIlElle] a simplement soupiré avant d'aller dormir dans une autre chambre.;Ich füllte das Gemach von [affair_ender.GetFirstName] mit Rosen und wartete auf [affair_ender.GetPossPronoun]em Bett mit wenig bis nichts bekleidet. Doch [affair_ender.GetSubjectPronounCap] seufzte nur und suchte zum Schlafen ein anderes Schlafzimmer auf.;;He llenado la habitación de [affair_ender.GetFirstName] con rosas y esperé en su cama vistiendo... muy poco. [affair_ender.GetSubjectPronounCap] sólo suspiró y se fue a dormir a otra alcoba.;;;;;;;;;x
EVTDESC_WOL_1150;Having many lovers is exciting and fulfilling. So much love, so much desire... but so little time! I feel like I'm burning the candle at both ends.;Une aventure remplie de plusieurs amants est si excitante et épanouissante. Tant d'amour, tant de désir... et si peu de temps. J'ai l'impression de brûler la chandelle par les deux bouts.;Es ist aufregend und erfüllend, viele Liebespartner zu haben. So viel Liebe, so viel Lust... so wenig Zeit. Ich habe das Gefühl, als würde ich mir zu viel zumuten.;;Tener muchos amantes es emocionante y satisfactorio. Tanto amor, tanto deseo... tan poco tiempo. Siento que paso los días en vela.;;;;;;;;;x
EVTDESC_WOL_1160;My beloved [my_lover.GetTitledFirstNameNoRegnal] is suffering from [my_lover.GetPossPronoun] bad marriage with [my_lover.Spouse.GetTitledFirstName]. Perhaps I should suggest a romantic retreat to the countryside, just the two of us (and our most trusted retainers)?;[my_lover.Get_only_Le_Title][my_lover.GetTitledFirstNameNoRegnal], m[my_lover.GetOnA] bien-aimé[my_lover.Get_E], souffre de son mauvais mariage avec [my_lover.Spouse.Get_le_TitledFirstName]. Peut-être devrais-je lui suggérer une escapade romantique à la campagne, rien que tous les deux (et nos domestiques les plus dignes de confiance) ?;[my_lover.GetTitledFirstNameNoRegnal], innig geliebt von mir, leidet unter einer erschöpfenden Ehe mit [my_lover.Spouse.GetTitledFirstName]. Vielleicht sollten wir ein romantisches Wochenende auf dem Land verbringen, nur wir zwei (und unsere getreuesten Bediensteten)?;;Mi amor, [my_lover.GetTitledFirstNameNoRegnal], sufre un mal matrimonio con [my_lover.GetPossPronoun] [my_lover.Spouse.GetTitledFirstName]. ¿Quizá debería sugerir una escapada romántica al campo, nosotros dos solos, (y nuestros sirvientes más leales)?;;;;;;;;;x
EVTDESC_WOL_1161;Ripped pillows, broken furniture, shattered vases... My marriage to [Root.Spouse.GetFirstName] has devolved into an unending torment of bitter arguments and fiery rows. I would be depressed, but my lover, [From.GetTitledFirstNameNoRegnal], just suggested that we retire to the countryside for a few days of carefree romance and passion!;Coussins déchirés, meubles cassés, vases brisés... Mon mariage avec [Root.Spouse.GetFirstName] a dégénéré en un tourment infini de disputes furieuses et de querelles futiles. La dépression s'emparerait normalement de moi, mais mon amant[From.Get_E], [From.Get_only_le_Title][From.GetTitledFirstNameNoRegnal], vient tout juste de suggérer une escapade à la campagne pour quelques jours de passion et de romance !;Zerrissene Kissen, kaputte Möbel, zerbrochene Vasen... Meine Ehe mit [Root.Spouse.GetFirstName] hat sich in ein nicht enden wollendes Martyrium aus erbitterten Streits und heftigen Auseinandersetzungen verwandelt. Grund genug, deprimiert zu sein, aber [From.GetTitledFirstNameNoRegnal] hat nun vorgeschlagen, dass wir uns für ein paar Tage aufs Land zurückziehen und uns sorgloser Romantik und Leidenschaft hingeben sollten!;;Almohadas rasgadas, muebles rotos, jarrones destrozados. Mi matrimonio con [Root.Spouse.GetFirstName] se ha convertido en un tormento sin fin de amargas discusiones y fieras peleas. ¡Me deprimiría, pero mi amante, [From.GetTitledFirstNameNoRegnal], acaba de sugerir que nos retiremos al campo para tener unos días de romance despreocupado y pasión!;;;;;;;;;x
EVTDESC_WOL_1162;[From.GetFirstName] convinced me to stay in [From.Capital.Capital.GetName] so that we could be together right under [From.Spouse.GetTitledFirstNameNoRegnal]'s nose. We even made love in [From.Spouse.GetPossPronoun] bed!;[From.GetFirstName] m'a convaincu[Root.Get_E] de rester à [From.Capital.Capital.GetName] afin que l'on puisse vivre en couple sous le nez [From.Spouse.Get_only_du_Title][From.Spouse.GetTitledFirstNameNoRegnal]. Nous avons même fait l'amour dans son lit !;[From.GetFirstName] überredete mich, nach [From.Capital.Capital.GetName] zu reisen, damit wir direkt vor der Nase von [From.Spouse.GetTitledFirstNameNoRegnal] zusammen sein können. Wir haben uns sogar im ehelichen Schlafgemach geliebt!;;[From.GetFirstName] me convenció de quedarme en [From.Capital.Capital.GetName] de modo que pudiéramos estar juntos justo bajo las narices de [From.Spouse.GetTitledFirstNameNoRegnal]. ¡Hasta hicimos el amor en su cama!;;;;;;;;;x
EVTDESC_WOL_1163;My [GetFromRelation] [From.GetFirstName] and I spent a few days of romance and passion in a country house far away from the prying eyes of [From.Spouse.GetTitledFirstNameNoRegnal]...;M[From.GetOnA] [GetFromRelation] [From.GetFirstName] et moi-même avons passé quelques jours de passion et de romance dans une maison de campagne, loin des yeux indiscrets [From.Spouse.Get_only_du_Title][From.Spouse.GetTitledFirstNameNoRegnal]...;[GetFromRelation] [From.GetFirstName] und ich verbrachten ein paar Tage voller Romantik und Leidenschaft in einem Landhaus, weit entfernt von den neugierigen Blicken von [From.Spouse.GetTitledFirstNameNoRegnal]...;;Mi [GetFromRelation] [From.GetFirstName] y yo pasamos unos días de romance y pasión en una casa de campo lejos de las miradas indiscretas de [From.Spouse.GetTitledFirstNameNoRegnal]. ..;;;;;;;;;x
EVTDESC_WOL_1164;My [GetFromRelation] [From.GetFirstName] declined my suggestion that we spend some time together alone in a country house, for fear of upsetting [From.GetPossPronoun] [From.Spouse.GetHusbandWife].;Mon [GetFromRelation], [From.GetFirstName], a refusé ma suggestion de partir en escapade dans une maison de campagne, par peur de subir le courroux de s[From.Spouse.GetOnA] [From.Spouse.GetHusbandWife].;M[From.Geteineine] [GetFromRelation] [From.GetFirstName] lehnte meinen Vorschlag ab, ein paar Tage in einem Landhaus miteinander zu verbringen, aus Furcht, [From.GetPossPronoun]e[From.Spouse.GetnMale] [From.Spouse.GetHusbandWife] zu verärgern.;;Mi [GetFromRelation] [From.GetFirstName] rehusó mi sugerencia de dedicarnos algún tiempo a solas en una casa de campo, por temor a alterar a su [From.Spouse.GetHusbandWife]. ;;;;;;;;;x
EVTDESC_WOL_1164_MAD;My [GetFromRelation] [From.GetFirstName] declined my suggestion that we spend some time together alone in a country house, mumbling about a Watcher with 'cruel eyes' who sees all...;Mon [GetFromRelation] [From.GetFirstName] a refusé ma suggestion de partir en escapade dans une maison de campagne, tout en balbutiant à propos d'un observateur aux « yeux cruels » qui voit tout...;[GetFromRelation] [From.GetFirstName] lehnte meinen Vorschlag ab, ein paar Tage in einem Landhaus miteinander zu verbringen, und murmelte etwas von einem Beobachter, dessen "grausame Augen" alles sehen würden...;;"Mi [GetFromRelation] [From.GetFirstName] rehusó mi sugerencia de dedicarnos algún tiempo a solas en una casa de campo, murmurando sobre un vigilante de ""ojos crueles"" que todo lo ve...";;;;;;;;;x

EVTOPTA_WOL_1003;Confront [cheating_spouse.GetFirstName]!;Confronter [cheating_spouse.GetFirstName] !;[cheating_spouse.GetFirstName] darauf ansprechen!;;¡Enfréntate a [cheating_spouse.GetFirstName]!;;;;;;;;;x
EVTOPTA_WOL_1004;Tearfully confess and ask forgiveness;Fondre en larmes, avouer et demander pardon;Legt ein tränenreiches Geständnis ab und bittet um Vergebung;;Confiesa entre lágrimas y pide perdón;;;;;;;;;x
EVTOPTA_WOL_1005_F;That meddling witch!;Cette sorcière manipulatrice !;Was für eine intrigante Hexe!;;¡Esa bruja entrometida!;;;;;;;;;x
EVTOPTA_WOL_1005_M;That accursed blackguard!;Ce maudit mécréant !;Was für eine verwünschter Schuft!;;¡Ese maldito canalla!;;;;;;;;;x
EVTOPTA_WOL_1006;Very well, but I am deeply disappointed.;D'accord, même si je suis très déçu[Root.Get_E].;Gut. Aber ich bin sehr enttäuscht.;;Muy bien, pero me siento profundamente decepcionado.;;;;;;;;;x
EVTOPTA_WOL_1009_F;I can't afford a scandal right now...;Je ne peux pas me permettre un scandale à l'heure actuelle...;Ich kann mir einen Skandal nicht leisten...;;No me puedo permitir un escándalo ahora mismo..;;;;;;;;;x
EVTOPTA_WOL_1009_M;It's a man's world. I'll just have to swallow my pride.;Nous vivons dans un monde d'hommes. Je devrai avaler ma fierté.;Die Welt gehört den Männern. Ich werde meinen Stolz vergessen müssen.;;Es un mundo de hombres. Tendré que tragarme el orgullo.;;;;;;;;;x
EVTOPTA_WOL_1012;Oh. Ok then.;Oh. Dans ce cas, d'accord.;Oh, na dann ist ja gut.;;Ah. Bien entonces.;;;;;;;;;x
EVTOPTA_WOL_1012_ATTACKED;Such fury must mean innocence... right?;Une telle furie est un signe d'innocence... n'est-ce pas ?;So viel Wut... Das deutet auf Unschuld hin, nicht wahr?;;Esa furia debe significar inocencia... ¿no?;;;;;;;;;x
EVTOPTA_WOL_1014;[accuser.GetTitledFirstNameNoRegnal], I curse you with my dying breath!;[accuser.GetTitledFirstNameNoRegnal], je vous maudis de mon dernier souffle !;[accuser.GetTitledFirstNameNoRegnal], ich verfluche dich mit meinem letzten Atemzug!;;¡[accuser.GetTitledFirstNameNoRegnal], te maldigo con mi último aliento!;;;;;;;;;x
EVTOPTA_WOL_1015;Poison or bad shellfish?;Du poison ou des fruits de mer pas frais ?;Gift oder verdorbene Meeresfrüchte?;;¿Veneno o marisco en mal estado?;;;;;;;;;x
EVTOPTA_WOL_1016;May [Root.Religion.GetRandomEvilGodName] curse [adulterer.GetObjectPronoun]!;Que [Root.Religion.GetRandomEvilGodName] l'emporte !;[Root.Religion.GetRandomEvilGodName] verfluche [adulterer.GetObjectPronoun]!;;¡Que [Root.Religion.GetRandomEvilGodName] le maldiga!;;;;;;;;;x
EVTOPTA_WOL_1017;I hope my [cheating_spouse.GetHusbandWife] gets the hint!;J'espère que s[cheating_spouse.GetOnA] [cheating_spouse.GetHusbandWife] recevra le message !;Ich hoffe, [cheating_spouse.GetHusbandWife] versteht diesen Hinweis!;;¡Espero que mi [cheating_spouse.GetHusbandWife] pille la indirecta!;;;;;;;;;x
EVTOPTA_WOL_1018;I need to have a serious talk with that apothecary;Il faut que j'aie une conversation sérieuse avec l'apothicaire;Ich muss mit dem Apotheker ein ernstes Wörtchen reden.;;Tengo que conversar en serio con ese boticario;;;;;;;;;x
EVTOPTA_WOL_1019;How will I live without [adulterer.GetFirstName]?;Comment vais-je pouvoir vivre sans [adulterer.GetLuiElle] ?;Wie soll ich ohne [adulterer.GetFirstName] leben?;;¿Cómo viviré sin [adulterer.GetFirstName]?;;;;;;;;;x
EVTOPTA_WOL_1020;Very well, I can be the greater [Root.GetManWoman].;J'accepte de me montrer magnanime.;Gut, ich kann mich darüber hinwegsehen.;;Muy bien, puedo ser mejor [Root.GetManWoman]. ;;;;;;;;;x
EVTOPTA_WOL_1022;That's a relief, but I still have doubts...;C'est un soulagement, mais j'ai toujours des doutes...;Das ist erleichternd! Aber ich habe meine Zweifel.;;Es un alivio, pero todavía tengo dudas...;;;;;;;;;x
EVTOPTA_WOL_1025;I hope that's all there is to it!;J'espère que c'est tout pour cette histoire !;Ich hoffe, dass es damit erledigt ist.;;¡Espero que esto sea todo!;;;;;;;;;x
EVTOPTA_WOL_1028;No! But... I don't want a scandal.;Non ! Mais... je ne veux pas de scandale.;Nein! Aber... ich möchte keinen Skandal.;;¡No! Pero... no quiero un escándalo.;;;;;;;;;x
EVTOPTA_WOL_1032;Challenge accepted!;J'accepte le défi !;Herausforderung angenommen!;;¡Desafío aceptado!;;;;;;;;;x
EVTOPTA_WOL_1033;Flatly deny;Nier en bloc;Rundweg bestreiten;;Niégalo directamente.;;;;;;;;;x
EVTOPTA_WOL_1034;A smear on [adulterer.GetPossPronoun] honor!;Une tache sur son honneur !;Ein Schandfleck auf [adulterer.GetPossPronoun]er Ehre!;;¡Una mancha en su honor!;;;;;;;;;x
EVTOPTA_WOL_1036;I allowed [adulterer.GetObjectPronoun] to yield unscathed, having lost [adulterer.GetPossPronoun] sword;Je lui ai permis de se rendre sans blessures après la perte de son épée;Ich gestattete [adulterer.GetObjectPronoun], sich unversehrt zu ergeben, da [adulterer.GetPossPronoun] Schwert verloren war;;Permití que se rindiese iles[adulterer.GetOA], tras perder la espada.;;;;;;;;;x
EVTOPTA_WOL_1037;We must atone for our sins...;Nous devons expier de nos péchés...;Wir müssen Buße tun für unsere Sünden...;;Debemos expiar nuestros pecados...;;;;;;;;;x
EVTOPTA_WOL_1038;[Root.Religion.GetRandomGodNameCap] has judged us fairly. We must atone.;[Root.Religion.GetRandomGodNameCap] nous juge avec justesse. Nous devons expier de nos péchés.;[Root.Religion.GetRandomGodNameCap] hat ein gerechtes Urteil gefällt. Wir müssen büßen.;;[Root.Religion.GetRandomGodNameCap] nos ha juzgado justamente. Debemos pagar.;;;;;;;;;x
EVTOPTA_WOL_1040;[Root.Religion.GetRandomGodNameCap] favors our love!;[Root.Religion.GetRandomGodNameCap] est en faveur de notre amour !;[Root.Religion.GetRandomGodNameCap] bejaht unsere Liebe!;;¡[Root.Religion.GetRandomGodNameCap] favorece nuestro amor!;;;;;;;;;x
EVTOPTA_WOL_1041;[Root.Religion.GetRandomGodNameCap] has judged them fairly. [adulterer.GetFirstName] forgive me.;[Root.Religion.GetRandomGodNameCap] nous juge avec justesse. [adulterer.GetFirstName], pardonnez-moi.;[Root.Religion.GetRandomGodNameCap] hat ein gerechtes Urteil gefällt. [adulterer.GetFirstName] möge mir vergeben.;;[Root.Religion.GetRandomGodNameCap] los ha juzgado con justicia. Que [adulterer.GetFirstName] me perdone.;;;;;;;;;x
EVTOPTA_WOL_1102;Such is life. I should tell [target_lover.GetObjectPronoun].;C'est la vie. Je devrais lui en parler.;So ist das Leben. Ich sollte [target_lover.GetObjectPronoun] davon erzählen.;;Así es la vida. Debo decírselo.;;;;;;;;;x
EVTOPTA_WOL_1104;I love [target_lover.GetObjectPronoun]! Or is it lust? Who cares!;Je l'aime ! Ou serait-ce une marque de luxure ? Peu importe !;Ich liebe [target_lover.GetObjectPronoun]! Oder ist es bloß Wollust? Was spielt das für eine Rolle?;;¡[target_lover.GetObjectPronoun] amo! ¿O es lujuria? ¿A quién le importa!;;;;;;;;;x
EVTOPTA_WOL_1105;I've still got it!;J'ai toujours ce qu'il faut !;Ich habe es immer noch drauf!;;¡Aún conservo mi toque!;;;;;;;;;x
EVTOPTA_WOL_1106;Have I lost it?;Aurais-je perdu mes talents ?;Habe ich es etwa nicht mehr drauf?;;¿Lo he perdido?;;;;;;;;;x
EVTOPTA_WOL_1150;I can make this work!;Je peux m'en sortir !;Irgendwie wird es schon gehen!;;¡Puedo hacer que esto funcione bien!;;;;;;;;;x
EVTOPTA_WOL_1160;I yearn for [my_lover.GetPossPronoun] embrace!;Je suis en manque de son toucher !;Ich sehne mich nach einer Umarmung!;;¡Anhelo su abrazo!;;;;;;;;;x
EVTOPTA_WOL_1161;What a splendid idea!;Quelle idée splendide !;Was für eine umwerfende Idee!;;¡Qué idea tan espléndida!;;;;;;;;;x
EVTOPTA_WOL_1162;We are so naughty...;Nous sommes si coquins...;Wir sind so unanständig...;;Somos tan malos...;;;;;;;;;x
EVTOPTA_WOL_1163;I am so happy! Exhausted too...;Je suis en extase ! Mais la fatigue m'envahit...;Ich bin so froh! Erschöpft aber auch...;;¡Siento tanta felicidad! Y agotamiento....;;;;;;;;;x
EVTOPTA_WOL_1164;Such a wasted opportunity!;Quelle opportunité gâchée !;Was für eine verschwendete Gelegenheit!;;¡Una oportunidad malgastada!;;;;;;;;;x
EVTOPTA_WOL_1164_MAD;My poor love, I fear [From.GetSubjectPronoun] is losing it!;Mon pauvre amour, j'ai peur qu'[From.GetIlElle] perde la tête !;Oh je, ich befürchte, [From.GetSubjectPronoun] dreht langsam durch!;;Mi pobre amor, ¡temo que esté perdiendo el juicio!;;;;;;;;;x
EVTOPTA_WOL_1164_MAD_MAD;Aagh! Not the Watcher! I must hide...;Argh ! Non, pas l'observateur ! Je dois me cacher...;Verdammt! Nicht der Beobachter! Ich muss mich verstecken...;;¡Aagh! ¡El vigilante no! Tengo que esconderme...;;;;;;;;;x

EVTOPTB_WOL_1003_F;Confront the harlot, [adulterer.GetTitledFirstNameNoRegnal]!;Confronter cette catin de [adulterer.GetTitledFirstNameNoRegnal] !;Sprecht diese Hure [adulterer.GetTitledFirstNameNoRegnal] darauf an!;;¡Enfréntate a esa ramera [adulterer.GetTitledFirstNameNoRegnal]!;;;;;;;;;x
EVTOPTB_WOL_1003_M;Confront [adulterer.GetTitledFirstNameNoRegnal]!;Confronter [adulterer.Get_only_le_Title][adulterer.GetTitledFirstNameNoRegnal] !;[adulterer.GetTitledFirstNameNoRegnal] darauf ansprechen!;;¡Enfréntate a [adulterer.GetTitledFirstNameNoRegnal]!;;;;;;;;;x
EVTOPTB_WOL_1004;Admit it, but refuse to break up with [adulterer.GetFirstName];Admettre la liaison, mais refuser de rompre avec [adulterer.GetFirstName];Gebt es zu, aber weigert Euch, mit [adulterer.GetFirstName] zu brechen;;Admítelo, pero rechaza romperse con [adulterer.GetFirstName];;;;;;;;;x
EVTOPTB_WOL_1006;Never! Denounce them both publicly!;Hors de question ! Je vais les dénoncer publiquement !;Niemals. Stellt sie beide öffentlich bloß!;;¡Nunca! Denunciarlos ambos públicamente.;;;;;;;;;x
EVTOPTB_WOL_1009;Denounce them both publicly!;Les dénoncer publiquement tous les deux !;Stellt sie beide öffentlich bloß!;;¡Denúncialos en público!;;;;;;;;;x
EVTOPTB_WOL_1012;I don't need proof when I have poison!;Je n'ai nul besoin de preuves quand j'ai du poison !;Ich habe Gift. Ich brauche keine Beweise!;;¡No necesito pruebas cuando tengo veneno!;;;;;;;;;x
EVTOPTB_WOL_1022;[adulterer.GetFirstName] is married too. Ask [adulterer.GetPossPronoun] spouse [adulterer.Spouse.GetTitledFirstNameNoRegnal] to investigate.;[adulterer.GetFirstName] est aussi marié[adulterer.Get_E]. Demander à s[adulterer.Spouse.GetOnA] [adulterer.Spouse.GetHusbandWife] d'enquêter.;[adulterer.GetFirstName] ist ebenfalls verheiratet. Lasst [adulterer.GetPossPronoun]em Ehepartner [adulterer.Spouse.GetTitledFirstNameNoRegnal] Nachforschungen anstellen.;;[adulterer.GetFirstName] también está casad[adulterer.GetOA]. Pediré ayuda a su cónyuge, [adulterer.Spouse.GetTitledFirstNameNoRegnal] para investigar.;;;;;;;;;x
EVTOPTB_WOL_1028;Filth! Denounce them both publicly!;Infâme ! Les dénoncer tous les deux publiquement !;Abschaum. Stellt sie öffentlich bloß. Beide!;;¡Qué inmundicia! ¡Denunciar públicamente ambos!;;;;;;;;;x
EVTOPTB_WOL_1032;A duel? What farce, what mummery!;Un duel ? Quelle farce, quelle moquerie !;Ein Duell? Was für eine groteske Farce!;;¿Un duelo? ¡Qué farsa, qué mascarada!;;;;;;;;;x
EVTOPTB_WOL_1033;Confess and promise to end the affair;Admettre la liaison, et promettre d'y mettre un terme;Gestehen und versprechen, die Sache zu beenden;;Confiesa y pon fin a la aventura.;;;;;;;;;x
EVTOPTB_WOL_1036;[adulterer.GetSubjectPronounCap] yielded after I pierced [adulterer.GetPossPronoun] shoulder;[adulterer.GetIlElleCap] s'est rendu[adulterer.Get_E] après l'avoir blessé à l'épaule;[adulterer.GetSubjectPronounCap] ergab sich, nachdem ich [adulterer.GetPossPronoun] Schulter durchbohrte;;Se rindió tras atravesar su hombro.;;;;;;;;;x
EVTOPTB_WOL_1037;How cruel is the world!?;Pourquoi le monde est-il si cruel ?;Wie kann die Welt so grausam sein?;;¡¿Cómo puede ser tan cruel el mundo?!;;;;;;;;;x
EVTOPTB_WOL_1038;Curse [accuser.GetObjectPronoun]! I will have my revenge!;Soyez maudit ! J'aurai ma revanche !;Der Teufel soll [accuser.GetObjectPronoun] holen! Ich werde meine Rache bekommen! ;;¡Maldit[accuser.GetOA] sea! ¡Me vengaré!;;;;;;;;;x
EVTOPTB_WOL_1040;May [Root.Religion.GetRandomGodName] forgive us!;Que [Root.Religion.GetRandomGodName] nous pardonne !;Möge [Root.Religion.GetRandomGodName] uns verzeihen!;;¡Que [Root.Religion.GetRandomGodName] nos perdone!;;;;;;;;;x
EVTOPTB_WOL_1102;We are [Root.GetEventTarget1Relation] and [target_lover.GetRootRelation]. What need for love?;Nous sommes [Root.GetEventTarget1Relation] et [target_lover.GetRootRelation]. Qui a besoin d'amour ?;Wir sind [Root.GetEventTarget1Relation] und [target_lover.GetRootRelation]. Was brauchen wir da noch Gefühle?;;Somos [Root.GetEventTarget1Relation] y [target_lover.GetRootRelation]. ¿Qué necesidad hay de amor?;;;;;;;;;x
EVTOPTB_WOL_1104;Sorry dear, it just doesn't do it for me.;Mille pardons, l'intérêt m'a échappé.;Tut mir leid, Liebling. Das funktioniert bei mir nicht.;;Lo siento querida, simplemente no me afecta.;;;;;;;;;x
EVTOPTB_WOL_1150;Break up with [first_lover.GetTitledFirstNameNoRegnal];Rompre avec [first_lover.Get_only_le_Title][first_lover.GetTitledFirstNameNoRegnal];Ich trenne mich von [first_lover.GetTitledFirstNameNoRegnal];;Rompe la relación con [first_lover.GetTitledFirstNameNoRegnal];;;;;;;;;x
EVTOPTB_WOL_1160;No. What if [my_lover.Spouse.GetFirstName] were to find out?;Non. Que se passerait-il si [my_lover.Spouse.GetFirstName] découvrait la vérité ?;Nein. Was wäre, wenn [my_lover.Spouse.GetFirstName] dies herausfinden würde?;;No. ¿Y si [my_lover.Spouse.GetFirstName] lo averigua?;;;;;;;;;x
EVTOPTB_WOL_1161;No... let's be together right here under [Root.Spouse.GetFirstName]'s nose!;Non... menons notre vie de couple ici, juste sous le nez de [Root.Spouse.GetFirstName] !;Nein... treffen wir uns hier, direkt vor der Nase von [Root.Spouse.GetFirstName]!;;No... quedémonos aquí juntos, ¡bajo las narices de [Root.Spouse.GetFirstName]!;;;;;;;;;x

EVTOPTC_WOL_1003;Focus on more important matters;Se concentrer sur des affaires plus importantes;Konzentriert Euch auf wichtigere Dinge;;Concéntrate en asuntos más importantes;;;;;;;;;x
EVTOPTC_WOL_1003_HOMO_F;Women lovers? Let them play...;Des femmes qui jouent à l'amour ? Qu'on les laisse jouer...;Frauenliebhaber? Lasst sie spielen...;;¿Mujeres amantes? Que jueguen...;;;;;;;;;x
EVTOPTC_WOL_1004;Lie to [accuser.GetPossPronoun] face;Inventer un tas de mensonges;Lügt direkt in [accuser.GetPossPronoun] Gesicht;;Miénte[accuser.GetPossPronoun] a la cara.;;;;;;;;;x
EVTOPTC_WOL_1012_DUEL;Our blades will decide [adulterer.GetPossPronoun] guilt!;Nos épées décideront de sa culpabilité !;Unsere Klingen werden das Urteil über [adulterer.GetPossPronoun]e Schuld sprechen!;;¡Nuestros aceros decidirán su culpa!;;;;;;;;;x
EVTOPTC_WOL_1022;Pay to have them both watched;Payer pour les surveiller tous les deux;Bezahlt für die Überwachung beider;;Paga para tenerlos vigilados.;;;;;;;;;x
EVTOPTC_WOL_1032;I am no fighter. Beg forgiveness.;Je ne suis pas un[Root.Get_E] combattant[Root.Get_E]. J'implore son pardon.;Ich bin kein Kämpfer. Ich bettle um Vergebung.;;Yo no lucho. Pido perdón;;;;;;;;;x
EVTOPTC_WOL_1033_F;I will kill the bitch!;Je la tuerai moi-même !;Ich werde die Schlampe umbringen!;;¡Voy a matar a esa perra!;;;;;;;;;x
EVTOPTC_WOL_1033_M;The [accuser.GetEventTarget1Insult]! I will kill him!;Que[accuser.GetLLle] [accuser.GetEventTarget1Insult] ! Je le tuerai !;Ich hasse solche Menschen! Ich werde ihn töten!;;¡Será [accuser.GetEventTarget1Insult]! ¡Lo mataré!;;;;;;;;;x
EVTOPTC_WOL_1036;Bleeding from several cuts, [adulterer.GetSubjectPronoun] yielded only when I took [adulterer.GetPossPronoun] hand off!;Saignant de maintes blessures, il s'est rendu uniquement quand je lui ai coupé la main !;Auch nachdem [adulterer.GetSheHe] aus mehreren Wunden blutete, ergab [adulterer.GetSubjectPronoun] sich erst, als ich [adulterer.GetPossPronoun]e Hand abhieb!;;¡Aun sangrando por varios cortes, sólo se rindió sólo cuando le corté la mano!;;;;;;;;;x
EVTOPTC_WOL_1038;[cheating_spouse.GetFirstName], I have shamed you...;[cheating_spouse.GetFirstName], je vous ai couvert de honte...;[cheating_spouse.GetFirstName], ich habe dir Unrecht getan...;;[cheating_spouse.GetFirstName], te he avergonzado...;;;;;;;;;x
EVTOPTC_WOL_1041;[Root.Religion.GetRandomGodNameCap] judge me fairly!;[Root.Religion.GetRandomGodNameCap], que votre jugement soit juste !;[Root.Religion.GetRandomGodNameCap] hat ein gerechtes Urteil über mich gefällt!;;¡[Root.Religion.GetRandomGodNameCap] me juzgue con justicia!;;;;;;;;;x
EVTOPTC_WOL_1102;I will rekindle our love!;Je raviverai notre amour !;Ich werde unsere Liebe neu entfachen!;;¡Reavivaré nuestro amor!;;;;;;;;;x
EVTOPTC_WOL_1103;Time to re-seduce [affair_ender.GetObjectPronoun]!;Il est temps de lui refaire la cour !;Dann muss ich [affair_ender.GetObjectPronoun] eben aufs Neue verführen!;;¡Es hora de volver a seducir a [affair_ender.GetObjectPronoun]!;;;;;;;;;x
EVTOPTC_WOL_1150;Break up with [second_lover.GetTitledFirstNameNoRegnal];Rompre avec [second_lover.Get_only_le_Title][second_lover.GetTitledFirstNameNoRegnal];Ich trenne mich von [second_lover.GetTitledFirstNameNoRegnal];;Rompe la relación con [second_lover.GetTitledFirstNameNoRegnal];;;;;;;;;x
EVTOPTC_WOL_1161;I wish... but we can't risk it.;Si seulement... mais nous ne pouvons pas prendre un tel risque.;Das wäre schön... aber wir dürfen es nicht riskieren.;;Ojalá... pero no podemos arriesgarnos.;;;;;;;;;x

EVTOPTD_WOL_1004;Lie and make [accuser.GetObjectPronoun] feel guilty for asking!;Mentir, et [accuser.GetLeLa] faire culpabiliser pour avoir demandé !;Lügt und bereitet [accuser.GetObjectPronoun] ein schlechtes Gewissen wegen der Frage!;;Miente y haz que se sienta culpable por preguntar ;;;;;;;;;x
EVTOPTD_WOL_1036;I pierced [adulterer.GetPossPronoun] heart. A suitable end to the [adulterer.GetEventTarget1Insult]!;Je lui ai percé le coeur. Une fin parfaite pour c[From.GetEEtte] [adulterer.GetEventTarget1Insult] !;Ich durchbohrte [adulterer.GetPossPronoun] Herz. Das passende Ende für einen dieser Menschen!;;Atravesé su corazón. ¡Un final adecuado para es[adulterer.GetOA] [adulterer.GetEventTarget1Insult]!;;;;;;;;;x
EVTOPTD_WOL_1150;Break up with [third_lover.GetTitledFirstNameNoRegnal];Rompre avec [third_lover.Get_only_le_Title][third_lover.GetTitledFirstNameNoRegnal];Ich trenne mich von [third_lover.GetTitledFirstNameNoRegnal];;Rompe la relación con [third_lover.GetTitledFirstNameNoRegnal];;;;;;;;;x
EVTOPTD_WOL_1161;We can't! The Watcher... he sees all!;Nous ne pouvons pas ! L'observateur... il voit tout !;Es geht nicht! Der Beobachter... er sieht alles!;;¡No podemos! ¡El vigilante... lo ve todo!;;;;;;;;;x

EVTTOOLTIP_WoL_1005;My affair with [This.GetTitledFirstNameNoRegnal] is ended;Ma liaison avec [This.Get_only_le_Title][This.GetTitledFirstNameNoRegnal] est terminée;Meine Affäre mit [This.GetTitledFirstNameNoRegnal] ist beendet;;Se terminó mi aventura con [This.GetTitledFirstNameNoRegnal];;;;;;;;;x
EVTTOOLTIP_WoL_1006;[This.GetFirstName] is upset;[This.GetFirstName] est en colère;[This.GetFirstName] ist aufgebracht;;[This.GetFirstName] está disgustado;;;;;;;;;x
EVTTOOLTIP_WoL_1009;[This.GetFirstName] is upset and might overreact...;[This.GetFirstName] est en colère et pourrait réagir de manière excessive...;[This.GetFirstName] ist aufgebracht und könnte überreagieren...;;[This.GetFirstName] está disgustado y podría reaccionar de manera exagerada...;;;;;;;;;x
EVTTOOLTIP_WoL_1010;[This.GetFirstName] is manipulated;Manipulation avec succès de [This.GetFirstName];[This.GetFirstName] ist manipuliert;;[This.GetFirstName] está manipulad[This.GetOA];;;;;;;;;x
EVTTOOLTIP_WoL_1011_ATTACK;[accuser.GetTitledFirstNameNoRegnal] is attacked and hopefully hurt badly!;[accuser.Get_only_Le_Title][accuser.GetTitledFirstNameNoRegnal] subit une attaque, et avec un peu de chance, aura une grave blessure !;[accuser.GetTitledFirstNameNoRegnal] wurde angegriffen und ist hoffentlich schwer verletzt!;;¡[accuser.GetTitledFirstNameNoRegnal] es atacado y espero que malherido!;;;;;;;;;x
EVTTOOLTIP_WoL_1013;Poison [This.GetFirstName] at the first opportunity.;Empoisonner [This.GetFirstName] à la première occasion.;Vergiftet [This.GetFirstName] bei der ersten Gelegenheit.;;Envenena a [This.GetFirstName] a la primera oportunidad;;;;;;;;;x
EVTTOOLTIP_WoL_1022;[This.GetFirstName] responds to my lies...;[This.GetFirstName] répond à mes mensonges...;[This.GetFirstName] reagiert auf meine Lügen...;;[This.GetFirstName] responde a mis mentiras...;;;;;;;;;x
EVTTOOLTIP_WoL_1023;[This.GetFirstName] is tipped off.;[This.GetFirstName] reçoit l'information.;[This.GetFirstName] ist informiert.;;[This.GetFirstName] está sobre aviso.;;;;;;;;;x
EVTTOOLTIP_WoL_1032;[This.GetFirstName] is challenged to a duel.;[This.GetFirstName] est mis[This.Get_E] au défi dans un duel.;[This.GetFirstName] wird zum Duell gefordert.;;[This.GetFirstName] es desafiado a un duelo.;;;;;;;;;x
EVTTOOLTIP_WoL_1104;[This.GetSheHeCap] is given a night [This.GetSubjectPronoun] won't soon forget!;Je ferai en sorte qu'[This.GetIlElle] se souvienne de cette nuit pour le reste de sa vie !;[This.GetSheHeCap] wird eine Nacht erleben, die [This.GetSubjectPronoun] nicht so schnell vergisst!;;¡[This.GetObjectPronoun] tiene una noche que no olvidará!;;;;;;;;;x
EVTTOOLTIP_WoL_1105;[This.GetFirstName] remains my lover!;[This.GetFirstName] reste mon amant[This.Get_E] !;[This.GetFirstName] bleibt mein Liebhaber!;;¡[This.GetFirstName] sigue siendo mi amante!;;;;;;;;;x
EVTTOOLTIP_WoL_1161;The suggestion is made. [This.GetTitledFirstNameNoRegnal] gets to decide...;La suggestion est faite. [This.Get_only_Le_Title][This.GetTitledFirstNameNoRegnal] doit prendre la décision...;Der Vorschlag wurde überbracht. [This.GetTitledFirstNameNoRegnal] hat es nun in der Hand...;;Sugerencia hecha. [This.GetTitledFirstNameNoRegnal] puede decidir...;;;;;;;;;x
EVTTOOLTIP_WoL_1162;We risk discovery by [Root.Spouse.GetFirstName];Nous risquons d'être découverts par [Root.Spouse.GetFirstName];Wir gehen das Risiko ein, von [Root.Spouse.GetFirstName] entdeckt zu werden;;Corremos el riesgo de que [Root.Spouse.GetFirstName] lo descubra;;;;;;;;;x
EVTTOOLTIP_WoL_1163;There is almost no risk of discovery by [Root.Spouse.GetFirstName];Il n'y a presque aucun risque d'être découverts par [Root.Spouse.GetFirstName];Das Risiko, von [Root.Spouse.GetFirstName] entdeckt zu werden, ist denkbar gering;;Casi no hay riesgo de que [Root.Spouse.GetFirstName] lo descubra;;;;;;;;;x
