EVTDESC_ZE_13610;I've been having these special feelings for a special someone lately. The strange urges to find myself embraced and close to another person. If I could only find myself alone with...;Depuis peu, j'éprouve des sentiments particuliers envers une certaine personne. L'étrange sensation de besoin de prendre une autre personne dans mes bras et de m'en rapprocher. Si seulement je pouvais me retrouver seul[Root.Get_E] avec...;In letzter Zeit habe ich besondere Gefühle für eine ganz besondere Person. Ich spüre das seltsame Verlangen nach körperlicher Nähe zu einer anderen Person. Ach, könnte ich doch allein sein mit ...;;He estado teniendo unos sentimientos especiales para una persona especial recientemente. Impulsos extraños de ser abrazad[Root.GetOA] y cerca de otra persona. Si me pudiera encontrar a solas con...;;;;;;;;;x
EVTDESC_ZE_13620;As [From.GetSheHe] is growing older, I can see that [From.GetFirstName] could use some guidance in one of my experienced areas, diplomacy. This is my chance to make an effort for the sake of [From.GetHerHis] education but what can I offer?;Je vois qu'en prenant de l'âge, [From.GetFirstName] pourrait mettre à profit mon expertise dans certains domaines, comme la diplomatie. C'est l'occasion de contribuer à l'éducation de [From.GetFirstName], mais que puis-je lui offrir ?;Jetzt, da [From.GetSheHe] älter wird, kann ich sehen, dass [From.GetFirstName] von meiner Erfahrung in Diplomatie profitieren kann. Dies ist meine Chance, mich für [From.GetHerHis]e Erziehung einzusetzen, doch was kann ich bieten?;;Según [From.GetSheHe] crece, veo que [From.GetFirstName] podría aprovechar un poco de guía  en una de mis áreas de experiencia, diplomacia. Esta es mi oportunidad de hacer un esfuerzo por el bien de la educación [From.GetHerHis] pero, ¿qué puedo ofrecer?;;;;;;;;;x
EVTDESC_ZE_13621;As [From.GetSheHe] is growing older, I can see that [From.GetFirstName] could use some guidance in one of my experienced areas, the art of war. This is my chance to make an effort for the sake of [From.GetHerHis] education but what can I offer?;Je vois qu'en prenant de l'âge, [From.GetFirstName] pourrait mettre à profit mon expertise dans certains domaines, comme l'art de la guerre. C'est l'occasion de contribuer à l'éducation de [From.GetFirstName], mais que puis-je lui offrir ?;Jetzt, da [From.GetSheHe] älter wird, kann ich sehen, dass [From.GetFirstName] von meiner Erfahrung in Kriegskunst profitieren kann. Dies ist meine Chance, mich für [From.GetHerHis]e Erziehung einzusetzen, doch was kann ich bieten?;;Según [From.GetSheHe] crece, veo que [From.GetFirstName] podría aprovechar un poco de guía en una de mis áreas de experiencia, el arte de la guerra. Esta es mi oportunidad de esforzarme por el bien de [From.GetHerHis] educación pero, ¿qué puedo ofrecer?;;;;;;;;;x
EVTDESC_ZE_13622;As [From.GetSheHe] is growing older, I can see that [From.GetFirstName] could use some guidance in one of my experienced areas, stewardship. This is my chance to make an effort for the sake of [From.GetHerHis] education but what can I offer?;Je vois qu'en prenant de l'âge, [From.GetFirstName] pourrait mettre à profit mon expertise dans certains domaines, comme l'intendance. C'est l'occasion de contribuer à l'éducation de [From.GetFirstName], mais que puis-je lui offrir ?;Jetzt, da [From.GetSheHe] älter wird, kann ich sehen, dass [From.GetFirstName] von meiner Erfahrung in Verwaltung profitieren kann. Dies ist meine Chance, mich für [From.GetHerHis]e Erziehung einzusetzen, doch was kann ich bieten?;;Según [From.GetSheHe] crece, veo que [From.GetFirstName] podría aprovechar un poco de guía en una de mis áreas de experiencia, gobierno. Esta es mi oportunidad de esforzarme por el bien de [From.GetHerHis] educación pero, ¿qué puedo ofrecer?;;;;;;;;;x
EVTDESC_ZE_13623;As [From.GetSheHe] is growing older, I can see that [From.GetFirstName] could use some guidance in one of my experienced areas, intrigue. This is my chance to make an effort for the sake of [From.GetHerHis] education but what can I offer?;Je vois qu'en prenant de l'âge, [From.GetFirstName] pourrait mettre à profit mon expertise dans certains domaines, comme l'intrigue. C'est l'occasion de contribuer à l'éducation de [From.GetFirstName], mais que puis-je lui offrir ?;Jetzt, da [From.GetSheHe] älter wird, kann ich sehen, dass [From.GetFirstName] von meiner Erfahrung in Intrigen profitieren kann. Dies ist meine Chance, mich für [From.GetHerHis]e Erziehung einzusetzen, doch was kann ich bieten?;;Según [From.GetSheHe] crece, veo que [From.GetFirstName] podría aprovechar un poco de guía  en una de mis áreas de experiencia, la intriga. Esta es mi oportunidad de esforzarme por el bien de [From.GetHerHis] educación, ¿qué puedo ofrecer?;;;;;;;;;x
EVTDESC_ZE_13624;As [From.GetSheHe] is growing older, I can see that [From.GetFirstName] could use some guidance in one of my experienced areas, learning. This is my chance to make an effort for the sake of [From.GetHerHis] education but what can I offer?;Je vois qu'en prenant de l'âge, [From.GetFirstName] pourrait mettre à profit mon expertise dans certains domaines, comme l'érudition. C'est l'occasion de contribuer à l'éducation de [From.GetFirstName], mais que puis-je lui offrir ?;Jetzt, da [From.GetSheHe] älter wird, kann ich sehen, dass [From.GetFirstName] von meiner Erfahrung in Bildung profitieren kann. Dies ist meine Chance, mich für [From.GetHerHis]e Erziehung einzusetzen, doch was kann ich bieten?;;Según [From.GetSheHe] crece, veo que [From.GetFirstName] podría aprovechar un poco de guía  en una de mis áreas de experiencia, aprendizaje. Esta es mi oportunidad de esforzarme por el bien de [From.GetHerHis] educación pero, ¿qué puedo ofrecer;;;;;;;;;x
EVTDESC_ZE_13625;As [From.GetSheHe] is growing older, I can see that [From.GetFirstName] could use some guidance in some of my experienced areas. It will require hard work and may not always be appreciated but this is my chance to make a self-sacrifice for the sake of [From.GetFirstName].;Je vois qu'en prenant de l'âge, [From.GetFirstName] pourrait mettre à profit mon expertise dans certains domaines. La tâche sera ardue et ingrate, mais c'est la seule occasion de donner de ma personne pour [From.GetFirstName].;Jetzt, da [From.GetSheHe] älter wird, kann ich sehen, dass [From.GetFirstName] von meiner Erfahrung profitieren kann. Dies wird mit harter Arbeit verbunden sein und nicht immer geschätzt werden, doch es ist meine Chance, mich zum Wohle von [From.GetFirstName] aufzuopfern.;;Según [From.GetSheHe] crece, veo que [From.GetFirstName] podría aprovechar un poco de guía en algunas de mis áreas de experiencia. Requerirá trabajo duro y no siempre será apreciado pero esta es mi posibilidad de hacer un sacrificio por [From.GetFirstName].;;;;;;;;;x

EVTDESCA_ZE_13001;I am practically an adult now, and people had better listen to me if they know what's good for them.;Je suis pratiquement un adulte, maintenant, et les gens feraient mieux de m'écouter s'ils ont la moindre idée de ce qui est bon pour eux.;Ich bin praktisch schon erwachsen. Die Leute sollten besser auf mich hören, wenn sie klug sind.;;Ahora prácticamente soy adulto, y la gente me debería escuchar si saben lo que es bueno para ellos.;;;;;;;;;x
EVTDESCA_ZE_13002;Young [From.GetFirstName] is showing strong tendencies towards prideful behavior.;[From.GetFirstName] a une forte tendance à avoir une attitude fière.;Klein [From.GetFirstName] zeigt eine starke Neigung zu Stolz.;;[From.GetElLaCap] joven [From.GetFirstName] muestra fuertes tendencias hacia un comportamiento orgulloso.;;;;;;;;;x
EVTDESCA_ZE_13004;[From.GetTitledFirstName] disapproves of my tendencies towards pride and has told me that I should show more ambition.;[From.Get_Le_TitledFirstName] désapprouve ma tendance à la fierté et m'a dit que je devrais faire preuve de plus d'ambition.;[From.GetTitledFirstName] ist es nicht recht, dass ich zum Stolz neige, und hat mir aufgetragen, mehr Ehrgeiz zu zeigen.;;[From.GetTitledFirstName] desaprueba mi tendencia al orgullo y me ha dicho que debo mostrar más ambición.;;;;;;;;;x
EVTDESCA_ZE_13011;I find that it brings me great joy to bring joy to others.;Faire plaisir aux autres me procure un grand contentement.;Ich stelle fest, dass es mir Freude macht, andere zu erfreuen.;;Descubro que me trae gran alegría traer alegría a los demás.;;;;;;;;;x
EVTDESCA_ZE_13012;Young [From.GetFirstName] is developing a kind disposition towards others.;[From.GetFirstName] développe une tendance bienveillante envers les autres.;Klein [From.GetFirstName] entwickelt eine Haltung der Güte gegenüber den Mitmenschen.;;[From.GetElLaCap] joven [From.GetFirstName] está desarrollando una disposición amable hacia los demás.;;;;;;;;;x
EVTDESCA_ZE_13014;[From.GetTitledFirstName] says [From.GetSheHe] appreciates my kind disposition but thinks I could do even more to help others.;[From.Get_Le_TitledFirstName] dit qu'[From.GetIlElle] apprécie ma bienveillance, mais pense que je pourrais en faire encore davantage pour aider les autres.;[From.GetTitledFirstName] meint, [From.GetSheHe] wisse meine gütige Veranlagung zu schätzen, und dass ich noch mehr tun könne, um anderen zu helfen.;;[From.GetTitledFirstName] dice que [From.GetSheHe] aprecia disposición amable, pero piensa que podía hacer más para ayudar a los demás.;;;;;;;;;x
EVTDESCA_ZE_13021;As I keep getting older, I find that humility comes naturally to me.;Plus je prends de l'âge, plus l'humilité me vient naturellement.;Nun, da ich etwas älter bin, entdecke ich, dass Demut in meinem Wesen liegt.;;Según voy creciendo, siento que la humidad es algo natural para mí.;;;;;;;;;x
EVTDESCA_ZE_13022;Young [From.GetFirstName] is developing a demeanor of natural humility.;[From.GetFirstName] est naturellement humble.;Klein [From.GetFirstName] entwickelt eine natürliche Demut.;;[From.GetElLaCap] joven [From.GetFirstName] está desarrollando una actitud de humildad natural.;;;;;;;;;x
EVTDESCA_ZE_13024;[From.GetTitledFirstName] says I shouldn't try so hard to be humble but instead just be myself.;[From.Get_Le_TitledFirstName] dit que je ne devrais pas essayer à ce point d'être humble, mais que je devrais plutôt être moi-même.;[From.GetTitledFirstName] sagt, ich solle mehr ich selbst und weniger demütig sein.;;[From.GetTitledFirstName] dice que no me debería esforzar tanto por ser humilde, sino sólo ser yo mism[From.GetOA].;;;;;;;;;x
EVTDESCA_ZE_13031;I like to climb, wrestle and run - and as I grow older I am beginning to notice that I am physically stronger than others.;J'adore escalader, lutter et courir. Avec l'âge, je réalise que ma force dépasse celle des autres.;Ich klettere, laufe und raufe mich gern. Je älter ich werde, desto mehr fällt mir auf, dass ich körperlich stärker als die meisten anderen bin.;;Me gusta escalar, luchar y correr - según crezco, estoy empezando a notar que estoy físicamente más fuerte que otros.;;;;;;;;;x
EVTDESCA_ZE_13032;Young [From.GetFirstName] loves physical games and is developing a strong physique.;[From.GetFirstName] adore les jeux exigeants physiquement et développe un corps athlétique.;Klein [From.GetFirstName] liebt körperliche Betätigungen und entwickelt einen athletischen Körperbau.;;[From.GetElLaCap] joven [From.GetFirstName] ama los juegos físicos y está desarrollando un físico fuerte.;;;;;;;;;x
EVTDESCA_ZE_13034;[From.GetTitledFirstName] sees that I am growing stronger but tries to encourage me to be more courageous.;[From.Get_Le_TitledFirstName] voit que je m'aguerris, mais m'incite à gagner en courage.;[From.GetTitledFirstName] sieht, dass ich stärker werde, ermutigt mich aber dazu, mehr Tapferkeit zu zeigen.;;[From.GetTitledFirstName] ve que cada vez soy más fuerte pero me anima para ser más valiente.;;;;;;;;;x
EVTDESCA_ZE_13041;I've read about the great [Root.GetMenWomen] in history, and someday I want to be like them.;J'ai beaucoup lu concernant les [Root.GetMenWomen] ayant façonné l'histoire, et je veux un jour devenir leur semblable.;Ich habe über die großen [Root.GetMenWomen] der Vergangenheit gelesen und möchte eines Tages sein wie sie.;;He leído sobre los grandes [Root.GetMenWomen] de la historia, y algún día quiero ser como ellos.;;;;;;;;;x
EVTDESCA_ZE_13042;[From.GetFirstName] is developing into an ambitious young [From.GetManWoman].;[From.GetFirstName] est devenu[From.Get_E] un[From.Get_E] jeune [From.GetManWoman] ambitieu[From.GetXSe].;[From.GetFirstName] entwickelt sich zu einem jungen Menschen mit Ehrgeiz.;;[From.GetFirstName] se está convirtiendo en un[From.GetXA] [From.GetManWoman] ambicios[From.GetOA].;;;;;;;;;x
EVTDESCA_ZE_13044;[From.GetTitledFirstName] says that my ambition is good but [From.GetSheHe] thinks I should be more proud of what I have.;[From.Get_Le_TitledFirstName] dit que mon ambition est une bonne chose, mais qu'[From.GetIlElle] pense que je devrais tirer plus de fierté de ce que je possède déjà.;[From.GetTitledFirstName] sagt, dass mein Ehrgeiz gut ist und dass ich aber auch stolz sein soll.;;[From.GetTitledFirstName] dice que mi ambición es buena pero [From.GetSheHe] piensa que debería estar más orgullos[From.GetOA] de lo que tengo.;;;;;;;;;x
EVTDESCA_ZE_13051;The more I think about it, the more I see that fairness and justice are things worth striving for.;Plus j'y pense, plus je réalise que l'impartialité et la justice valent la peine de faire des efforts.;Je mehr ich darüber nachdenke, desto mehr erkenne ich, dass Fairness und Gerechtigkeit erstrebenswert sind.;;Cuanto más lo pienso, más veo que la equidad y la justicia son cosas por las que vale la pena esforzarse.;;;;;;;;;x
EVTDESCA_ZE_13052;Young [From.GetFirstName] seems to think a lot about justice, fairness and righting the many wrongs in the world.;[From.GetFirstName] semble beaucoup réfléchir à la justice, à l'impartialité et à réparer les nombreuses injustices de notre monde.;Klein [From.GetFirstName] denkt viel über Gerechtigkeit, Fairness und Weltverbesserung nach.;;[From.GetElLaCap] joven [From.GetFirstName] parece pensar mucho sobre justicia, equidad y corregir los muchos errores en el mundo.;;;;;;;;;x
EVTDESCA_ZE_13054;[From.GetTitledFirstName] thinks I should not speak so much of righting the wrongs of others.;[From.Get_Le_TitledFirstName] pense que je ne devrais pas autant parler de réparer les mauvais agissements des autres.;[From.GetTitledFirstName] glaubt, ich solle mich weniger für die Wiedergutmachung der Fehler anderer einsetzen.;;[From.GetTitledFirstName] piensa que no debería hablar mucho de corregir los errores de los demás.;;;;;;;;;x
EVTDESCA_ZE_13061;I don't need many things - I can share what I have.;Je n'ai pas besoin de grand-chose... Je peux partager ce que je possède.;Ich brauche nicht viel für mich selbst. Ich kann es mir leisten, zu teilen.;;No necesito muchas cosas, puedo compartir lo que tengo.;;;;;;;;;x
EVTDESCA_ZE_13062;Young [From.GetFirstName] seems to always be willing to share.;[From.GetFirstName] semble toujours tout vouloir partager.;Klein [From.GetFirstName] scheint gerne alles zu teilen.;;[From.GetElLaCap] joven [From.GetFirstName] siempre parece estar dispuest[From.GetOA] a compartir.;;;;;;;;;x
EVTDESCA_ZE_13064;[From.GetTitledFirstName] says I should talk more to people, give them more of myself.;[From.Get_Le_TitledFirstName] dit que je devrais m'exprimer davantage, partager mes émotions.;[From.GetTitledFirstName] sagt, ich solle mehr auf die Leute zugehen und mehr von mir zeigen.;;[From.GetTitledFirstName] dice que debería hablar más con la gente, darles más de mí mismo.;;;;;;;;;x
EVTDESCA_ZE_13071;I've always loved playing with others - and I still do!;J'ai toujours adoré jouer avec les autres, et je le fais encore !;Es macht mir nach wie vor Spaß, mit anderen zu spielen!;;Siempre he amado jugar con los demás, ¡y lo sigo haciendo!;;;;;;;;;x
EVTDESCA_ZE_13072;Young [From.GetFirstName] seems to have a natural charm and way with words.;[From.GetFirstName] semble avoir un charme naturel et une facilité pour s'exprimer;Klein [From.GetFirstName] hat offenbar ein besonderes Talent für den Umgang mit Wörtern.;;[From.GetElLaCap] joven [From.GetFirstName] parece tener un encanto natural y sabe usar las palabras.;;;;;;;;;x
EVTDESCA_ZE_13074;[From.GetTitledFirstName] does not approve of my open and talkative nature and decided to beat it out of me.;[From.Get_Le_TitledFirstName] n'approuve pas ma nature loquace et extravertie, et a décidé de me battre pour que cela cesse.;[From.GetTitledFirstName] findet meine offene und gesprächige Art nicht gut und möchte sie aus mir herausprügeln.;;[From.GetTitledFirstName] no aprueba mi carácter abierto y hablador y ha decidido sacármelo a palos.;;;;;;;;;x
EVTDESCA_ZE_13081;I've always been one to finish my chores properly. And those of others.;J'ai toujours été du genre à terminer mes corvées correctement, ainsi que celles des autres.;Ich erledige meine Aufgaben doch immer mit Sorgfalt. So wie auch die von anderen.;;Siempre he sido el primero en terminar bien mis tareas. Y las de los demás.;;;;;;;;;x
EVTDESCA_ZE_13082;Young [From.GetFirstName] is full of energy and a will to get things done.;[From.GetFirstName] déborde d'énergie et de volonté d'accomplir des choses.;Klein [From.GetFirstName] steckt voller Tatendrang und hat den Willen, die Dinge anzupacken.;;[From.GetElLaCap] joven [From.GetFirstName] está llen[From.GetOA] de energía y voluntad para conseguir que se hagan las cosas.;;;;;;;;;x
EVTDESCA_ZE_13084;[From.GetTitledFirstName] thinks I should employ my considerable energies toward just causes.;[From.Get_Le_TitledFirstName] pense que je devrais utiliser ma considérable énergie pour des causes justes.;[From.GetTitledFirstName] glaubt, dass ich meine Energie in den Dienst der Gerechtigkeit stellen solle.;;[From.GetTitledFirstName] cree que debo emplear mis considerables energías hacia causas justas.;;;;;;;;;x
EVTDESCA_ZE_13091;I love it when everything is in good order, and I'm willing to spend the time that it takes.;J'aime que tout soit bien organisé, et je prendrai le temps qu'il faut.;Ich liebe es, wenn alles wohlgeordnet ist, und bin bereit meine Zeit dahingehend einzusetzen.;;Me encanta cuando todo está en orden, y estoy dispuesto a tardar el tiempo que haga falta.;;;;;;;;;x
EVTDESCA_ZE_13092;Young [From.GetFirstName] loves keeping [From.GetHerHis] things in order and patiently spends lots of time on it.;[From.GetFirstName] adore conserver ses affaires en ordre et passe un temps fou à tout organiser.;Klein [From.GetFirstName] hat es gern, wenn alles wohlgeordnet ist und verwendet mit großer Geduld viel Zeit darauf.;;[From.GetAlAla] joven [From.GetFirstName] le encanta mantener [From.GetHerHis] cosas en orden y pasa mucho tiempo pacientemente haciéndolo.;;;;;;;;;x
EVTDESCA_ZE_13094;[From.GetTitledFirstName] approves of my patient diligence but thinks I should be even more focused on the results of my efforts.;[From.Get_Le_TitledFirstName] approuve ma patiente assiduité, mais pense que je devrais me concentrer davantage sur les fruits de mes efforts.;[From.GetTitledFirstName] schätzt meine Geduld, sagt aber auch, ich müsse noch zielstrebiger werden.;;[From.GetTitledFirstName] aprueba mi paciente diligencia pero cree que debería centrarme aún más en los resultados de mis esfuerzos.;;;;;;;;;x
EVTDESCA_ZE_13101;Thinking about things, I have concluded that everything in the world is not as the priests say it is.;En parlant de ça, j'ai conclu que le monde ne correspond pas exactement à ce que les prêtres racontent.;Ich habe lange nachgedacht und muss sagen, dass rein gar nichts in der Welt so ist, wie die Priester immer behaupten.;;Al pensar en las cosas, he concluido que todo en el mundo no es como dicen los sacerdotes.;;;;;;;;;x
EVTDESCA_ZE_13102;Young [From.GetFirstName] seems to have a lot of independent opinions and refuses to listen to the priests.;[From.GetFirstName] semble avoir ses propres opinions et refuse d'écouter les prêtres.;Klein [From.GetFirstName] hat offenbar eine Menge eigener Ansichten und weigert sich, den Priestern zuzuhören.;;[From.GetElLaCap] joven [From.GetFirstName] parece tener un montón de opiniones independientes y se niega a escuchar a los sacerdotes.;;;;;;;;;x
EVTDESCA_ZE_13104;[From.GetTitledFirstName] thinks I should be less quick to question the words of the priests.;[From.Get_Le_TitledFirstName] pense que je devrais moins remettre en question les enseignements des prêtres.;[From.GetTitledFirstName] meint, ich solle die Priester nicht so oft hinterfragen.;;[From.GetTitledFirstName] piensa que debería ser menos rápid[From.GetOA] en poner en duda las palabras de los sacerdotes.;;;;;;;;;x
EVTDESCA_ZE_13111;As I grow older, I increasingly find that my faith is a true fountain of strength.;Avec l'âge, je réalise que ma foi est une véritable source de force.;Je älter ich werde, desto mehr erkenne ich, dass der Glaube der Quell meiner Kraft ist.;;Según crezco, voy descubriendo que mi fe es una auténtica fuente de fuerza.;;;;;;;;;x
EVTDESCA_ZE_13112;Young [From.GetFirstName] seems to be developing very strong religious sentiments.;[From.GetFirstName] semble développer un véritable sentiment religieux.;Klein [From.GetFirstName] entwickelt offenbar eine starke religiöse Ader.;;[From.GetElLaCap] joven [From.GetFirstName] parece estar desarrollando sentimientos religiosos muy fuertes.;;;;;;;;;x
EVTDESCA_ZE_13114;[From.GetTitledFirstName] seems to think that I should replace my reverence for [Root.Religion.GetRandomGodName] with love for my fellow man.;[From.Get_Le_TitledFirstName] semble penser que je devrais remplacer ma vénération pour [Root.Religion.GetRandomGodName] par l'amour de mes semblables.;[From.GetTitledFirstName] glaubt offenbar, es sei besser, wenn ich weniger [Root.Religion.GetRandomGodName] als vielmehr den eigenen Göttern huldige.;;[From.GetTitledFirstName] parece pensar que debo sustituir mi reverencia hacia [Root.Religion.GetRandomGodName] con amor hacia el prójimo. ;;;;;;;;;x
EVTDESCA_ZE_13611;After weeks of waiting for the right opportunity I find myself behind the barn alone with the Farrier's apprentice that my heart has been longing for. My palms are sweaty and my chest is pounding.;Après des semaines à attendre la bonne occasion, je me retrouve seul[Root.Get_E] avec l'apprenti du maréchal-ferrant que mon coeur convoite. J'ai les mains moites, et mon coeur bat à tout rompre.;Nach wochenlangem Warten bin ich nun endlich allein mit dem Gehilfen des Hufschmieds, nach dem sich mein Herz so lange gesehnt hat. Hinter einem Schuppen treffen wir uns, mit Schmetterlingen im Bauch und wild klopfenden Herzen.;;Después de semanas de esperar la oportunidad me encuentro detrás del granero a solas con el aprendiz de herrador por quien mi corazón ha estado suspirando. Me sudan las palmas y el corazón me late con fuerza.;;;;;;;;;x
EVTDESCA_ZE_13700;I wake up in the middle of the night, my heart racing and my whole body is feeling strange. What was I really dreaming about?;Je me réveille au milieu de la nuit, le coeur haletant et une curieuse sensation parcourant mon corps. À quoi rêvais-je ?;Mitten in der Nacht erwache ich. Mein Herz rast und mein gesamter Körper fühlt sich seltsam an. Wovon habe ich gerade nur geträumt?;;Me despierto en medio de la noche, mi corazón va disparado y mi cuerpo entero se siente raro. ¿Con qué estaba soñando?;;;;;;;;;x
EVTDESCA_ZE_13701;Oh it's just something about [Root.GetHerHim] that I can't get off my mind. [Root.GetHerHisCap] hair, the way [Root.GetSheHe] moved. I'm getting all worked up just thinking about [Root.GetHerHim] again.;Oh, il y a quelque chose à son propos que je n'arrive pas à me sortir de la tête. Ses cheveux, comment ils bougeaient. Rien que d'y penser, je sens quelque chose s'emparer de moi.;Irgendetwas an [From.Getihmihr] will mir nicht aus dem Kopf. [From.GetHerHisCap] Haar, die Art, wie [Root.GetSheHe] sich bewegt. Mir klopft das Herz, wenn ich nur an [Root.GetHerHim] denke.;;Ah es sólo algo en [Root.GetHerHim] que no me puedo quitar de la cabeza. [Root.GetHerHisCap] cabello, la forma cómo [Root.GetSheHe] se movía. Me está dando algo solo con pensar en [Root.GetHerHim] de nuevo.;;;;;;;;;x
EVTDESCA_ZE_13702;[lustful_target.GetHerHisCap] lips touching mine. My hands, touching [lustful_target.GetHerHim] gently. I wonder if [lustful_target.GetFirstName] feels the same way about me?;Ses lèvres touchent les miennes, et mes mains les siennes. [lustful_target.GetFirstName] éprouve-t-[lustful_target.GetIlElle] la même chose pour moi ?;[lustful_target.GetHerHisCap]e Lippen auf meinen. Meine Hände, die [lustful_target.GetHerHim] sanft berühren. Ich frage mich, ob [lustful_target.GetFirstName] für mich dasselbe empfindet?;;[lustful_target.GetHerHisCap] labios tocan los míos. Mis manos tocando suavemente las [lustful_target.GetHerHim]yas. Me pregunto si [lustful_target.GetFirstName] siente igual lo mismo hacia mí.;;;;;;;;;x
EVTDESCA_ZE_13703;These kind of thoughts have been distracting me lately. I don't find them very interesting and they are disturbing my sleep.;Ces derniers temps, ce genre de pensées n'a cessé de me distraire. Or je les trouve futiles, et elles perturbent mon sommeil.;In letzter Zeit wurde ich von solchen Gedanken oft abgelenkt. Ich finde sie wenig ansprechend und außerdem beeinträchtigen sie meinen Schlaf.;;Esta clase de pensamientos me han estado distrayendo últimamente. No los encuentro muy interesantes y me impiden dormir.;;;;;;;;;x
EVTDESCA_ZE_13704;[From.GetFirstName] has been looking at me in a new way lately. Giggling whenever I talk to [From.GetHerHim], laughing at things that are not meant to be funny.;[From.GetFirstName] me regarde sous un nouveau jour dernièrement, gloussant quand je lui parle et s'esclaffant de choses qui ne sont pas supposées être drôles.;[From.GetFirstName] schaut mich in letzter Zeit irgendwie anders an als früher. [From.GetSheHeCap] lacht über Dinge, die eigentlich gar nicht lustig sind.;;[From.GetFirstName] últimamente me está mirando de un nuevo modo. Se ríe totalmente cada vez que [From.GetHerHim] hablo, se reír de cosas que no se pretenden ser graciosas.;;;;;;;;;x

EVTDESCB_ZE_13001;Rules are for the weak. I know what I want.;Les règles sont pour les faibles. Je sais ce que je veux.;Gesetze sind etwas für die Schwachen. Ich weiß, was ich haben möchte.;;Las reglas son para los débiles. Sé lo que quiero.;;;;;;;;;x
EVTDESCB_ZE_13002;Young [From.GetFirstName] is developing an arbitrary streak. It's showing more clearly every day.;[From.GetFirstName] a tendance à prendre des décisions arbitraires. Cela est plus apparent chaque jour qui passe.;Klein [From.GetFirstName] hat einen Hang zur Willkür. Das wird von Tag zu Tag deutlicher.;;[From.GetElLaCap] joven [From.GetFirstName] está desarrollando una veta arbitraria. Cada día lo muestra más claramente.;;;;;;;;;x
EVTDESCB_ZE_13004;[From.GetTitledFirstName] disapproves of my tendencies towards arbitrariness and has told me that I should show more ambition.;[From.Get_Le_TitledFirstName] désapprouve ma tendance aux décisions arbitraires et m'a dit que je devrais faire preuve de plus d'ambition.;[From.GetTitledFirstName] ist es nicht recht, dass ich zur Willkür neige, und hat mir aufgetragen, mehr Ehrgeiz zu zeigen.;;[From.GetTitledFirstName] desaprueba mi tendencia a la arbitrariedad y me ha dicho que debo mostrar más ambición.;;;;;;;;;x
EVTDESCB_ZE_13011;I get on well with others, while some people only chase ambitions and get into needless conflicts.;Je m'entends bien avec les autres, alors que certaines personnes sont dévorées par l'ambition et se retrouvent au coeur de conflits inutiles.;Ich komme gut mit anderen aus, im Unterschied zu manchen, die durch ihren Ehrgeiz in sinnlose Kämpfe geraten.;;Me llevo bien con los otros, mientras algunas personas sólo persiguen ambiciones y se meten en conflictos inútiles.;;;;;;;;;x
EVTDESCB_ZE_13012;Young [From.GetFirstName] is very easily satisfied and obviously lacking in ambition.;[From.GetFirstName] est facilement satisfait[From.Get_E] et manque cruellement d'ambition.;Klein [From.GetFirstName] ist leicht zufriedenzustellen und offenbar frei von Ehrgeiz.;;[From.GetElLaCap] joven [From.GetFirstName] queda satisfech[From.GetOA] muy fácilmente y es obvio que carece de ambición.;;;;;;;;;x
EVTDESCB_ZE_13014;[From.GetTitledFirstName] says [From.GetSheHe] thinks I am being too passive and would like me to do more to help others in need.;[From.Get_Le_TitledFirstName] dit que je me manque d'initiative et aimerait que j'en fasse davantage pour aider ceux dans le besoin.;[From.GetTitledFirstName] sagt, ich solle mehr Initiative entwickeln, um jenen, die der Hilfe bedürfen, zu helfen.;;[From.GetTitledFirstName] dice que [From.GetSheHe] cree que soy demasiado pasivo y le gustaría que hiciera más a los otros en necesidad.;;;;;;;;;x
EVTDESCB_ZE_13021;I've always felt more comfortable being silent and letting others talk.;Je me suis toujours senti[Root.Get_E] plus à l'aise en restant silencieu[Root.GetXSe] et en laissant parler les autres.;Es war mir schon immer recht, den anderen das Reden zu überlassen.;;Siempre me he sentido más cómodo callando y dejando que otros hablen.;;;;;;;;;x
EVTDESCB_ZE_13022;I have observed that young [From.GetFirstName] usually tries to stay out of the way of others.;J'ai observé que [From.GetFirstName] essaie habituellement de ne pas se tenir en travers du chemin des autres.;Ich habe beobachtet, dass [From.GetFirstName] für gewöhnlich versucht, anderen nicht in die Quere zu kommen.;;He observado que [From.GetElLa] joven [From.GetFirstName] por lo general trata de apartarse del camino de los demás.;;;;;;;;;x
EVTDESCB_ZE_13024;[From.GetTitledFirstName] says I am too shy and should try to relax more and just be myself among people.;[From.Get_Le_TitledFirstName] dit que je suis trop timide et que je devrais essayer de me détendre davantage et être moi-même en société.;[From.GetTitledFirstName] sagt, ich sei zu schüchtern und solle mich in der Gegenwart anderer mehr entspannen.;;[From.GetTitledFirstName] dice que soy demasiad[From.GetOA] tímid[From.GetOA] y debería intentar relajarme más y ser yo mismo entre la gente.;;;;;;;;;x
EVTDESCB_ZE_13031;I like to play hard and talk straight. I have no time for nonsense.;J'aime agir avec intensité et parler avec franchise. Je n'ai pas de temps à perdre avec les inepties.;Wenn ich etwas tue, dann richtig. Ich habe keine Zeit für nutzlosen Unfug.;;Me gusta jugar fuerte y hablar directamente. No tengo tiempo para tonterías.;;;;;;;;;x
EVTDESCB_ZE_13032;Young [From.GetFirstName] plays hard and talks straight.;[From.GetFirstName] agit avec intensité et parle avec franchise.;Klein [From.GetFirstName] ist geradeheraus und macht keine Gefangenen.;;[From.GetElLaCap] joven [From.GetFirstName] juega fuerte y habla claro.;;;;;;;;;x
EVTDESCB_ZE_13034;[From.GetTitledFirstName] appreciates my honest ways but tries to encourage me to be more courageous.;[From.Get_Le_TitledFirstName] apprécie mon honnêteté, mais m'incite à gagner en courage.;[From.GetTitledFirstName] schätzt meine Ehrlichkeit, ermutigt mich aber dazu, mehr Tapferkeit zu zeigen.;;[From.GetTitledFirstName] agradece mi modo de ser honesto, pero intenta animarme para ser más valiente.;;;;;;;;;x
EVTDESCB_ZE_13041;I know what I can do and have no reason to be afraid of anything.;Je sais de quoi je suis capable et je n'ai pas de raison d'avoir peur de quoi que ce soit.;Ich weiß, was ich kann. Über die Zukunft muss ich mir keine Sorgen machen.;;Sé lo que puedo hacer y no hay razón para tener miedo de nada.;;;;;;;;;x
EVTDESCB_ZE_13042;Young [From.GetFirstName] is more and more becoming known for [From.GetHerHis] great bravery.;[From.GetFirstName] est de plus en plus célèbre pour sa grande bravoure.;Klein [From.GetFirstName] macht sich durch Mut und Tapferkeit einen Namen.;;[From.GetElLaCap] joven [From.GetFirstName] cada vez es más conocid[From.GetOA] por [From.GetHerHis] gran valentía.;;;;;;;;;x
EVTDESCB_ZE_13044;[From.GetTitledFirstName] approves of my bravery but thinks I should be more proud of my achievements.;[From.Get_Le_TitledFirstName] approuve ma bravoure, mais pense que je devrais tirer plus de fierté de mes accomplissements.;[From.GetTitledFirstName] schätzt meine Tapferkeit, sagt aber auch, ich solle mehr Stolz zeigen.;;[From.GetTitledFirstName] aprueba mi valentía, pero piensa que debería estar más orgullos[Root.GetOA] de mis logros.;;;;;;;;;x
EVTDESCB_ZE_13051;The world is full of things that make me angry.;Le monde est rempli de choses qui me mettent en colère.;Die Welt ist voller Ereignisse, die mich wütend machen.;;El mundo está lleno de cosas que me irritan.;;;;;;;;;x
EVTDESCB_ZE_13052;I have noticed that young [From.GetFirstName] seems to carry a lot of anger around.;J'ai remarqué que [From.GetFirstName] semble receler une profonde colère.;Mir ist aufgefallen, dass [From.GetFirstName] viel Zorn in sich trägt.;;He notado que [From.GetElLa] joven [From.GetFirstName] parece que llevar un montón de rabia.;;;;;;;;;x
EVTDESCB_ZE_13054;[From.GetTitledFirstName] thinks I should learn to better temper my anger.;[From.Get_Le_TitledFirstName] pense que je devrais apprendre à mieux contrôler ma colère.;[From.GetTitledFirstName] glaubt, ich müsse lernen, meinen Zorn besser zu beherrschen.;;[From.GetTitledFirstName] piensa que debo aprender a controlar mejor mi ira.;;;;;;;;;x
EVTDESCB_ZE_13061;There are so many things in the world that are just not worth expending energy on.;Il y a tellement de choses dans le monde qui ne valent pas la peine qu'on dépense de l'énergie pour elles.;Es gibt so vieles in der Welt, das den Aufwand nicht wert ist.;;Hay tantas cosas en el mundo que no vale la pena gastar fuerzas.;;;;;;;;;x
EVTDESCB_ZE_13062;Young [From.GetFirstName] seems to be showing more and more signs of laziness.;[From.GetFirstName] semble montrer de plus en plus de signes de paresse.;Klein [From.GetFirstName] zeigt mehr und mehr alle Anzeichen von Faulheit.;;[From.GetElLaCap] joven [From.GetFirstName] parece estar mostrando más y más signos de pereza.;;;;;;;;;x
EVTDESCB_ZE_13064;[From.GetTitledFirstName] thinks I should get out more and talk to people.;[From.GetIlElleCap] pense que je devrais sortir davantage et parler avec les gens.;[From.GetTitledFirstName] glaubt, ich müsse mehr unter Leute und mit ihnen reden.;;[From.GetTitledFirstName] piensa que debería salir más y hablar con la gente.;;;;;;;;;x
EVTDESCB_ZE_13071;I love fun and games, but the best game of all is the one of tricking people into doing things for me.;J'adore m'amuser, mais le meilleur jeu est celui où j'arrive à faire travailler les autres pour moi.;Mit Spielen kann man wunderbar dafür sorgen, dass alle tun, was ich will.;;Me encanta la diversión y juegos, pero el mejor juego de todos es de engañar a los demás para que hagan cosas para mí.;;;;;;;;;x
EVTDESCB_ZE_13072;Young [From.GetFirstName] seems to be developing a rather devious and manipulative streak.;[From.GetFirstName] semble développer une tendance à la manipulation et à la perfidie.;Klein [From.GetFirstName] entwickelt allem Anschein nach eine ziemliche Vorliebe für das Verschlagene und Manipulative.;;[From.GetOA] joven [From.GetFirstName] parece estar desarrollando una veta algo retorcida y manipuladora.;;;;;;;;;x
EVTDESCB_ZE_13074;[From.GetTitledFirstName] does not approve of my cleverness and cunning and decided to beat it out of me.;[From.Get_Le_TitledFirstName] n'approuve pas mon intelligence et mon astuce, et a décidé de me battre pour que cela cesse.;[From.GetTitledFirstName] schätzt meine clevere Gerissenheit überhaupt nicht und hat beschlossen, sie aus mir herauszuprügeln.;;[From.GetTitledFirstName]no está de acuerdo con mi inteligencia y astucia y ha decidido sacármelo a palos.;;;;;;;;;x
EVTDESCB_ZE_13081;It's important to do things right, which includes not doing them too much.;Il est important de faire les choses correctement, ce qui signifie ne pas en faire trop.;Es ist wichtig, sich Zeit zu lassen. Und am wichtigsten ist es, auf gar keinen Fall zu viel zu tun!;;Es importante hacer las cosas bien, lo que incluye no hacer demasiado.;;;;;;;;;x
EVTDESCB_ZE_13082;Young [From.GetFirstName] is impressing everyone with [From.GetHerHis] sensible choices and great capacity for self-restraint.;[From.GetFirstName] impressionne tout le monde avec ses décisions sensées et sa grande maîtrise de soi.;Klein [From.GetFirstName] macht durch vernünftige Entscheidungen und große Selbstbeherrschung auf jeden einen enorm guten Eindruck.;;[From.GetOA] joven [From.GetFirstName] impresiona a todo el mundo con [From.GetHerHis] opciones sensatas y gran capacidad de autocontrol.;;;;;;;;;x
EVTDESCB_ZE_13084;[From.GetTitledFirstName] commends me on my temperance and wisdom and wishes that I employ it in the service of just causes.;[From.Get_Le_TitledFirstName] me félicite pour ma modération et ma sagesse, et souhaite que je les mette au service de causes justes.;[From.GetTitledFirstName] lobt mich für meine Mäßigung und Weisheit und wünscht, dass ich sie zur Beförderung der gerechten Sache einsetze.;;[From.GetTitledFirstName] me alaba en mi moderación y sabiduría y desea que lo emplee al servicio de causas justas.;;;;;;;;;x
EVTDESCB_ZE_13091;I love keeping an eye on things, and I love counting them. Coins especially.;J'adore garder un oeil sur les choses et j'adore compter. Les pièces, surtout.;Ich liebe es, die Dinge zu beobachten und sie zu zählen. Besonders dann, wenn es Geldmünzen sind.;;Me encanta vigilar las cosas y me encanta contarlas. Especialmente, monedas.;;;;;;;;;x
EVTDESCB_ZE_13092;Young [From.GetFirstName] seems to love ordering and counting things, coins especially.;[From.GetFirstName] semble adorer ranger et compter les choses. Les pièces, tout particulièrement.;Klein [From.GetFirstName] mag es, die Dinge zu ordnen und sie zu zählen. Besonders, wenn es Geldmünzen sind.;;[From.GetAlAla] joven [From.GetFirstName] parece que le encanta querer ordenar y contar cosas, sobre todo monedas.;;;;;;;;;x
EVTDESCB_ZE_13094;[From.GetTitledFirstName] approves of my active mind but thinks I spend too much time thinking about gold and silver.;[From.Get_Le_TitledFirstName] approuve mon esprit dynamique, mais pense que je passe trop de temps à penser à l'or et à l'argent.;[From.GetTitledFirstName] billigt meinen regen Geist, glaubt aber, dass ich zu viele Gedanken an Gold und Silber verschwende.;;[From.GetTitledFirstName] aprueba mi mente activa, pero cree que paso demasiado tiempo pensando en oro y plata.;;;;;;;;;x
EVTDESCB_ZE_13101;There are people I know that follow different traditions than those of the [Root.Religion.GetName] faith. I have spoken to them and asked them about it, and now it doesn't seem so strange to me.;Il existe des gens qui suivent des traditions différentes de celles de la religion [Root.Religion.GetName]. J'ai discuté avec eux et leur ai posé des questions à ce sujet. Ça ne me parait plus si étrange dorénavant.;Es gibt Völker, die einem anderen als dem [Root.Religion.GetName]en Glauben folgen. Ich habe mit ihnen darüber gesprochen und nun kommt es mir nicht mehr ganz so unverständlich vor.;;Hay personas que conozco que siguen tradiciones diferentes que las de la fe [Root.Religion.GetName]. He hablado con ellos y les he preguntado al respecto y ahora no me parece tan extraño.;;;;;;;;;x
EVTDESCB_ZE_13102;Young [From.GetFirstName] seems to be taking a curious interest in other traditions than the [From.Religion.GetName] ones.;[From.GetFirstName] semble avoir un curieux intérêt pour les traditions différentes de celles de la religion [From.Religion.GetName].;Klein [From.GetFirstName] interessiert sich mehr für andere Lehren als für den [From.Religion.GetName]en Glauben.;;[From.GetOA] joven [From.GetFirstName] parece tener curioso interés por otras tradiciones aparte de las del [From.Religion.GetName].;;;;;;;;;x
EVTDESCB_ZE_13104;I love studying foreign customs, but [From.GetTitledFirstName] thinks I should look to my own virtues instead.;J'adore étudier les coutumes étrangères, mais [From.Get_le_TitledFirstName] pense que je devrais me concentrer sur mes propres qualités.;Ich interessiere mich für die Bräuche fremder Völker, aber [From.GetTitledFirstName] glaubt, ich solle mich auf unsere Tugenden besinnen.;;Me encanta estudiar costumbres extranjeras, pero [From.GetTitledFirstName] piensa que más bien debo buscar mis propias virtudes.;;;;;;;;;x
EVTDESCB_ZE_13111;The more I hear of the words of the wise [Root.GetMenWomen] of old, the more I want to be like them.;Plus j'écoute les propos des personnes âgées, plus je veux leur ressembler.;Je mehr ich von der Weisheit früherer [Root.GetMenWomen] erfahre, desto mehr wünsche ich mir, so zu sein wie sie.;;Cuanto más escucho las palabras de los sabios [Root.GetMenWomen] de la antigüedad, más quiero ser como ellos.;;;;;;;;;x
EVTDESCB_ZE_13112;Young [From.GetFirstName] often speaks in reverence of the wise [From.GetMenWomen] of old, saying [From.GetSheHe] wants to be like them.;[From.GetFirstName] parle souvent des anciens sages en termes élogieux, affirmant vouloir devenir comme eux.;Klein [From.GetFirstName] spricht oft von der Weisheit der [From.GetMenWomen] vergangener Tage und meint, [From.GetSheHe] wolle ihnen nacheifern.;;[From.GetOA] joven [From.GetFirstName] habla a menudo con reverencia de l[From.GetOA]s [From.GetMenWomen] sabi[From.GetOA]s, diciendo que [From.GetSheHe] quiere ser como ell[From.GetOA]s.;;;;;;;;;x
EVTDESCB_ZE_13114;I worship the memory of the wise [From.GetMenWomen] of old, but [From.GetTitledFirstName] thinks that I should focus on loving the living around me instead.;Je vénère la mémoire des anciens sages, mais [From.Get_le_TitledFirstName] pense que je devrais plutôt accorder mon amour aux êtres vivants autour de moi.;Ich verehre die weisen [From.GetMenWomen] der Vorzeit. [From.GetTitledFirstName] hingegen glaubt, ich solle meine Gunst besser den Lebenden in meinem Umfeld schenken.;;Adoro a la memoria l[From.GetOA]s [From.GetMenWomen] sabi[From.GetOA]s de la antigüedad, pero [From.GetTitledFirstName] cree que debo centrarme en amar a los vivos que me rodean.;;;;;;;;;x
EVTDESCB_ZE_13611;After weeks of waiting for the right opportunity I find myself behind the barn alone together with the Carpenter's daughter that my heart has been longing for. My palms are sweaty and my chest is pounding.;Après des semaines à attendre la bonne occasion, je me retrouve seul[Root.Get_E] avec la fille du charpentier que mon coeur convoite. J'ai les mains moites, et mon coeur bat à tout rompre.;Nach wochenlangem Warten bin ich nun endlich allein mit der Tochter des Tischlers, nach der sich mein Herz so lange gesehnt hat. Hinter einem Schuppen treffen wir uns, mit Schmetterlingen im Bauch und wild klopfenden Herzen.;;Después de semanas de esperar la oportunidad yo me encuentro detrás del granero a solas con la hija del carpintero por quien mi corazón ha estado suspirando. Me sudan las palmas y el corazón me late con fuerza.;;;;;;;;;x

EVTDESCC_ZE_13001;I know my worth, and people had better not stand in my way.;Je sais ce que je vaux, et les gens feraient mieux de ne pas se tenir en travers de mon chemin.;Ich kenne meine Position. Es wäre das Klügste, wenn niemand sich mir widersetzte.;;Sé mi valor, y es mejor que la gente no se interponga en mi camino.;;;;;;;;;x
EVTDESCC_ZE_13002;Young [From.GetFirstName] is showing much petty cruelty towards others.;[From.GetFirstName] fait preuve de cruauté mesquine envers les autres.;Klein [From.GetFirstName] verhält sich in letzter Zeit häufig grausam.;; joven [From.GetFirstName] muestra bastante crueldad hacia los demás.;;;;;;;;;x
EVTDESCC_ZE_13004;[From.GetTitledFirstName] disapproves of my tendencies towards cruelty and has told me that I should show more ambition.;[From.Get_Le_TitledFirstName] désapprouve ma tendance à la cruauté et m'a dit que je devrais faire preuve de plus d'ambition.;[From.GetTitledFirstName] ist es nicht recht, dass ich zur Grausamkeit neige, und hat mir aufgetragen, mehr Ehrgeiz zu zeigen.;;[From.GetTitledFirstName] desaprueba mi tendencia a la crueldad y me ha dicho que debo mostrar más ambición.;;;;;;;;;x
EVTDESCC_ZE_13011;I have learned that most people are kind, and it brings no benefit to walk with mistrust and suspicion.;J'ai appris que la plupart des gens sont gentils et qu'il n'y a aucun intérêt à être constamment méfiant et suspicieux.;Wie ich festgestellt habe, sind die Menschen freundlich, und Misstrauen und Argwohn sind unbegründet.;;He aprendido que la mayoría de la gente es amable, y no aporta ninguna ventaja caminar con desconfianza y recelo.;;;;;;;;;x
EVTDESCC_ZE_13012;Young [From.GetFirstName] seems to trust everyone, lacking any notion of the evil in man.;[From.GetFirstName] semble faire confiance à tout le monde et ne voit pas le mauvais côté de la nature humaine.;Klein [From.GetFirstName] vertraut offenbar jedem und hat nicht die geringste Ahnung vom Schlechten im Menschen.;;[From.GetOA] joven [From.GetFirstName] parece confiar en todo el mundo, y carece de la idea del mal en la gente.;;;;;;;;;x
EVTDESCC_ZE_13014;[From.GetTitledFirstName] would like me to be less naive and make more efforts to actually help others.;[From.Get_Le_TitledFirstName] souhaiterait que je tempère ma naïveté et que je fasse plus d'efforts pour venir en aide aux autres.;[From.GetTitledFirstName] meint, ich solle weniger naiv sein und mich mehr darum bemühen, anderen zu helfen.;;A [From.GetTitledFirstName] le gustaría que tuviera menos ingenuidad e hiciera más para ayudar a los demás.;;;;;;;;;x
EVTDESCC_ZE_13021;As I learn more about life, I find it is generally wise to stay out of danger as much as possible.;Plus j'en apprends sur la vie, plus je trouve qu'il est judicieux de se tenir le plus possible à l'écart du danger.;Je älter ich werde, desto weniger reizt mich das Riskante oder Gefährliche.;;Según aprendo más sobre la vida, creo que generalmente es aconsejable permanecer fuera de peligro lo más posible.;;;;;;;;;x
EVTDESCC_ZE_13022;Young [From.GetFirstName] seems to constantly avoid taking any risks.;[From.GetFirstName] semble constamment éviter de prendre le moindre risque.;Klein [From.GetFirstName] versucht offenbar, jeglichen Risiken aus dem Weg zu gehen.;;[From.GetOA] joven [From.GetFirstName] parece constantemente evitar tomar cualquier riesgo.;;;;;;;;;x
EVTDESCC_ZE_13024;[From.GetTitledFirstName] says I am too fearful and should try to relax more and just be myself;[From.Get_Le_TitledFirstName] dit que je suis trop alarmiste, que je devrais me détendre davantage et me contenter d'être moi-même.;[From.GetTitledFirstName] sagt, ich sei zu ängstlich und dass ich entspannter und mehr ich selbst sein soll.;;[From.GetTitledFirstName] dice que soy demasiado temeroso y debería tratar de relajarme más y ser yo mism[Root.GetOA].;;;;;;;;;x
EVTDESCC_ZE_13031;Playing outside and scratching my knees has taught me to act quickly without unnecessary pause for thinking.;En jouant dehors et en m'égratignant les genoux, j'ai appris à agir sans nécessairement m'arrêter pour réfléchir.;Meine Zeit im Freien und die Schrammen, die ich mir dort geholt habe, haben mir beigebracht, wie man Entscheidungen trifft, ohne lange nachzudenken.;;Jugar afuera y arañarme las rodillas me ha enseñado a actuar rápidamente, sin pausas innecesarias para pensar.;;;;;;;;;x
EVTDESCC_ZE_13032;Young [From.GetFirstName] is showing tendencies to be more of a doer than a thinker. Yes, that would be a kind way to describe it...;[From.GetFirstName] a tendance à être plus dans l'action que dans la réflexion. Oui, c'est une façon polie de le formuler...;Klein [From.GetFirstName] zieht das Handeln dem Denken vor. Ja, das kann man durchaus so sagen.;;[From.GetOA] joven [From.GetFirstName] muestra tendencias de ser más de un hacedor que un pensador. Sí, ese sería un modo amable de describirlo...;;;;;;;;;x
EVTDESCC_ZE_13034;[From.GetTitledFirstName] says I need to put more thought into my actions, but without compromising my physical courage.;[From.Get_Le_TitledFirstName] dit que je dois réfléchir davantage avant d'agir, mais sans toutefois faire de concession sur mon courage physique.;[From.GetTitledFirstName] sagt, dass ich überlegter handeln soll, wobei ich aber nicht vergessen soll, tapfer zu sein.;;[From.GetTitledFirstName] dice que tengo que pensar mis acciones, pero sin comprometer mi valor físico.;;;;;;;;;x
EVTDESCC_ZE_13041;I've learned that if I put my mind to something I will usually get it.;J'ai appris que si je décide de quelque chose, je finis généralement par l'obtenir.;Wenn ich mich auf eine Sache konzentriere, habe ich meistens Erfolg. Das weiß ich mittlerweile.;;He aprendido que si me propongo algo, generalmente lo consigo.;;;;;;;;;x
EVTDESCC_ZE_13042;Young [From.GetFirstName] is developing a stubborn streak.;[From.GetFirstName] développe une tendance à l'entêtement.;Klein [From.GetFirstName] entwickelt eine Vorliebe für Sturköpfigkeit.;;[From.GetOA] joven [From.GetFirstName] está desarrollando una veta obstinada.;;;;;;;;;x
EVTDESCC_ZE_13044;[From.GetTitledFirstName] thinks I should be proud of what I have but try to be less stubborn.;[From.Get_Le_TitledFirstName] pense que je devrais tirer plus de fierté de ce que je possède, mais moins céder à l'entêtement.;[From.GetTitledFirstName] meint, ich solle stolz auf meine Erfolge sein und weniger stur.;;[From.GetTitledFirstName] piensa que debo estar orgullos[Root.GetOA] de lo que tengo, pero debo tratar de ser menos testarud[Root.GetOA].;;;;;;;;;x
EVTDESCC_ZE_13051;The more I think about it, the more I see how things are wrongfully denied me.;Plus j'y pense, plus je réalise à quel point certaines choses me sont injustement refusées.;Je mehr ich darüber nachdenke, desto klarer erkenne ich, wie mir vorenthalten wird, was mir zustünde.;;Cuanto más pienso en ello, más cosas veo que se me deniegan injustamente.;;;;;;;;;x
EVTDESCC_ZE_13052;Young [From.GetFirstName] seems to be envious of everything and everyone.;[From.GetFirstName] semble envieu[From.GetXSe] de tout et de tout le monde.;Klein [From.GetFirstName] scheint auf alles und jeden neidisch zu sein.;;[From.GetOA] joven [From.GetFirstName] parece envidiar todo y a todos.;;;;;;;;;x
EVTDESCC_ZE_13054;[From.GetTitledFirstName] thinks I should learn to temper my envy.;[From.Get_Le_TitledFirstName] pense que je devrais apprendre à mieux contrôler mon envie.;[From.GetTitledFirstName] glaubt, ich müsse lernen, meinen Neid im Zaum zu halten.;;[From.GetTitledFirstName]piensa que debo aprender a templar mi envidia.;;;;;;;;;x
EVTDESCC_ZE_13061;I find there is nothing that pleases me so much as just sitting down for hours, eating.;Rien ne me procure autant de plaisir que de rester assis pendant des heures à manger.;Unterm Strich gibt es nichts, was erfüllender sein könnte, als stundenlang an der Tafel zu sitzen und zu essen.;;Creo que no hay nada que me guste tanto como sentarme durante horas, a comer.;;;;;;;;;x
EVTDESCC_ZE_13062;Young [From.GetFirstName] never stops eating, always staying longer than anyone at the table.;[From.GetFirstName] ne cesse de manger, restant toujours plus longtemps que les autres à table.;Klein [From.GetFirstName] hört nie auf zu essen und verlässt immer ganz zum Schluss die Tafel.;;[From.GetOA] joven [From.GetFirstName] nunca deja de comer, siempre se queda más tiempo que nadie en la mesa.;;;;;;;;;x
EVTDESCC_ZE_13064;[From.GetTitledFirstName] thinks I spend too much time eating and should pause to converse once in a while.;[From.Get_Le_TitledFirstName] pense que je passe trop de temps à manger et que je devrais parfois prendre le temps de discuter.;[From.GetTitledFirstName] glaubt, ich würde zu viel Zeit mit Essen verbringen und dass es besser wäre, wenn ich mich bei Tisch mehr unterhalten würde.;;[From.GetTitledFirstName] piensa paso demasiado tiempo comiendo y debería hacer una pausa para conversar de vez en cuando.;;;;;;;;;x
EVTDESCC_ZE_13071;Playing games and pranks is the best fun! I do think I never want to grow up.;Les canulars et autres blagues sont ce qu'il y a de mieux pour s'amuser ! Je crois que je préfère ne pas grandir.;Spielen und Streiche, es gibt gar nichts Besseres. Hoffentlich werde ich niemals erwachsen!;;¡Jugar y gastar travesuras es la mejor diversión! Creo que no quiero ser mayor.;;;;;;;;;x
EVTDESCC_ZE_13072;Young [From.GetFirstName] seems to often react in erratic and strange ways in perfectly everyday situations. There is something not quite right there...;[From.GetFirstName] semble réagir de façon étrange et imprévisible dans des situations de tous les jours. Quelque chose ne tourne pas rond...;Klein [From.GetFirstName] reagiert in eigentlich alltäglichen Situationen häufig etwas seltsam und unberechenbar. Irgendetwas stimmt da nicht.;;[From.GetOA] joven [From.GetFirstName]parece reaccionar a menudo reacciona de manera errática y extraña en situaciones completamente cotidianas. Aquí hay algo que no va bien. ;;;;;;;;;x
EVTDESCC_ZE_13074;[From.GetTitledFirstName] thinks I am too 'strange' and decided to beat it out of me.;[From.Get_Le_TitledFirstName] trouve que je suis trop « étrange », et a décidé de me battre pour que cela cesse.;[From.GetTitledFirstName] meint, ich sei zu "seltsam", und hat beschlossen, das aus mir herauszuprügeln.;;[From.GetTitledFirstName] piensa que soy demasiado 'extraño' y ha decidido sacármelo a palos.;;;;;;;;;x
EVTDESCC_ZE_13091;I know how things should be done, but I fear others are always trying to sabotage my efforts.;Je sais comment les choses devraient être faites, mais j'ai peur que les autres essaient de saboter mes efforts.;Ich weiß, was getan werden müsste. Aber ständig habe ich Angst, dass andere vorhaben könnten, meine Pläne zu sabotieren.;;Sé cómo se hacen las cosas, pero temo que otros siempre están tratando de sabotear mis esfuerzos.;;;;;;;;;x
EVTDESCC_ZE_13092;Young [From.GetFirstName] loves doing things [From.GetHerHis] own way, and often takes it personally and gets angry when others offer opinions.;[From.GetFirstName] adore faire les choses à sa façon, et se brusque fréquemment lorsque les autres expriment leur opinion.;Klein [From.GetFirstName] hat es gern, selbst zu bestimmen, was getan wird. Vorschläge anderer werden meist mit Ärger quittiert.;;[From.GetAlAla] joven [From.GetFirstName] le encanta hacer las cosas a [From.GetHerHis] manera y a menudo se lo toma como algo personal y se enoja cuando otros ofrecen sus opiniones.;;;;;;;;;x
EVTDESCC_ZE_13094;[From.GetTitledFirstName] says it's good that I have my own strong ideas, but [From.GetSheHe] wants me to focus more on the results of my actions than on worrying about the envy of others.;[From.Get_Le_TitledFirstName] dit qu'il est important que mes propres opinions soient bien ancrées, mais [From.GetIlElle] veut que je me concentre davantage sur les fruits de mes actions, plutôt que de m'inquiéter de l'envie que je suscite chez les autres.;[From.GetTitledFirstName] meint, dass es gut sei, klare Ideen zu haben, und empfiehlt mir, weniger an den Neid meiner Umwelt und mehr an das Ergebnis meiner Taten zu denken.;;[From.GetTitledFirstName] dice que es bueno que tenga mis propias ideas fuertes, pero [From.GetSheHe] quiere que me centre más en los resultados de mis acciones que en preocuparme por la envidia de los demás.;;;;;;;;;x
EVTDESCC_ZE_13101;I spend a lot of time exploring and thinking about how things work..;Je consacre énormément de temps à l'exploration et à réfléchir à la façon dont fonctionnent les choses.;Ich habe viel Zeit damit verbracht, mich zu fragen, warum alles so ist, wie es ist ...;;Paso mucho tiempo explorando y pensando cómo funcionan las cosas...;;;;;;;;;x
EVTDESCC_ZE_13102;Young [From.GetFirstName] seems to be a real explorer and experimenter, constantly finding new ideas and topics that fascinate [From.GetHerHim].;[From.GetFirstName] semble adorer partir à l'aventure et expérimenter, trouvant constamment de nouvelles idées et des sujets captivants.;Klein [From.GetFirstName] ist ein geborener Entdecker und liebt es, Dinge auszuprobieren. Immerzu gibt es etwas Neues, was ausprobiert werden muss.;;[From.GetOA] joven [From.GetFirstName] parece ser un[From.GetXA] verdader[From.GetOA] explorador[From.GetXA] y experimentador[From.GetXA], encontrando  constantemente nuevas ideas y temas que [From.GetHerHim] fascinen.;;;;;;;;;x
EVTDESCC_ZE_13104;[From.GetTitledFirstName] seems to think I'm too clever for my own good, or so [From.GetSheHe] said.;[From.Get_Le_TitledFirstName] semble penser que je suis trop fébrile pour mon propre bien, en tout cas c'est ce qu'[From.GetIlElle] a dit.;[From.GetTitledFirstName] glaubt offenbar, ich sei schlauer, als mir guttut. Das hat [From.GetSheHe] jedenfalls gesagt.;;[From.GetTitledFirstName] parece creer que soy demasiado inteligente para mi propio bien, o eso es lo que [From.GetSheHe] dijo.;;;;;;;;;x
EVTDESCC_ZE_13111;It gives me great joy to admire the achievements of others. Especially as I am so weak myself.;Admirer les accomplissements des autres me procure une grande joie, notamment parce que je suis si faible.;Es macht mir Spaß, die Leistungen anderer zu bewundern. Wo ich selbst doch so schwach bin ...;;Me da la gran alegría admirar los logros de otros. Especialmente siendo tan débil como soy.;;;;;;;;;x
EVTDESCC_ZE_13112;Young [From.GetFirstName] seems to be quick to praise the deeds of others around [From.GetHerHim], while neglecting [From.GetHerHis] own physical activity and development.;[From.GetFirstName] semble être en adoration face aux actions de ceux qui l'entourent, négligeant sa propre activité physique et son développement.;Klein [From.GetFirstName] gerät leicht in Entzückung angesichts der Taten anderer und vernachlässigt dabei die eigene gesunde Entwicklung.;;[From.GetOA] joven [From.GetFirstName]parece adorar fácilmente las obras de otros que [From.GetHerHim] rodean, mientras descuida [From.GetHerHis] propia actividad y desarrollo físico.;;;;;;;;;x
EVTDESCC_ZE_13114;I easily adore the virtues of others, but [From.GetTitledFirstName] thinks I'm too passive and should should focus more on helping people, lest I grow weak.;J'admire facilement les qualités des autres, mais [From.Get_le_TitledFirstName] pense que je me manque d'initiative et que je devrais aider davantage les autres, au cas où je deviendrais faible.;Ich bin von den Vorzügen meiner Mitmenschen leicht zu beeindrucken, doch [From.GetTitledFirstName] glaubt, ich sei zu passiv und solle mich deshalb mehr um andere kümmern, damit ich nicht schwach werde.;;Es fácil adorar las virtudes de los demás, pero [From.GetTitledFirstName] cree que soy demasiado pasivo y que debería centrarme más en ayudar a la gente, para no ser débil.;;;;;;;;;x

EVTOPTA_ZE_13001;I shall bow to no one.;Je ne courberai pas l'échine devant qui que ce soit !;Ich werde mich vor niemandem verbeugen.;;No me inclinaré ante nadie.;;;;;;;;;x
EVTOPTA_ZE_13002;[From.GetSheHeCap] should show more ambition.;[From.GetIlElleCap] devrait faire preuve de plus d'ambition.;[From.GetSheHeCap] sollte etwas mehr Ehrgeiz zeigen.;;[From.GetSheHeCap] debería mostrar más ambición.;;;;;;;;;x
EVTOPTA_ZE_13004;[From.GetSheHeCap] is right - I am destined for greatness.;[From.GetIlElleCap] a raison, de grandes choses m'attendent.;[From.GetSheHeCap] hat recht. Ich bin zu Großem berufen.;;[From.GetSheHeCap] tiene razón, estoy destinado a grandeza.;;;;;;;;;x
EVTOPTA_ZE_13011;Kindness binds us all together.;La gentillesse nous aveugle tous.;Güte ist die Verbindung zwischen uns allen.;;La amabilidad nos une a todos.;;;;;;;;;x
EVTOPTA_ZE_13012;[From.GetSheHeCap] should be more charitable.;[From.GetIlElleCap] devrait être plus charitable.;[From.GetSheHeCap] muss wohltätiger werden.;;[From.GetSheHe] debe ser más caritativ[From.GetOA].;;;;;;;;;x
EVTOPTA_ZE_13014;[From.GetSheHeCap] is right, I should do more.;[From.GetIlElleCap] a raison, je devrais en faire davantage.;[From.GetSheHeCap] hat recht. Ich muss mehr tun.;;[From.GetSheHeCap] tiene razón, debo hacer más.;;;;;;;;;x
EVTOPTA_ZE_13021;I should avoid the dangers of pride.;Je devrais éviter les dangers de l'orgueil.;Ich muss mich vor den Gefahren des Stolzes in Acht nehmen.;;Debo evitar los peligros del orgullo.;;;;;;;;;x
EVTOPTA_ZE_13022;[From.GetSheHeCap] shouldn't try so hard.;[From.GetIlElleCap] ne devrait pas y consacrer tant d'efforts.;[From.GetSheHeCap] sollte es nicht übertreiben.;;[From.GetSheHeCap] no debería intentar tan fuerte.;;;;;;;;;x
EVTOPTA_ZE_13024;[From.GetSheHeCap] is right, I should let go of it.;[From.GetIlElleCap] a raison, je devrais lâcher prise.;[From.GetSheHeCap] hat recht. Ich sollte das ändern.;;[From.GetSheHeCap] tiene razón, debería dejarlo.;;;;;;;;;x
EVTOPTA_ZE_13031;It feels good to be strong!;C'est agréable d'être fort !;Stark zu sein fühlt sich gut an!;;¡Sienta bien ser fuerte!;;;;;;;;;x
EVTOPTA_ZE_13032;I should focus on teaching [From.GetHerHim] bravery.;Je devrais concentrer mes efforts à lui apprendre la bravoure.;Ich sollte [From.Getihmihr] Mut und Tapferkeit näherbringen.;;Debo centrarme en enseñar[From.GetHerHim] valentía.;;;;;;;;;x
EVTOPTA_ZE_13034;Yes, I want to be brave like [From.GetHerHim]!;Oui, je veux être aussi brave que [From.GetLuiElle] !;Ja, ich werde mir an [From.Getihmihr] ein Beispiel nehmen und tapfer sein!;;¡Sí, quiero ser valiente como [From.GetHerHim]!;;;;;;;;;x
EVTOPTA_ZE_13041;I will be the greatest.;À moi la grandeur !;Ich werde unübertroffen sein.;;Seré el más grande.;;;;;;;;;x
EVTOPTA_ZE_13042;I should teach [From.GetHerHim] to be more proud instead.;Je devrais plutôt lui apprendre à gagner en fierté.;Ich sollte dem Kind stattdessen mehr Stolz einbläuen.;;Debo enseñar [From.GetHerHim] más bien a ser más orgullos[From.GetOA].;;;;;;;;;x
EVTOPTA_ZE_13044;[From.GetSheHeCap] is right, I should be proud!;[From.GetIlElleCap] a raison, je devrais avoir davantage de fierté !;[From.GetSheHeCap] hat recht. Ich habe allen Grund, stolz zu sein.;;¡[From.GetSheHeCap] tiene razón, debería estar orgullos[Root.GetOA]!;;;;;;;;;x
EVTOPTA_ZE_13051;It's what separates us from the wild beasts.;Voilà ce qui nous sépare des bêtes sauvages.;Das ist das, was uns von wilden Tieren unterscheidet.;;Es lo que nos separa de las bestias salvajes.;;;;;;;;;x
EVTOPTA_ZE_13052;[From.GetSheHeCap] should learn temperance.;[From.GetIlElleCap] devrait apprendre la modération.;[From.GetSheHeCap] muss sich in Mäßigung üben.;;[From.GetSheHeCap] debería aprender moderación.;;;;;;;;;x
EVTOPTA_ZE_13054;[From.GetSheHeCap] is right, I should calm down.;[From.GetIlElleCap] a raison, je devrais me calmer.;[From.GetSheHeCap] hat recht. Ich muss lernen, ruhiger zu werden.;;[From.GetSheHeCap] tiene razón, debo calmarme.;;;;;;;;;x
EVTOPTA_ZE_13061;It's not worth the effort accumulating things anyway.;Ces choses ne valent pas l'effort pour les accumuler.;Es lohnt sich ohnehin nicht, Dinge anzuhäufen.;;De todas maneras, no vale la pena el esfuerzo de acumular cosas.;;;;;;;;;x
EVTOPTA_ZE_13062;[From.GetSheHeCap] should get out more and talk to people.;[From.GetIlElleCap] devrait sortir davantage et parler avec les gens.;[From.GetSheHeCap] muss mehr unter Leute und lernen, sich mit ihnen zu unterhalten.;;[From.GetSheHe] debería salir más y hablar con la gente.;;;;;;;;;x
EVTOPTA_ZE_13064;Very well, I'll make the effort!;Très bien, je fournirai cet effort !;Na gut, ich werde mich bemühen!;;¡Muy bien, haré el esfuerzo!;;;;;;;;;x
EVTOPTA_ZE_13071;And people seem to like me.;Et les gens semblent m'apprécier.;Die Leute mögen mich offenbar.;;Y parece que le gusto a la gente.;;;;;;;;;x
EVTOPTA_ZE_13072;I shall beat it out of [From.GetHerHim]!;Je veillerai à ce qu'[From.GetIlElle] renforce cet aspect.;Ich werde es aus [From.Getihmihr] herausprügeln!;;¡Intentaré sácarselo de [From.GetHerHim] a palos!;;;;;;;;;x
EVTOPTA_ZE_13074;One day I'll do the same unto others.;Un jour, je ferai subir la même chose aux autres.;Eines Tages werde ich dies auch bei anderen tun.;;Un día haré lo mismo a otros.;;;;;;;;;x
EVTOPTA_ZE_13081;I just like getting things done.;J'aime simplement m'occuper de ces choses-là.;Ich habe es eben gern, wenn ich etwas erledigen kann.;;Sólo me gusta que las cosas queden hechas.;;;;;;;;;x
EVTOPTA_ZE_13082;[From.GetSheHeCap] should use that power for good.;Son pouvoir devrait être utilisé pour faire le bien.;[From.GetSheHeCap] muss diese Gabe für das Gute einsetzen.;;[From.GetSheHe] debería usar ese poder para el bien.;;;;;;;;;x
EVTOPTA_ZE_13084;Sage advice.;C'est un conseil judicieux.;Ein weiser Ratschlag.;;Sabio consejo.;;;;;;;;;x
EVTOPTA_ZE_13091;One shouldn't rush things needlessly.;On ne devrait pas faire les choses de façon précipitée.;Man sollte es nie zu eilig mit etwas haben.;;No hay que apresurar las cosas sin necesidad.;;;;;;;;;x
EVTOPTA_ZE_13092;I should help guide [From.GetHerHim] in the right direction.;Je devrais l'aider à prendre la bonne direction.;Ich muss das Kind auf den rechten Weg bringen.;;Debería ayudar a dirigir[From.GetHerHim] por el camino correcto.;;;;;;;;;x
EVTOPTA_ZE_13094;I should be more like [From.GetHerHim].;Je devrais être plus comme [From.GetLuiElle].;An [From.Getihmihr] muss ich mir ein Beispiel nehmen.;;Debería ser más como [From.GetHerHim].;;;;;;;;;x
EVTOPTA_ZE_13101;They are all liars!;Ce sont tous des menteurs !;Alles Lügner!;;¡Son todos unos mentirosos!;;;;;;;;;x
EVTOPTA_ZE_13102;I should try to stop these tendencies..;Je devrais essayer de mettre un terme à ces tendances.;Ich muss dieser Entwicklung einen Riegel vorschieben.;;Debo intentar detener estas tendencias...;;;;;;;;;x
EVTOPTA_ZE_13104;[From.GetSheHeCap] is right, I should calm down.;[From.GetIlElleCap] a raison, je devrais me calmer.;[From.GetSheHeCap] hat recht. Ich muss ruhiger werden.;;[From.GetSheHeCap] tiene razón, debo calmarme.;;;;;;;;;x
EVTOPTA_ZE_13111;And I praise [Root.Religion.GetRandomGodName]!;Louons [Root.Religion.GetRandomGodName] !;Und ich preise [Root.Religion.GetRandomGodName]!;;¡Alabo a [Root.Religion.GetRandomGodName]!;;;;;;;;;x
EVTOPTA_ZE_13112;[From.GetSheHeCap] should focus on helping others instead.;[From.GetIlElleCap] devrait plutôt passer son temps à aider les autres.;[From.GetSheHeCap] sollte sich besser darauf konzentrieren, anderen zu helfen.;;[From.GetSheHe] debe centrarse en ayudar a otros en su lugar.;;;;;;;;;x
EVTOPTA_ZE_13114;[From.GetSheHeCap] is right.;[From.GetIlElleCap] a raison.;[From.GetSheHeCap] hat recht.;;[From.GetSheHeCap] tiene razón.;;;;;;;;;x
EVTOPTA_ZE_13610;...the Farrier's apprentice.;... l'apprenti du maréchal-ferrant.;... dem Gehilfen des Hufschmieds.;;... el aprendiz del herrero.;;;;;;;;;x
EVTOPTA_ZE_13610_MALE;...the Carpenter's daughter.;... la fille du charpentier.;... der Tochter des Tischlers.;;... la hija del carpintero.;;;;;;;;;x
EVTOPTA_ZE_13611_CARP;Declare my eternal love for her.;Lui déclarer mon amour éternel.;Ich erkläre ihr meine ewige Liebe.;;Declaro mi amor eterno por ella.;;;;;;;;;x
EVTOPTA_ZE_13611_FERR;Declare my eternal love for him.;Lui déclarer mon amour éternel.;Ich erkläre ihm meine ewige Liebe.;;Declaro mi amor eterno por él.;;;;;;;;;x
EVTOPTA_ZE_13620;Honesty, if anything.;Ça a le mérite d'être honnête, au moins.;Ehrlichkeit und nichts anderes.;;Honestidad ante todo.;;;;;;;;;x
EVTOPTA_ZE_13621;Show bravery to inspire others.;Votre bravoure inspire les autres.;Zeigt Tapferkeit, um andere zu inspirieren.;;Muestra la valentía para inspirar a otros.;;;;;;;;;x
EVTOPTA_ZE_13622;Treat all as equals.;Équité pour tous.;Behandelt alle gleich.;;Tratar a todos como iguales.;;;;;;;;;x
EVTOPTA_ZE_13623;Knowledge is power others don't need.;Le savoir est une arme dont les autres n'ont que faire.;Wissen ist Macht, die andere nicht brauchen.;;Conocimiento es poder, que otros no necesitan.;;;;;;;;;x
EVTOPTA_ZE_13624;Knowledge is power, always learn more.;Le savoir est une arme qui gagne sans cesse en puissance.;Wissen ist Macht, lerne stets Neues.;;El conocimiento es el poder, siempre aprenda más.;;;;;;;;;x
EVTOPTA_ZE_13625;[From.GetSheHeCap] deserves greatness. Go get it!;[From.GetIlElleCap] mérite la grandeur, alors qu'[From.GetIlElle] l'obtienne !;[From.GetSheHeCap] verdient wahre Größe. Auf gehts!;;[From.GetSheHeCap]merece grandeza. ¡A por ella!;;;;;;;;;x
EVTOPTA_ZE_13700;That farmer [Root.GetBoyGirl] I met earlier.;À c[Root.GetEEtte] paysa[Root.GetNNne] rencontré[Root.Get_E] récemment.;Von dem Bauernkind, das ich getroffen habe.;;[From.GetOA] [Root.GetBoyGirl] de la granja que conocí antes.;;;;;;;;;x
EVTOPTA_ZE_13701;What would it be like to hold [Root.GetHerHim]?;J'aimerais être dans ses bras. Comment me sentirais-je alors ?;Wie es wohl wäre, [Root.GetHerHim] in den Armen zu halten?;;¿Cómo sería poder abrazar[Root.GetHerHim]?;;;;;;;;;x
EVTOPTA_ZE_13702;I will save myself for [lustful_target.GetHerHim].;Je ne vois personne d'autre dans ma vie.;Ich werde mich für [lustful_target.GetHerHim] aufsparen.;;Me reservaré para [lustful_target.GetSheHe].;;;;;;;;;x
EVTOPTA_ZE_13703;I would do well to focus on other things.;Je ferais mieux de me concentrer sur d'autres choses.;Es würde mir guttun, wenn ich mich auf etwas anderes konzentrieren würde.;;Haría bien en centrarme en otras cosas.;;;;;;;;;x
EVTOPTA_ZE_13704;It seems as [From.GetSheHe] is infatuated with me...;Je pense qu'[From.GetIlElle] a le béguin pour moi...;Vielleicht hat [From.GetSheHe] sich in mich verliebt.;;Parece [From.GetSheHe] está enamorado de mí...;;;;;;;;;x

EVTOPTB_ZE_13001;And I know where to get it.;Et je sais où me le procurer.;Und ich weiß, wo ich es bekomme.;;Y sé dónde conseguirlo.;;;;;;;;;x
EVTOPTB_ZE_13002;It's fine, I don't need more competition.;C'est suffisant, je n'ai pas besoin de rivaux supplémentaires.;Kein Problem, ich habe ohnehin schon genug Konkurrenten.;;Está bien, no necesito más competencia.;;;;;;;;;x
EVTOPTB_ZE_13004;[From.GetSheHeCap] can't tell me what to do!;[From.GetIlElleCap] ne peut pas me dire quoi faire !;[From.GetSheHeCap] hat mir gar nichts zu sagen!;;¡[From.GetSheHeCap] no puede decirme qué debo hacer!;;;;;;;;;x
EVTOPTB_ZE_13011;I have what I need right here.;J'ai tout ce dont j'ai besoin juste ici.;Ich habe bereits, was ich brauche.;;Tengo lo que necesito aquí mismo.;;;;;;;;;x
EVTOPTB_ZE_13012;[From.GetSheHeCap] can only be [From.GetHerselfHimself].;[From.GetIlElleCap] peut seulement être [From.GetLuiElle]-même.;[From.GetSheHeCap] kann nur [From.GetSheHe] selbst sein.;;[From.GetSheHe] sólo puede ser [From.GetHerselfHimself].;;;;;;;;;x
EVTOPTB_ZE_13014;I will try.;Je ferai mon possible.;Ich werde es versuchen.;;Lo intentaré;;;;;;;;;x
EVTOPTB_ZE_13021;There is no need to be noisy.;Il est inutile de se faire remarquer.;Es ist unnötig, Lärm zu machen.;;No hay necesidad de ser ruidoso.;;;;;;;;;x
EVTOPTB_ZE_13022;All is as it should be.;Tout se déroule comme prévu.;Es hat schon alles seine Richtigkeit.;;Todo es como debería ser.;;;;;;;;;x
EVTOPTB_ZE_13024;I'm not trying, it's who I am.;Je n'y peux rien, je suis comme ça.;Das werde ich nicht. Es ist ein Teil von mir.;;No es un intento, es como soy.;;;;;;;;;x
EVTOPTB_ZE_13031;I will always speak my mind.;Je dirai toujours le fond de ma pensée.;Ich werde immer sagen, was ich denke.;;Siempre digo lo que pienso.;;;;;;;;;x
EVTOPTB_ZE_13032;[From.GetSheHeCap] should do [From.GetHerHis] own thing.;[From.GetIlElleCap] devrait suivre son propre chemin.;[From.GetSheHeCap] soll tun, was [From.GetSheHe] will.;;[From.GetSheHeCap] debe seguir [From.GetHerHis] propio camino.;;;;;;;;;x
EVTOPTB_ZE_13034;My strength is all I need.;Ma force est tout ce dont j'ai besoin.;Stärke und Kraft sind alles, was ich brauche.;;Mi fuerza es todo lo que necesito.;;;;;;;;;x
EVTOPTB_ZE_13041;What is there to fear? Nothing.;De quoi devrais-je avoir peur ? Absolument rien.;Was könnte mich schrecken? Gar nichts.;;¿Qué hay que temer? Nada.;;;;;;;;;x
EVTOPTB_ZE_13042;[From.GetSheHeCap] could never be like me anyway.;[From.GetIlElleCap] ne pourrait jamais devenir comme moi, de toute façon.;[From.GetSheHeCap] würde ohnehin nie so werden wie ich.;;De todas maneras, [From.GetSheHeCap] nunca podría ser como yo.;;;;;;;;;x
EVTOPTB_ZE_13042_B;Good for [From.GetHerHim]!;C'est bon pour [From.GetLuiElle] !;Schön für [From.Getihnsie];;¡Me alegro por [From.GetElElla]!;;;;;;;;;x
EVTOPTB_ZE_13044;But I don't have enough!;Mais je n'en ai pas assez !;Davon habe ich nicht genug.;;¡Pero no tengo suficiente!;;;;;;;;;x
EVTOPTB_ZE_13051;I can't stand it sometimes!;Parfois, je ne peux pas le supporter !;Ich finde das manchmal unerträglich.;;¡A veces no puedo soportarlo!;;;;;;;;;x
EVTOPTB_ZE_13052;I should resist the temptation to intervene.;Je devrais résister à la tentation d'intervenir.;Ich darf nicht der Versuchung nachgeben, mich einzumischen.;;Debo resistir la tentación de intervenir.;;;;;;;;;x
EVTOPTB_ZE_13054;It would be wrong to not care!;Ce serait une mauvaise chose de ne pas s'en préoccuper.;Es wäre falsch, es zu ignorieren!;;¡Sería un error no preocuparse!;;;;;;;;;x
EVTOPTB_ZE_13061;It's true of almost everyhing, really.;C'est réellement la vérité pour à peu près tout.;Das ist bei beinahe allem der Fall.;;Es cierto casi todo, realmente.;;;;;;;;;x
EVTOPTB_ZE_13062;Ah, the young will be as they are!;Ah, la jeunesse est ce qu'elle est !;Ach, die Jugend wird ihren Weg schon finden.;;¡Ah, los jóvenes serán como sean!;;;;;;;;;x
EVTOPTB_ZE_13064;I'd rather give them my things.;Je préfèrerais leur donner mes affaires.;Nein, das kommt nicht infrage.;;Prefiero darles mis cosas.;;;;;;;;;x
EVTOPTB_ZE_13071;I pull the strings.;Je tire les ficelles.;Ich bin der Chef der Manege.;;Tiro de las cuerdas.;;;;;;;;;x
EVTOPTB_ZE_13072;I'm sure [From.GetSheHe] will suffer in life.;Sa vie sans nul doute sera remplie de souffrance.;Ich glaube, [From.GetSheHe] wird es im Leben nicht leicht haben.;;Estoy seguro de que [From.GetSheHe] sufrirá en la vida.;;;;;;;;;x
EVTOPTB_ZE_13074;I'll speak of [From.GetHerHis] cruelty to everyone!;Je parlerai de sa cruauté à tout le monde !;Ich werde jedem von der Grausamkeit dieses Kindes erzählen!;;¡Hablaré de [From.GetHerHis] su crueldad a todo el mundo!;;;;;;;;;x
EVTOPTB_ZE_13081;Self-control is the first step to greatness.;La maîtrise de soi est le premier pas vers la grandeur.;Selbstbeherrschung ist der erste Schritt zu wahrer Größe.;;El autocontrol es el primer paso a la grandeza.;;;;;;;;;x
EVTOPTB_ZE_13082;Life will reward [From.GetHerHim].;La vie le lui rendra bien.;Das Leben wird das Kind belohnen.;;La vida [From.GetHerHim] recompensará.;;;;;;;;;x
EVTOPTB_ZE_13084;I already know what I want to do.;Je sais déjà ce que je veux faire.;Ich weiß auch so, was ich tun möchte.;;Ya sé lo que quiero hacer.;;;;;;;;;x
EVTOPTB_ZE_13091;They are so shiny.;Elles sont tellement brillantes.;Sie glänzen so schön.;;Son tan brillantes.;;;;;;;;;x
EVTOPTB_ZE_13092;[From.GetSheHeCap] is a busy soul, just like me.;[From.GetIlElleCap] n'a pas une minute de répit, tout comme moi.;[From.GetSheHeCap] ist eine eifrige Seele, genau wie ich.;;[From.GetSheHeCap]es una persona ocupada, al igual que yo.;;;;;;;;;x
EVTOPTB_ZE_13094;Now, don't be hasty, [From.GetLordLady] [From.GetFirstName].;Allons, allons, pas de précipitation, [From.GetFirstName].;Nur keine Hast, [From.GetLordLady] [From.GetFirstName].;;No tengáis prisa, [From.GetLordLady] [From.GetFirstName].;;;;;;;;;x
EVTOPTB_ZE_13101;We are all the same, I guess.;Nous sommes tous pareils, je suppose.;Wir sind eben doch nicht so verschieden, vermutlich.;;Todos somos iguales, supongo.;;;;;;;;;x
EVTOPTB_ZE_13102;Boys will be boys.;Il faut que jeunesse se passe.;Jungs bleiben eben Jungs.;;Los chicos son así.;;;;;;;;;x
EVTOPTB_ZE_13104;But they are fools!;Mais ce sont des idiots !;Was für Dummköpfe!;;¡Pero son estúpidos!;;;;;;;;;x
EVTOPTB_ZE_13111;Only from knowledge comes true strength.;La véritable force ne peut provenir que de la connaissance.;Nur Wissen bringt wahre Stärke hervor.;;La auténtica fuerza provienen del conocimiento.;;;;;;;;;x
EVTOPTB_ZE_13112;What a lovely child!;Que[From.GetLLle] adorable enfant !;Was für ein nettes Kind!;;¡Qué niñ[From.GetOA] tan encantador[From.GetXA]!;;;;;;;;;x
EVTOPTB_ZE_13114;No, [Root.Religion.GetRandomGodName] is the greatest!;Non, [Root.Religion.GetRandomGodName] est le plus grand !;Nein, niemand ist größer als [Root.Religion.GetRandomGodName]!;;¡No, [Root.Religion.GetRandomGodName] es grande!;;;;;;;;;x
EVTOPTB_ZE_13610;...the Carpenter's daughter.;... la fille du charpentier.;... der Tochter des Tischlers.;;... la hija del carpintero.;;;;;;;;;x
EVTOPTB_ZE_13610_MALE;...the Farrier's apprentice.;... l'apprenti du maréchal-ferrant.;... dem Gehilfen des Hufschmieds.;;... el aprendiz del herrero.;;;;;;;;;x
EVTOPTB_ZE_13611_CARP;Kiss her on the cheek.;L'embrasser sur la joue.;Ich küsse sie auf die Wange.;;La beso en la mejilla.;;;;;;;;;x
EVTOPTB_ZE_13611_FERR;Kiss him on the cheek.;L'embrasser sur la joue.;Ich küsse ihn auf die Wange.;;Le beso en la mejilla.;;;;;;;;;x
EVTOPTB_ZE_13620;Being sociable is key.;Le savoir-vivre est la clef.;Kontaktfreudigkeit ist der Schlüssel.;;Ser sociable es clave.;;;;;;;;;x
EVTOPTB_ZE_13621;I'll have to toughen [From.GetHerHim] up...;Je vais devoir l'endurcir...;Ich muss [From.GetHerHim] abhärten ...;;Tendré que endurecer[From.GetHerHim]...;;;;;;;;;x
EVTOPTB_ZE_13622;Self-restraint, a life of moderation.;Retenue et modération, un art de vivre.;Zurückhaltung, ein moderates Leben.;;Dominio de uno mismo, una vida de moderación.;;;;;;;;;x
EVTOPTB_ZE_13623;Others may try to trick you.;D'autres essaieront de vous duper.;Andere werden versuchen, Euch reinzulegen.;;Otros pueden tratar de engañarte.;;;;;;;;;x
EVTOPTB_ZE_13624;Don't be distracted by lust.;La luxure ne doit pas vous distraire.;Lasst Euch nicht von der Lust ablenken.;;Que la lujuria no te distraiga.;;;;;;;;;x
EVTOPTB_ZE_13625;Be thorough, make others count on you.;Faire preuve de rigueur, se rendre indispensable.;Seid gewissenhaft, lasst andere auf Euch zählen.;;Ser minucioso, hacer que los demás cuenten contigo;;;;;;;;;x
EVTOPTB_ZE_13700;[lustful_target.GetFirstName], kissing me.;À [lustful_target.GetFirstName] m'embrassant.;Von [lustful_target.GetFirstName] und dass wir uns küssten.;;[lustful_target.GetFirstName], besándome.;;;;;;;;;x
EVTOPTB_ZE_13701;[Root.GetSheHeCap] is the one for me.;[Root.GetIlElleCap] est mon âme soeur.;[Root.GetSheHeCap] ist für mich bestimmt.;;No hay nadie más que [Root.GetSheHe] para mí.;;;;;;;;;x
EVTOPTB_ZE_13702;[lustful_target.GetSheHeCap] gets me all excited.;[lustful_target.GetIlElleCap] provoque chez moi une profonde émotion.;[lustful_target.GetSheHeCap] ist atemberaubend.;;[lustful_target.GetSheHeCap] consigue excitarme.;;;;;;;;;x
EVTOPTB_ZE_13703;Maybe it will change with time.;Peut-être que ça va passer.;Vielleicht wird es mit der Zeit besser.;;Tal vez cambiará con el tiempo.;;;;;;;;;x

EVTOPTC_ZE_13001;If they protest I will crush them.;S'ils protestent, je les écraserai.;Wenn sie protestieren, werde ich sie zermalmen.;;Si protestan, los aplastaré.;;;;;;;;;x
EVTOPTC_ZE_13004;Yes, [From.GetTitledFirstName]'.;« Oui, [From.GetTitledFirstName]. »;Ja, [From.GetTitledFirstName].;;Sí, [From.GetTitledFirstName].';;;;;;;;;x
EVTOPTC_ZE_13011;Why would anyone want to harm me?;Pourquoi quiconque me voudrait-il du mal ?;Warum würde mir jemand schaden wollen?;;¿Por qué alguien querría hacerme daño?;;;;;;;;;x
EVTOPTC_ZE_13014;I help when I can, but rarely see a need.;J'aide quand je le peux, mais j'en vois rarement le besoin.;Ich helfe, wo ich kann, aber meistens gibt es keine Veranlassung.;;Ayudo cuando puedo, pero raramente veo una necesidad.;;;;;;;;;x
EVTOPTC_ZE_13021;Only the foolish take risks.;Seuls les inconscients prennent des risques.;Nur Dummköpfe nehmen Risiken in Kauf.;;Sólo los tontos toman riesgos.;;;;;;;;;x
EVTOPTC_ZE_13024;I'd rather be myself by myself.;Je préfèrerais apprendre à être moi-même par moi-même.;Ich würde lieber selbst bestimmen, wer ich sein möchte.;;Prefiero ser yo mism[Root.GetOA] por mí mism[Root.GetOA].;;;;;;;;;x
EVTOPTC_ZE_13031;Thinking was never my strong side anyway!;De toute façon, la réflexion n'a jamais été mon fort !;Nachzudenken, war ohnehin nie meine Stärke!;;¡De todas maneras, pensar nunca ha sido mi lado fuerte!;;;;;;;;;x
EVTOPTC_ZE_13034;Honestly, I don't care.;Honnêtement, je n'en ai que faire !;Um ehrlich zu sein, das kümmert mich nicht.;;Sinceramente, no me importa.;;;;;;;;;x
EVTOPTC_ZE_13041;I was just born stubborn.;L'entêtement est naturel chez moi.;Ich bin eben als Sturkopf geboren.;;Nací testarudo.;;;;;;;;;x
EVTOPTC_ZE_13044;I have nothing yet, but [Root.GetSheHe] who dares wins!;Je n'ai rien pour l'instant, mais la fortune sourit aux audacieux !;Noch habe ich nichts. Aber wer wagt, gewinnt!;;¡Aún no tengo nada aún, pero solo [Root.GetSheHe] que se atreve gana!;;;;;;;;;x
EVTOPTC_ZE_13051;It should all be mine.;Tout ça devrait m'appartenir.;Es sollte alles mir gehören.;;Todo debería ser mío.;;;;;;;;;x
EVTOPTC_ZE_13054;I don't care what that [GetRootFromInsult] thinks!;Je n'ai que faire de ce que pense c[From.GetEEtte] [GetRootFromInsultNounAdj] !;Es interessiert mich nicht, was andere denken!;;¡No me preocupa lo que ese [GetRootFromInsult] piense!;;;;;;;;;x
EVTOPTC_ZE_13061;It is truly the ultimate good in life.;C'est vraiment la meilleure chose dans la vie.;Das ist wirklich das Höchste und Beste im Leben.;;Es realmente el mayor bien de la vida.;;;;;;;;;x
EVTOPTC_ZE_13064;Why bother?;A quoi bon ?;Wozu sollte das gut sein?;;¿Para qué molestarse?;;;;;;;;;x
EVTOPTC_ZE_13071;The world is made of pixie dust!;Le monde est fait de poussière de fée !;Die Welt ist besser als jedes Märchen!;;¡El mundo está hecho de polvos mágicos!;;;;;;;;;x
EVTOPTC_ZE_13074;I'll let [From.GetHerHim] think it's working.;Je vais lui laisser penser que ça fonctionne.;Ich werde [From.Getihmihr] vormachen, dass es funktioniert.;;[From.GetHerHim] dejaré creer que funciona.;;;;;;;;;x
EVTOPTC_ZE_13084;It's not wise to be overly zealous.;Ce n'est pas très malin de faire de l'excès de zèle.;Es zeugt nicht von Weisheit, allzu eifrig zu sein.;;No es prudente ser demasiado entregado. ;;;;;;;;;x
EVTOPTC_ZE_13091;I must be wary of their envy.;Je dois être méfiant vis-à-vis de leur envie.;Ich muss mich vor den Neidern hüten.;;Debo tener cuidado con su envidia.;;;;;;;;;x
EVTOPTC_ZE_13094;But gold is so pretty!;Mais l'or est tellement beau !;Aber Gold glänzt doch so schön!;;¡Pero el oro es tan bonito!;;;;;;;;;x
EVTOPTC_ZE_13101;It feels great to learn!;J'adore apprendre !;Es fühlt sich toll an, etwas zu lernen!;;¡Es maravilloso aprender!;;;;;;;;;x
EVTOPTC_ZE_13102;Girls will be girls.;Il faut que jeunesse se passe.;Mädchen bleiben eben Mädchen.;;Las chicas son así.;;;;;;;;;x
EVTOPTC_ZE_13104;Is [From.GetSheHe] not interested in the world at all?;[From.GetIlElleCap] ne s'intéresse pas au monde du tout ?;Hat [From.GetSheHe] denn gar kein Interesse an der Welt?;;¿Es que a [From.GetSheHe] no le interesa el mundo para nada?;;;;;;;;;x
EVTOPTC_ZE_13111;They strike me with awe.;Ils m'émerveillent.;Sie erfüllen mich mit Ehrfurcht.;;Me golpean con asombro.;;;;;;;;;x
EVTOPTC_ZE_13114;I shall love them when they have something interesting to say.;Je les aimerai une fois qu'ils auront quelque chose d'intéressant à dire.;Ich werde ihnen dann meine Gunst schenken, wenn sie etwas Erhellendes beizutragen haben.;;Los amaré cuando tengan algo interesante que decir.;;;;;;;;;x
EVTOPTC_ZE_13610;...no, I had better keep these thoughts for myself.;... non, je devrais garder ces pensées pour moi.;... nein, ich muss diese Gedanken für mich behalten.;;... no, debería guardar estos pensamientos para mí.;;;;;;;;;x
EVTOPTC_ZE_13611_CARP;Suggest a secluded cuddle inside the barn.;Suggérer un câlin en cachette dans la grange.;Ich schlage vor, uns demnächst zum Kuscheln im Schuppen zu treffen.;;Sugerir unos arrumacos a escondidas dentro del granero.;;;;;;;;;x
EVTOPTC_ZE_13611_FERR;Suggest a secluded cuddle inside the barn.;Suggérer un câlin en cachette dans la grange.;Ich schlage vor, uns demnächst zum Kuscheln im Schuppen zu treffen.;;Sugerir unos arrumacos a escondidas dentro del granero.;;;;;;;;;x
EVTOPTC_ZE_13620;[From.GetFirstName] must learn on [From.GetHerHis] own.;[From.GetFirstName] doit apprendre par [From.GetLuiElle]-même.;[From.GetFirstName] muss es alleine lernen.;;[From.GetFirstName] debe aprender por [From.GetHerHis] sol[From.GetOA].;;;;;;;;;x
EVTOPTC_ZE_13625;Make your move at the right time.;Agir au moment opportun.;Macht Euren Zug zur rechten Zeit.;;Hacer tus movimientos en el momento adecuado.;;;;;;;;;x
EVTOPTC_ZE_13700;Whatever it was is not important.;C'était sans importance.;Was es auch gewesen sein mag, es ist nicht wichtig.;;Fuera lo que fuera, no sería demasiado importante.;;;;;;;;;x
EVTOPTC_ZE_13701;If I see [Root.GetHerHim] again we'll have some fun.;Si nous nous revoyons, nous nous amuserons.;Wenn ich [Root.GetHerHim] wiedersehe, werden wir fröhliche Stunden erleben.;;Si [Root.GetHerHim] veo de nuevo, pasaremos un buen rato.;;;;;;;;;x

EVTOPTD_ZE_13004;[From.GetSheHeCap]'ll be lucky if I don't poison [From.GetHerHis] food.;[From.GetIlElleCap] aura de la chance si je n'empoisonne pas sa nourriture.;[From.GetSheHeCap] kann froh sein, wenn ich in [From.GetHerHis] Essen kein Gift träufle.;;[From.GetSheHeCap] tendrá suerte si no enveneno [From.GetHerHis] comida.;;;;;;;;;x
EVTOPTD_ZE_13014;But the [Root.TopLiege.GetTitle] provides for all, surely?;Mais [Root.TopLiege.Get_only_le_Title][Root.TopLiege.GetTitle] subvient certainement aux besoins de tout un chacun, non ?;Aber [Root.TopLiege.GetTitle] sorgt doch für uns alle, oder nicht?;;Pero [Root.TopLiege.GetTitle] provee para todos, ¿no?;;;;;;;;;x
EVTOPTD_ZE_13024;There is nothing wrong with being cautious.;La prudence est une vertu.;Es ist bestimmt nicht falsch, vorsichtig zu sein.;;No hay nada malo en ser prudente.;;;;;;;;;x
EVTOPTD_ZE_13034;I don't even know what that means.;Je ne sais même pas ce que ça signifie.;Ich weiß nicht einmal, was damit gemeint sein soll.;;Ni siquiera sé lo que significa.;;;;;;;;;x
EVTOPTD_ZE_13044;I'll decide for myself, thank you.;Je me ferai ma propre opinion, merci.;Das entscheide ich selbst. Vielen Dank.;;Decidiré por mí mismo, gracias.;;;;;;;;;x
EVTOPTD_ZE_13054;That's easy for [From.GetHerHim] to say!;Facile à dire pour [From.GetLuiElle] !;Das ist leichter gesagt als getan!;;¡Es fácil decirlo para [From.GetHerHim]!;;;;;;;;;x
EVTOPTD_ZE_13064;I'd rather not talk with food in my mouth.;Je préfère ne pas parler la bouche pleine.;Und mit vollem Munde sprechen? Niemals.;;Preferiría no hablar mientras como.;;;;;;;;;x
EVTOPTD_ZE_13074;But I was invisible the whole time.;Mais j'étais invisible tout le long.;Aber ich war doch die ganze Zeit unsichtbar.;;Pero si era invisible todo el rato.;;;;;;;;;x
EVTOPTD_ZE_13094;But they hate me!;Mais ils me détestent !;Aber sie hassen mich!;;¡Pero me odian!;;;;;;;;;x
EVTOPTD_ZE_13104;Too clever for [From.GetHerHim], maybe.;Trop fébrile pour [From.GetLuiElle], peut-être.;Schlauer als [From.GetSheHe] ganz bestimmt.;;Demasiado inteligente para [From.GetHerHim], tal vez.;;;;;;;;;x
EVTOPTD_ZE_13114;I'm fine.;Tout va bien !;Mit mir ist alles in Ordnung.;;Me encuentro bien.;;;;;;;;;x
EVTOPTD_ZE_13610;...no, these feelings are wrong!;... non, ces sentiments ne sont pas bons !;... nein, diese Gefühle sind falsch!;;... ¡no, estos sentimientos son incorrectos!;;;;;;;;;x
EVTOPTD_ZE_13700;I should just try to get to sleep.;Je ferais mieux de me recoucher.;Ich sollte versuchen, weiterzuschlafen.;;Tendría que intentar dormir.;;;;;;;;;x
EVTOPTD_ZE_13701;I shouldn't. It's a sin.;Je ne devrais pas. C'est un péché !;Ich sollte das nicht denken. Es ist Sünde.;;Yo no debería. Es un pecado.;;;;;;;;;x
