EVTDESC_RIP_13001;Word is going around that since the epidemic came to [capital.GetName] we have seen an increase in cats. Our people are sure the cats are helping the spread of disease.;Des rumeurs disent que depuis que l'épidémie s'est répandue en [capital.GetName], nous avons une augmentation des cas chez les chats. Notre peuple est persuadé que les chats aident à répandre la maladie.;Seitdem die Epidemie [capital.GetName] erreicht hat, soll es auch mehr Katzen geben. Das Volk ist davon überzeugt, dass die Katzen eine Rolle bei der Verbreitung der Seuche spielen.;;Se cuenta que desde que la epidemia llegó a [Capital.GetName], se ha visto un aumento de gatos. Nuestra gente está segura que los gatos ayudan a la propagación de la enfermedad.;;;;;;;;;x
EVTDESC_RIP_13002;[cat_examiner.GetFirstName] reports that apart from showing disapproval of their capture, most of the cats seemed calm and healthy. Only a few show symptoms of illness, it is unlikely that cats are the cause.;[cat_examiner.GetFirstName] vous annonce qu'à part manifester leur désapprobation pour leur capture, la plupart des chats semblent calmes et en bonne santé. Quelques-uns montrent des symptômes de maladie, il est donc improbable que les chats soient la cause de l'épidémie.;[cat_examiner.GetFirstName] berichtet, dass sich die meisten der Katzen zwar nicht gerne einfangen lassen, sie ansonsten aber ruhig und gesund wirken. Nur einige wenige Katzen zeigen Symptome der Krankheit, es ist also unwahrscheinlich, dass sie der Auslöser sind.;;[cat_examiner.GetFirstName] informa que aparte de estar descontentos con su captura, la mayoría de los gatos parecen tranquilos y sanos. Solo unos pocos muestran síntomas de enfermedad, así que es improbable que los gatos sean la causa.;;;;;;;;;x
EVTDESC_RIP_13003;Complaints about the cats will not end, an angry mob has gathered claiming that cats are the bringers of bad luck and cannot be allowed to roam the streets.;Les plaintes au sujet des chats ne cesseront pas, une foule en colère prétendant que les chats sont porteurs de malheurs et qu'ils ne devraient pas errer dans les rues s'est rassemblée.;Die Beschwerden über Katzen reißen nicht ab. Eine wütende Menschenmenge hat sich versammelt und behauptet, Katzen würden Unglück bringen und dürften nicht frei herumlaufen.;;Las quejas sobre los gatos no paran. Se ha reunido una multitud furiosa clamando que los catos traen mala suerte y que no se pueden dejar sueltos por las calles.;;;;;;;;;x
EVTDESC_RIP_13004;[worried_courtier.GetFirstName] has gotten the news of my decision to remove all the cats. 'Surely cats that are perfectly healthy should not be harmed, I could not accept that!' [worried_courtier.GetSheHe] says.;[worried_courtier.GetFirstName] a eu connaissance de votre décision de tuer tous les chats. « Les chats qui sont en parfaite santé ne devraient pas être tués », vous dit-[worried_courtier.GetIlElle].;[worried_courtier.GetFirstName] hat von meinem Beschluss gehört, alle Katzen beseitigen zu lassen und sagt: Völlig gesunde Katzen sollten doch aber nicht getötet werden, das kann ich einfach nicht hinnehmen!;;[worried_courtier.GetFirstName] se ha enterado de mi decisión de acabar con todos los gatos. 'Pero no hay que dañar a los gatos que estén perfectamente sanos, ¡no lo aceptaría!' dice [worried_courtier.GetElElla].;;;;;;;;;x
EVTDESC_RIP_13005;[worried_courtier.GetFirstName] should have taken care of hiding [worried_courtier.GetHerHis] feline friends. They have been spotted by others and now the people are furious this was kept secret.;[worried_courtier.GetFirstName] aurait dû prendre soin de cacher ses amis félins. Ils ont été repérés et à présent le peuple est furieux que cela ait été gardé secret.;[worried_courtier.GetFirstName] hätte besser auf die Katzen aufpassen sollen. Andere am Hof haben sie entdeckt und sind darüber aufgebracht, dass die Anwesenheit der Katzen geheim gehalten wurde.;;[worried_courtier.GetFirstName] debería haber ocultado a sus amigos felinos. Otros los han visto y ahora la gente está furiosa de haberles ocultado esto.;;;;;;;;;x
EVTDESC_RIP_13006;One of the examined cats seems to have taken a liking to you, a sweet meow whenever you pass by their cages and a soft purr whenever you come close.;L'un des chats examinés semble avoir pris goût à vous, un doux miaulement se fait en effet entendre lorsque vous traversez la pièce et un doux ronronnement dès que vous vous approchez.;Eine der untersuchten Katzen scheint sehr an Euch zu hängen. Wann immer Ihr am Käfig vorbeigeht, miaut sie lieblich, und wenn Ihr Euch nähert, schnurrt sie sanft.;;Parece que le has gustado a uno de los gatos examinados, maúlla dulcemente cada vez que pasas por delante de sus celdas y ronronea con suavidad cuando te acercas.;;;;;;;;;x
EVTDESC_RIP_13007;[From.GetTitledName] has called for all cats to be terminated, as you enjoy your time with the cats around the court, this would be horribly upsetting.;[From.Get_Le_TitledName] a demandé à ce que tous les chats soient tués. Dans la mesure où vous prenez plaisir à la Cour à passer du temps avec les chats des environs, ce serait très bouleversant.;[From.GetTitledName] hat die Auslöschung aller Katzen angeordnet. Da Ihr gerne Zeit mit den Katzen am Hof verbringt, wäre dies wirklich überaus schrecklich.;;[From.GetTitledName] has exigido que todos los gatos sean exterminados, y para ti que estabas disfrutando con los gatos en la corte, esto te resultaría horrible.;;;;;;;;;x
EVTDESC_RIP_13008;[From.GetTitledName] refused to make an exception.;[From.Get_Le_TitledName] a refusé de faire une exception.;[From.GetTitledName] hat sich geweigert, eine Ausnahme zu machen!;;[From.GetTitledName] se negó hacer una excepción.;;;;;;;;;x
EVTDESC_RIP_13009;[From.GetTitledName] agreed to let me keep the cats, in exchange for a favor.;[From.Get_Le_TitledName] est d'accord pour que je garde les chats, contre une faveur.;[From.GetTitledName] hat mir erlaubt, die Katzen zu behalten, im Tausch gegen einen Gefallen.;;[From.GetTitledName] acepta que me quede con los gatos, a cambio de un favor.;;;;;;;;;x
EVTDESC_RIP_13010;After months of chatter about cats it appears as if the common people are now focusing on other things.;Après des mois de bavardages sur les chats, le peuple se concentre à présent sur d'autres choses.;Nach monatelangem Geplapper über Katzen scheint sich das einfache Volk nun auf andere Dinge zu konzentrieren.;;Tras meses de hablar sobre los gatos, parece que la gente ahora se centra en otras cosas.;;;;;;;;;x
EVTDESC_RIP_13011;Dissatisfied with my actions in the matter, the peasants have come with demands of not only the removal of all cats, but also additional tax refunds as compensation for me neglecting them earlier.;Mécontents de mes actions, les paysans demandent l'élimination de tous les chats, en plus du remboursement d'une partie de l'impôt en compensation de ma négligence.;Da die Bauern mit meiner Vorgehensweise in dieser Angelegenheit unzufrieden waren, fordern sie nun nicht mehr nur die Auslöschung aller Katzen, sondern auch Steuerrückerstattungen als Wiedergutmachung dafür, dass ich sie zuvor ignorierte.;;Descontentos con mis acciones sobre el tema, los campesinos han venido con la exigencia de no solo acabar con todos los gatos, sino que se devuelvan más dinero de los impuestos para compensarles por no haberles atendido antes.;;;;;;;;;x
EVTDESC_RIP_13500;My court [Root.Religion.GetPriestTitle] informs that there is unrest within my borders. The recent outbreak of disease has made people worry that it is the wrath of [Root.Religion.GetRandomEvilGodName]. Some are even saying that it's my fault, for not going to temple more often.;Mon [Root.Religion.GetPriestTitle] de la Cour m'informe qu'il y a de l'agitation à l'intérieur de nos frontières. Le peuple craint que la récente épidémie ne soit le fruit de la colère ressentie par [Root.Religion.GetRandomEvilGodName]. Certains disent même que c'est de ma faute, parce que je ne me rendrais pas au temple assez souvent.;Der [Root.Religion.GetPriestTitle] am Hof lässt mich wissen, dass es Unruhe innerhalb meiner Grenzen gibt. Die kürzlich ausgebrochene Seuche lässt die Menschen denken, der Zorn von [Root.Religion.GetRandomEvilGodName] sei über uns gekommen. Einige geben sogar mir die Schuld und meinen, ich sei nicht oft genug im Tempel gewesen.;;El [Root.Religion.GetPriestTitle] de la corte me informa que hay descontento dentro de mis fronteras. El reciente estallido de la enfermedad ha hecho que a la gente le preocupe si se tratará de la ira de [Root.Religion.GetRandomEvilGodName]. Algunos hasta dicen que es culpa mía, por no ir al templo más a menudo.;;;;;;;;;x
EVTDESC_RIP_13501_A;I place the holy basil on the steps of the temple. I light the diya and I recite the mantras of Shiva's enlightenment. My subjects have noticed the regularity with which I see to the rituals, but most importantly I feel reconnected with my patron god, the fair Shiva.;Je dépose le saint basilic sur les marches du temple. J'allume les lampes diya et je récite les mantras de l'Illumination de l'équitable Shiva. Mes sujets ont remarqué la régularité avec laquelle j'organise les rituels, mais plus important encore, je me sens de nouveau en contact avec mon dieu protecteur Shiva.;Ich streue heiliges Basilikum auf die Stufen des Tempels, entzünde die Diya und rezitiere die Mantras von Schivas Erleuchtung. Meine Untertanen haben bemerkt, wie regelmäßig ich die Riten feiere, aber was am wichtigsten ist, so fühle ich mich verbunden mit dem Gott meines Hauses, dem anmutigen Schiva.;;Sitúo la albahaca sagrada en los escalones del templo. Enciendo la diya y recito los mantras de iluminación de Shiva. Mis súbditos han notado la regularidad con la que cumplo con los rituales, pero más importante aún, siento que he vuelto a conectar con mi dios patrón, el justo Shiva.;;;;;;;;;x
EVTDESC_RIP_13501_B;I place the holy basil on the steps of the temple. I light the diya and I recite the holy words of Vishnu. My subjects have noticed the regularity with which I see to the rituals, but most importantly I feel reconnected with my patron god, Vishnu, the Protector.;Je dépose le saint basilic sur les marches du temple. J'allume les lampes diya et je récite les mots sacrés de Vishnou. Mes sujets ont remarqué la régularité avec laquelle j'organise les rituels, mais plus important encore, je me sens de nouveau en contact avec mon dieu protecteur Vishnou.;Ich streue heiliges Basilikum auf die Stufen des Tempels, entzünde die Diya und rezitiere die heiligen Worte Wischnus. Meine Untertanen haben bemerkt, wie regelmäßig ich die Riten feiere, aber was am wichtigsten ist, so fühle ich mich verbunden mit dem Gott meines Hauses, dem mich schützenden Wischnu.;;Sitúo la albahaca sagrada en los escalones del templo. Enciendo la diya y recito los mantras de iluminación de Shiva. Mis súbditos han notado la regularidad con la que cumplo con los rituales, pero más importante aún, siento que he vuelto a conectar con mi dios patrón, Visnú, el protector.;;;;;;;;;x
EVTDESC_RIP_13501_C;I place the holy basil on the steps of the temple. I light the diya and I focus my emotions on Brahma, the creator. My subjects have noticed the regularity with which I see to the rituals, but most importantly I feel reconnected with my patron god, the mighty Brahma.;Je dépose le saint basilic sur les marches du temple. J'allume les lampes diya et je me concentre sur Brahma le Créateur. Mes sujets ont remarqué la régularité avec laquelle j'organise les rituels, mais plus important encore, je me sens de nouveau en contact avec mon dieu protecteur, le Puissant Brahma.;Ich streue heiliges Basilikum auf die Stufen des Tempels, entzünde die Diya und konzentriere meine Emotionen auf Brahma, den Schöpfer. Meine Untertanen haben bemerkt, wie regelmäßig ich die Riten feiere, aber was am wichtigsten ist, so fühle ich mich verbunden mit dem Gott meines Hauses, dem mächtigen Brahma.;;Sitúo la albahaca sagrada en los escalones del templo. Enciendo la diya y concentro mis emociones en Brahma, el creador. Mis súbditos han notado la regularidad con la que cumplo con los rituales, pero más importante aún, siento que he vuelto a conectar con mi dios patrón, el poderoso Brahma.;;;;;;;;;x
EVTDESC_RIP_13501_D;I place the holy basil on the steps of the temple. I light the diya and I recite the chant of Kali. My subjects have noticed the regularity with which I see to the rituals, but most importantly I feel reconnected with my patron god, Kali, the Goddess of Time.;Je dépose le saint basilic sur les marches du temple. J'allume les lampes diya et je récite le chant de Kali. Mes sujets ont remarqué la régularité avec laquelle j'organise les rituels, mais plus important encore, je me sens de nouveau en contact avec ma déesse protectrice, Kali, la déesse du Temps.;Ich streue heiliges Basilikum auf die Stufen des Tempels, entzünde die Diya und rezitiere den Gesang Kalis. Meine Untertanen haben bemerkt, wie regelmäßig ich die Riten feiere, aber was am wichtigsten ist, so fühle ich mich verbunden mit dem Gott meines Hauses, mit Kali, der Göttin der Zeit.;;Sitúo la albahaca sagrada en los escalones del templo. Enciendo la diya y recito el canto de Kali. Mis súbditos han notado la regularidad con la que cumplo con los rituales, pero más importante aún, siento que he vuelto a conectar con mi diosa patrona, Kali, la diosa del tiempo.;;;;;;;;;x
EVTDESC_RIP_13501_E;I place the holy basil on the steps of the temple. I light the diya and I recite the mantras of Ganesha. My subjects have noticed the regularity with which I see to the rituals, but most importantly I feel reconnected with my patron god, the wise Ganesha.;Je dépose le saint basilic sur les marches du temple. J'allume les lampes diya et je récite les mantras de Ganesh. Mes sujets ont remarqué la régularité avec laquelle j'organise les rituels, mais plus important encore, je me sens de nouveau en contact avec mon dieu protecteur, le sage Ganesh.;Ich streue heiliges Basilikum auf die Stufen des Tempels, entzünde die Diya und rezitiere die Mantras Ganeshas. Meine Untertanen haben bemerkt, wie regelmäßig ich die Riten feiere, aber was am wichtigsten ist, so fühle ich mich verbunden mit dem Gott meines Hauses, dem weisen Ganesha.;;Sitúo la albahaca sagrada en los escalones del templo. Enciendo la diya y recito los mantras de Ganesha. Mis súbditos han notado la regularidad con la que cumplo con los rituales, pero más importante aún, siento que he vuelto a conectar con mi dios patrón, el sabio Ganesha.;;;;;;;;;x
EVTDESC_RIP_13501_F;I place the holy basil on the steps of the temple. I light the diya and I recite the mantras. My subjects have noticed the regularity with which I see to the rituals, but most importantly I feel reconnected with my patron god, the holy Ganga.;Je dépose le saint basilic sur les marches du temple. J'allume les lampes diya et je récite les mantras de Gangâ. Mes sujets ont remarqué la régularité avec laquelle j'organise les rituels, mais plus important encore, je me sens de nouveau en contact avec ma déesse protectrice Gangâ.;Ich streue heiliges Basilikum auf die Stufen des Tempels, entzünde die Diya und rezitiere die Mantras. Meine Untertanen haben bemerkt, wie regelmäßig ich die Riten feiere, aber was am wichtigsten ist, so fühle ich mich verbunden mit dem Gott meines Hauses, der heiligen Ganga.;;Sitúo la albahaca sagrada en los escalones del templo. Enciendo la diya y recito los mantras. Mis súbditos han notado la regularidad con la que cumplo con los rituales, pero más importante aún, siento que he vuelto a conectar con mi diosa patrona, la sagrada Ganga.;;;;;;;;;x
EVTDESC_RIP_13501_G;I place the holy basil on the steps of the temple. I light the diya and I recite the mantra of [Root.Religion.GetHighGodName]. My subjects have noticed the regularity with which I see to the rituals, but most importantly I feel reconnected with the gods.;Je dépose le saint basilic sur les marches du temple. J'allume les lampes diya et je récite les mantras enseignés par [Root.Get_le_HighGod]. Mes sujets ont remarqué la régularité avec laquelle j'organise les rituels, mais plus important encore, je me sens de nouveau en contact avec les dieux.;Ich streue heiliges Basilikum auf die Stufen des Tempels, entzünde die Diya und rezitiere die Mantras von [Root.Religion.GetHighGodName]. Meine Untertanen haben bemerkt, wie regelmäßig ich die Riten feiere, aber was am wichtigsten ist, so fühle ich mich aufs Neue mit den Göttern verbunden.;;Sitúo la albahaca sagrada en los escalones del templo. Enciendo la diya y recito el mantra de [Root.Religion.GetHighGodName]. Mis súbditos han notado la regularidad con la que cumplo con los rituales, pero más importante aún, siento que he vuelto a conectar con los dioses.;;;;;;;;;x
EVTDESC_RIP_13502;My agent's regular visits to the temple has placated the commoners. I sometimes wonder what [Root.Religion.GetHighGodName] thinks of me for deceiving my people this way, but my council agrees - it would do no one good if the [Root.GetTitle] fell ill.;Les visites régulières de mon agent au temple ont calmé les roturiers. Je me demande parfois ce que [Root.Get_le_HighGod] pense de moi pour avoir ainsi dupé mon peuple. Cependant, mon Conseil acquiesce - ce ne serait pas bon si leur [Root.GetTitle] tombait malade.;Die Besuche meines Stellvertreters haben das einfache Volk zufriedengestellt. Manchmal frage ich mich, was [Root.Religion.GetHighGodName] angesichts dieses Schwindels von mir denkt, aber der Rat ist auf meiner Seite. Es würde niemandem nützen, wenn [Root.Getderdie] [Root.GetTitle] einer Krankheit zum Opfer fiele.;;Las visitas regulares de mi agente al templo han aplacado a los plebeyos. A veces me pregunto qué pensará [Root.Religion.GetHighGodName] de mí por engañar a mi pueblo de este modo, pero mi consejo está de acuerdo -no ayudaría a nadie que [Root.GetElLa] [Root.GetTitle] cayese enferm[Root.GetOA].;;;;;;;;;x
EVTDESC_RIP_13503;In the face of the misery tormenting our lands, the people of [Root.Capital.GetName] have found a new faith in me, their pious [Root.GetTitle]. One family has even sent their only child to be my servant, would I wish it - in their eyes they would be serving [Root.Religion.GetHighGodName].;Malgré la misère qui tourmente nos terres, les habitants de [Root.Capital.GetName] ont de nouveau foi en moi, leur pieu[Root.GetXSe] [Root.GetTitle]. Une famille a même envoyé leur seul enfant pour qu'il devienne mon domestique, si je le souhaite. À leurs yeux, ils servent [Root.Get_le_HighGod].;In Reaktion auf das Unglück, das unser Land heimsucht, hat sich der Glaube, den das Volk von [Root.Capital.GetName] in mich, ihre[Root.GetnMale] fromme[Root.GetnMale] [Root.GetTitle] setzt, erneuert. Eine Familie hat sogar angeboten, ihr einziges Kind als Diener zu mir zu senden, und versteht diese Geste als Dienst an [Root.Religion.GetHighGodName].;;A la vista del sufrimiento que atormenta nuestras tierras, las gentes de [Root.Capital.GetName] han encontrado una nueva fe en mí, su piados[Root.GetOA] [Root.GetTitle]. Incluso una familia me ha enviado a su único hijo para que me sirva, si así lo deseo. A sus ojos es como servir a [Root.Religion.GetHighGodName].;;;;;;;;;x
EVTDESC_RIP_13504;The commoners have discovered my ruse! They have murdered my double and set fire to the temple! They now think that I, as well as the gods, have abandoned them.;Les roturiers ont découvert ma ruse ! Ils ont tué mon double et mis le feu à l'édifice religieux ! Ils pensent que les dieux, tout comme moi, les ont abandonnés.;Die Leute haben meine List durchschaut! Sie haben meinen Doppelgänger ermordet und den Tempel in Brand gesteckt! Nun glauben sie, dass ich, wie auch die Götter sie verlassen haben.;;¡Los plebeyos han descubierto mi estratagema! ¡Han matado a mi doble y prendido fuego al templo! Ahora creen que yo, como los dioses, les he abandonado.;;;;;;;;;x
EVTDESC_RIP_13505;The doubles I hired don't really look like me, but most of the peasants have never even seen my face - it's no wonder they believed that ugly impostor to be their real [Root.GetTitle].;Les doubles que j'ai engagés ne me ressemblent pas vraiment, mais la plupart des paysans n'ont même jamais vu mon visage. Pas étonnant dans ce cas qu'ils ne démasquent pas cette grossière imposture.;Die Doppelgänger, die ich engagiert habe, sehen mir gar nicht ähnlich. Allerdings wissen die meisten Bauern nicht, wie ich aussehe. Es ist nicht verwunderlich, dass sie einen Betrüger für ihre[Root.GetnMale] [Root.GetTitle] halten.;;Los dobles que contraté no se parecían mucho a mí, pero la mayoría de los campesinos nunca me han visto la cara, no me sorprende que ese impostor feo sea el auténtico [Root.GetTitle].;;;;;;;;;x
EVTDESC_RIP_13506;The speech I gave about the gods demanding everyone's labor put a decent amount of fear into the commoners - they are working around the clock, the recent epidemic fueling a race against time. However, some rebels have been sabotaging the construction, and the suspects have been brought before me.;Le discours que j'ai tenu au sujet des dieux qui demandent à tous de travailler dur a instillé la peur chez nos roturiers. Du coup, ils travaillent jour et nuit, la récente épidémie motivant une course contre le temps. Cependant, des rebelles ont saboté la construction, et les suspects ont été amenés à vous.;Meine Rede über die Arbeit, die von den Göttern von jedem Einzelnen erwartet wird, hat das Volk eingeschüchtert. Sie arbeiten rund um die Uhr, wobei die Seuche sie zusätzlich antreibt. Allerdings haben Aufständische die Arbeit sabotiert und die Verdächtigen wurden mir vorgeführt.;;El discurso que di sobre que los dioses reclaman el trabajo de todo pone una buena cantidad de miedo en los plebeyos. Trabajan el día entero, la reciente epidemia ha alimentado la carrera contra el reloj. Sin embargo, algunos rebeldes han estado saboteando la construcción y me han traído unos sospechosos.;;;;;;;;;x
EVTDESC_RIP_13507_A;The temple is finished and the people wipe the sweat from their brow. [Root.Religion.GetRandomEvilGodNameCap] will not be able to take this token of worship from me. The gods are certainly pleased.;Le temple est terminé et les gens essuient la sueur de leur front. Cet acte ne pourra pas être pris par [Root.Religion.GetRandomEvilGodName] comme un signe de dévotion de ma part. Les dieux sont certainement satisfaits.;Der Tempel ist fertiggestellt und die Menschen wischen sich den Schweiß von der Stirn. [Root.Religion.GetRandomEvilGodNameCap] wird mir dieses Zeichen der Huldigung nicht entreißen können. Die Götter werden zufrieden sein.;;El templo está terminado y la gente se quita el sudor del ceño. [Root.Religion.GetRandomEvilGodNameCap] no será capaz de quitarme esta muestra de adoración. Seguro que los dioses estarán contentos.;;;;;;;;;x
EVTDESC_RIP_13507_B;Construction was already going on at the location I had planned to set up my temple! The builders saw easy money in my orders and "forgot" to inform me. Thankfully, my [Root.GetTreasurerName] has sorted it out. At least I get a small refund.;La construction du temple à l'endroit que je voulais a déjà commencé ! Les maçons ont imaginé qu'il y avait de l'argent à se faire et ont « oublié » de me le dire. Heureusement, mon [Root.GetTreasurerName] s'en est occupé. J'obtiens au moins un petit remboursement.;An der Stelle, wo ich den Tempel errichten wollte, lief bereits ein Bauprojekt! Die Arbeiter sahen darin eine Chance, sich zu bereichern, und haben "vergessen", mich zu informieren. Zum Glück hat mein [Root.GetTreasurerName] die Sache geregelt. Nun erhalte ich wenigstens eine kleine Entschädigung.;;¡La construcción estaba teniendo igual en el lugar donde había pensado levantar mi templo! Los constructores vieron un dinero fácil en mis órdenes y se «olvidaron» de informarme. Por suerte, [Root.GetTreasurerName] lo ha arreglado. Al menos tendré un pequeño reembolso.;;;;;;;;;x
EVTDESC_RIP_13508_A;[vagrant_child_1.GetBestName] has been caught sneaking into the stable. [vagrant_child_1.GetHerHisCap] sibling claims they are friends with one of the elephants there, but some ruckus upset the animal and [vagrant_child_1.GetBestName] has been injured. The workers have put down their tools, declaring the project cursed!;[vagrant_child_1.Get_only_Le_Title][vagrant_child_1.GetBestName] a été attrapé[vagrant_child_1.Get_E] en train de se faufiler dans l'étable. L'autre enfant dit qu'ils se sont liés d'amitié avec les éléphants qui s'y trouvent, mais du grabuge a contrarié l'animal et [vagrant_child_1.Get_only_le_Title][vagrant_child_1.GetBestName] a été blessé[vagrant_child_1.Get_E]. Les travailleurs ont laissé leurs outils en déclarant que le projet était maudit !;[vagrant_child_1.GetBestName] wurde beim Versuch, in den Stall zu schleichen, ertappt. Die Familie behauptet, mit einem der Elefanten befreundet zu sein, aber irgendein Zwischenfall habe das Tier verängstigt und so sei [vagrant_child_1.GetBestName] verletzt worden. Nun legen die Arbeiter die Arbeit nieder und behaupten, das Projekt sei verflucht!;;[vagrant_child_1.GetBestName] ha sido pillad[vagrant_child_1.GetOA] colándose en el establo. Su herman[vagrant_child_1.GetOA] afirma que son amigos de uno de los elefantas que hay allá, pero el jaleo altera al animal y [vagrant_child_1.GetBestName] ha salido herid[vagrant_child_1.GetOA]. ¡Los trabajadores han tirado las herramientas, diciendo que el proyecto está maldito!;;;;;;;;;x
EVTDESC_RIP_13508_B;Chaos has erupted in the stable nearby the construction site and elephants are going rampage! Some workers have been killed, and the survivors refuse to go back. They are saying that the project is cursed!;Le chaos s'est emparé de l'étable à côté du site de construction et les éléphants sont en train de tout ravager ! Des travailleurs ont été tués, et les survivants refusent d'y retourner. Ils disent que le projet est maudit !;Im Stall neben der Baustelle herrscht Chaos und Elefanten laufen dort Amok! Einige Arbeiter wurden getötet und die Überlebenden weigern sich, zur Arbeit zurückzukehren. Sie behaupten, das Projekt sei verflucht!;;¡El caos estalla en los establos cerca del lugar de la construcción y los elefantes enloquecen! Algunos trabajadores han muerto y los supervivientes se niegan a volver. ¡Dicen que el proyecto está maldito!;;;;;;;;;x

EVTDSC_RIP_13200;Your [Root.GetLordSpiritualName] [From.GetFirstName] has brought you some troubling news. Words are spreading that worshipers of [Root.Religion.GetRandomEvilGodName] are the root of the terrible epidemic ravaging your realm. [From.GetTitledFirstName] encourages you to look into these rumors.;Votre [Root.GetLordSpiritualName], [From.GetFirstName], vous rapporte d'inquiétantes nouvelles. Des rumeurs courent comme quoi [Root.Religion.GetRandomEvilGodName] et ses fidèles sont la cause de la terrible épidémie qui ravage vos terres. [From.Get_Le_TitledFirstName] vous encourage à examiner ces rumeurs.;Euer [Root.GetLordSpiritualName] [From.GetFirstName] hat besorgniserregende Neuigkeiten für Euch. Es heißt, dass die Anhänger von [Root.Religion.GetRandomEvilGodName] die Wurzel der Epidemie sind, die Euer Land verwüstet. [From.GetTitledFirstName] rät Euch dazu, diesen Gerüchten nachzugehen.;;Tu [Root.GetLordSpiritualName] [From.GetFirstName] te ha traído ciertas noticias preocupantes. Corre el rumor que los adoradores de [Root.Religion.GetRandomEvilGodName] son la causa de la terrible epidemia que arrasa tu reino. [From.GetTitledFirstName] te anima a investigar estos rumores.;;;;;;;;;x
EVTDSC_RIP_13201;[Root.job_spiritual.GetTitledFirstName] has brought you an alarming amount of people who claim to have witnessed the abomination of witchcraft. If you are to believe their accounts, the allies of [Root.Religion.GetRandomEvilGodName] are many and pose a great threat to your realm.;[Root.job_spiritual.Get_Le_TitledFirstName] vous rapporte qu'une quantité alarmante de personnes déclare avoir été témoin de l'abomination de sorcellerie. À en croire leurs récits, leurs actes sont inspirés par [Root.Religion.GetRandomEvilGodName] et représentent une grande menace pour votre pays.;[Root.job_spiritual.GetTitledFirstName] hat eine alarmierende Zahl von Leuten zu Euch gebracht, die Zeuge der Hexerei geworden sind. Wenn man ihren Berichten glauben kann, so sind die Verbündeten von [Root.Religion.GetRandomEvilGodName] sehr zahlreich und stellen eine große Bedrohung für Euer Reich dar.;;[Root.job_spiritual.GetTitledFirstName] te ha traído una cantidad alarmante de gente que afirma haber contemplado la abominación de la brujería. Si haces caso a lo que cuentan, los aliados de [Root.Religion.GetRandomEvilGodName] son muchos y suponen una gran amenaza a tu reino.;;;;;;;;;x
EVTDSC_RIP_13203_crazy_courtier;[bg_witch_finder.GetTitledFirstName] has brought you some distressing news - [bg_witch_finder.GetSheHe] is certain that [bg_likely_witch.GetTitledFirstName] is a [bg_likely_witch.GetWarlockWitch]! [bg_witch_finder.GetSheHeCap] claims to have seen [bg_likely_witch.GetFirstName] talking to [bg_likely_witch.GetHerselfHimself] in a strange tongue and also informs you of several incidents where [bg_likely_witch.GetSheHe] has assaulted other members of court.;[bg_witch_finder.Get_Le_TitledFirstName] vous a apporté de pénibles nouvelles - [bg_witch_finder.GetIlElle] a la conviction que [bg_likely_witch.Get_le_TitledFirstName] est un[bg_likely_witch.Get_E] [bg_likely_witch.GetWarlockWitch]! [bg_witch_finder.GetIlElleCap] déclare avoir vu [bg_likely_witch.GetFirstName] se parler à [bg_likely_witch.GetLuiElle]-même dans une langue inconnue et aussi qu'[bg_likely_witch.GetIlElle] a agressé plusieurs membres de la Cour.;[bg_witch_finder.GetTitledFirstName] hat traurige Nachricht für Euch – [bg_witch_finder.GetSheHe] ist sich sicher, dass [bg_likely_witch.GetTitledFirstName] [bg_likely_witch.Geteineine] [bg_likely_witch.GetWarlockWitch] ist! [bg_witch_finder.GetSheHeCap] behauptet, gesehen zu haben, wie [bg_likely_witch.GetFirstName] in fremder Sprache Selbstgespräche führte und informiert Euch außerdem über mehrere Zwischenfälle, bei denen [bg_likely_witch.GetSheHe] andere Angehörige des Hofes angegriffen haben soll.;;[bg_witch_finder.GetTitledFirstName] te ha traído un noticias angustiosas. ¡Está segur[bg_witch_finder.GetOA] que [bg_likely_witch.GetTitledFirstName] es un[bg_likely_witch.GetXA] [bg_likely_witch.GetWarlockWitch]! [bg_witch_finder.GetElEllaCap] afirma haber visto a [bg_likely_witch.GetFirstName] hablar sol[bg_likely_witch.GetOA] en una lengua extraña y también informa de diferentes incidentes en los que [bg_likely_witch.GetElElla] atacó a otros miembros de la corte.;;;;;;;;;x
EVTDSC_RIP_13203_crazy_spiritual;After a thorough investigation, [bg_witch_finder.GetTitledFirstName] has come to the conclusion that [bg_likely_witch.GetTitledFirstName] is most likely the [bg_likely_witch.GetWarlockWitch] in your court. [bg_likely_witch.GetSheHeCap] has been seen talking to themselves in strange languages and a few poor souls have even been assaulted by [bg_likely_witch.GetHerHim].;Après une enquête approfondie, [bg_witch_finder.Get_le_TitledFirstName] conclut que [bg_likely_witch.Get_le_TitledFirstName] est très probablement [bg_likely_witch.GetLeLa] [bg_likely_witch.GetWarlockWitch] à votre Cour. On a en effet aperçu [bg_likely_witch.Get_le_TitledFirstName] en train de se parler à [bg_likely_witch.GetLuiElle]-même dans des langues inconnues et quelques pauvres âmes ont été agressées par [bg_likely_witch.GetLuiElle].;Nach gründlichen Nachforschungen ist [bg_witch_finder.GetTitledFirstName] zu dem Schluss gekommen, dass [bg_likely_witch.GetTitledFirstName] wahrscheinlich als [bg_likely_witch.GetWarlockWitch] an Eurem Hof anzusehen ist. [bg_likely_witch.GetSheHeCap] wurde bei Selbstgesprächen in fremden Sprachen beobachtet und manch arme Seele wurde bereits Opfer von Angriffen seitens dieser Person.;;Después de una investigación cuidadosa, [bg_witch_finder.GetTitledFirstName] ha concluido que lo más probable es que [bg_likely_witch.GetTitledFirstName] sea [bg_likely_witch.GetElLa] [bg_likely_witch.GetWarlockWitch] de tu corte. Se le ha visto hablando sol[bg_likely_witch.GetOA] en lenguas extrañas y algunos pobres han sido atacados por [bg_likely_witch.GetElElla].;;;;;;;;;x
EVTDSC_RIP_13203_infidel_courtier;[bg_witch_finder.GetTitledFirstName] has told you something quite unsettling. Apparently [bg_witch_finder.GetSheHe] has reason to believe that [bg_likely_witch.GetTitledFirstName] is a [bg_likely_witch.GetWarlockWitch]! [bg_witch_finder.GetSheHeCap] claims to have found condemning scriptures in [bg_likely_witch.GetFirstName]'s chambers, suggesting that [bg_likely_witch.GetSheHe] is not a true servant of [Root.Religion.GetHighGodName].;[bg_witch_finder.Get_Le_TitledFirstName] vous a dit quelque chose de perturbant. Apparemment, [bg_witch_finder.GetIlElle] a raison de croire que [bg_likely_witch.Get_le_TitledFirstName] est un[bg_likely_witch.Get_E] [bg_likely_witch.GetWarlockWitch] ! [bg_witch_finder.GetIlElleCap] déclare avoir trouvé des écrits interdits dans les appartements [bg_likely_witch.Get_du_TitledFirstName] suggérant qu'[bg_likely_witch.GetIlElle] ne sert pas sincèrement [Root.Get_le_HighGod].;[bg_witch_finder.GetTitledFirstName] hat Euch etwas sehr Beunruhigendes erzählt. Offenbar hat [bg_witch_finder.GetSheHe] Grund zu der Annahme, dass [bg_likely_witch.GetTitledFirstName] als [bg_likely_witch.GetWarlockWitch] anzusehen ist. [bg_witch_finder.GetSheHeCap] behauptet, in den Gemächern von [bg_likely_witch.GetFirstName] belastende Schriftstücke gefunden zu haben, die darauf hindeuten, dass [bg_likely_witch.GetSheHe] [Root.Religion.GetHighGodName] nicht fromm ergeben ist.;;[bg_witch_finder.GetTitledFirstName] te ha dicho algo absolutamente inquietante. ¡Al parecer, tiene motivos para creer que [bg_likely_witch.GetTitledFirstName] sea un[bg_likely_witch.GetXA] [bg_likely_witch.GetWarlockWitch] de tu corte. [bg_witch_finder.GetFirstName] afirma haber encontrado escritos incriminatorios en los aposentos de [bg_likely_witch.GetFirstName], sugiriendo que [bg_likely_witch.GetElElla] no sirve de verdad a [Root.Religion.GetHighGodName].;;;;;;;;;x
EVTDSC_RIP_13203_infidel_spiritual;After a thorough investigation, [bg_witch_finder.GetTitledFirstName] has come to the conclusion that [bg_likely_witch.GetTitledFirstName] is most likely the [bg_likely_witch.GetWarlockWitch] in your court. [bg_witch_finder.GetFirstName] claims to have found condemning scriptures in [bg_likely_witch.GetFirstName]'s chambers, suggesting that [bg_likely_witch.GetSheHe] is not a true servant of [Root.Religion.GetHighGodName].;Après une enquête approfondie, [bg_witch_finder.Get_le_TitledFirstName] conclut que [bg_likely_witch.Get_le_TitledFirstName] est très probablement [bg_likely_witch.GetLeLa] [bg_likely_witch.GetWarlockWitch] à votre Cour. [bg_witch_finder.GetFirstName] déclare avoir trouvé des écrits interdits dans les appartements [bg_likely_witch.Get_du_TitledFirstName], suggérant qu'[bg_likely_witch.GetIlElle] ne sert pas sincèrement [Root.Get_le_HighGod].;Nach gründlichen Nachforschungen ist [bg_witch_finder.GetTitledFirstName] zu dem Schluss gekommen, dass [bg_likely_witch.GetTitledFirstName] wahrscheinlich als [bg_likely_witch.GetWarlockWitch] an Eurem Hof anzusehen ist. [bg_witch_finder.GetFirstName] behauptet, in den Gemächern von [bg_likely_witch.GetFirstName] belastende Schriftstücke gefunden zu haben, die darauf hindeuten, dass [bg_likely_witch.GetSheHe] [Root.Religion.GetHighGodName] nicht fromm ergeben ist.;;Después de una investigación cuidadosa, [bg_witch_finder.GetTitledFirstName] ha concluido que lo más probable es que [bg_likely_witch.GetTitledFirstName] sea [bg_likely_witch.GetElLa] [bg_likely_witch.GetWarlockWitch] de tu corte. [bg_witch_finder.GetFirstName] afirma haber encontrado escritos incriminatorios en los aposentos de [bg_likely_witch.GetFirstName], sugiriendo que [bg_likely_witch.GetElElla] no sirve de verdad a [Root.Religion.GetHighGodName].;;;;;;;;;x
EVTDSC_RIP_13203_sinful_courtier;[bg_witch_finder.GetTitledFirstName] approaches you with a most serious accusation - [bg_witch_finder.GetSheHe] believes that [bg_likely_witch.GetTitledFirstName] is a [bg_likely_witch.GetWarlockWitch]! [bg_witch_finder.GetSheHeCap] says that everyone knows [bg_likely_witch.GetFirstName] to be a most sinful [bg_likely_witch.GetManWoman] and as such [bg_likely_witch.GetSheHe] must be consorting with [Root.Religion.GetRandomEvilGodName].;[bg_witch_finder.Get_Le_TitledFirstName] vient vers vous avec de graves accusations. [bg_witch_finder.GetIlElleCap] croit que [bg_likely_witch.Get_le_TitledFirstName] est un[bg_likely_witch.Get_E] [bg_likely_witch.GetWarlockWitch]! [bg_witch_finder.GetIlElleCap] dit que tout le monde connaît [bg_likely_witch.GetFirstName] comme étant un[bg_likely_witch.Get_E] [bg_likely_witch.GetManWoman] dans le péché et qu'[bg_likely_witch.GetIlElle] est influencé[bg_likely_witch.Get_E] par [Root.Religion.GetRandomEvilGodName].;[bg_witch_finder.GetTitledFirstName] kommt mit schweren Anschuldigungen zu Euch – [bg_witch_finder.GetSheHe] glaubt, dass [bg_likely_witch.GetTitledFirstName] wahrscheinlich als [bg_likely_witch.GetWarlockWitch] anzusehen ist! [bg_witch_finder.GetSheHeCap] behauptet, dass jeder weiß, welch große Sünde [bg_likely_witch.GetFirstName] auf sich geladen hat, und dass es daher feststeht, dass [bg_likely_witch.GetSheHe] mit [Root.Religion.GetRandomEvilGodName] verkehrt.;;[bg_witch_finder.GetTitledFirstName] se te acerca con una acusación muy grave ¡ cree que [bg_likely_witch.GetTitledFirstName] es un[bg_likely_witch.GetXA] [bg_likely_witch.GetWarlockWitch]! [bg_witch_finder.GetElEllaCap] dice que todos saben que [bg_likely_witch.GetFirstName] es un[bg_likely_witch.GetXA] [bg_likely_witch.GetManWoman] muy pecador[bg_likely_witch.GetXA] y como tal, debe tener tratos con [Root.Religion.GetRandomEvilGodName].;;;;;;;;;x
EVTDSC_RIP_13203_sinful_spiritual;After a thorough investigation, [bg_witch_finder.GetTitledFirstName] has come to the conclusion that [bg_likely_witch.GetTitledFirstName] is most likely the [bg_likely_witch.GetWarlockWitch] in your court. Everyone knows [bg_likely_witch.GetFirstName] to be a most sinful [bg_likely_witch.GetManWoman] and as such [bg_likely_witch.GetSheHe] must be consorting with [Root.Religion.GetRandomEvilGodName].;Après une enquête approfondie, [bg_witch_finder.Get_le_TitledFirstName] conclut que [bg_likely_witch.Get_le_TitledFirstName] est très probablement [bg_likely_witch.GetLeLa] [bg_likely_witch.GetWarlockWitch] à votre Cour. Tout le monde connaît [bg_likely_witch.GetFirstName] comme étant un[bg_likely_witch.Get_E] [bg_likely_witch.GetManWoman] dans le péché et qu'[bg_likely_witch.GetIlElle] est influencé[bg_likely_witch.Get_E] par [Root.Religion.GetRandomEvilGodName].;Nach gründlichen Nachforschungen ist [bg_witch_finder.GetTitledFirstName] zu dem Schluss gekommen, dass [bg_likely_witch.GetTitledFirstName] wahrscheinlich als [bg_likely_witch.GetWarlockWitch] an Eurem Hof anzusehen ist. Jeder weiß, welch große Sünde [bg_likely_witch.GetFirstName] auf sich geladen hat, und daher steht es fest, dass [bg_likely_witch.GetSheHe] mit [Root.Religion.GetRandomEvilGodName] verkehrt.;;Después de una investigación cuidadosa, [bg_witch_finder.GetTitledFirstName] ha concluido que lo más probable es que [bg_likely_witch.GetTitledFirstName] sea [bg_likely_witch.GetElLa] [bg_likely_witch.GetWarlockWitch] de tu corte. Todos saben que [bg_likely_witch.GetFirstName] es un[bg_likely_witch.GetXA] [bg_likely_witch.GetManWoman] muy pecador[bg_likely_witch.GetXA] y como tal, debe tener tratos con [Root.Religion.GetRandomEvilGodName].;;;;;;;;;x
EVTDSC_RIP_13204;[bg_rival_1.GetTitledFirstName] and [bg_rival_2.GetTitledFirstName] burst into your throne room, yelling madly. Apparently both have reasons to believe that the other is a practitioner of witchcraft. While the accusations are dire, there is no physical proof. You only have your gut feeling to go on.;[bg_rival_1.Get_Le_TitledFirstName] et [bg_rival_2.Get_le_TitledFirstName] sont entrés en trombe dans votre salle du trône en criant. Apparemment chacun a des raisons de croire que l'autre pratique la sorcellerie. Bien que les accusations soient terribles, il n'y a pas de preuve tangible. Vous n'avez que votre instinct sur lequel vous appuyer.;[bg_rival_1.GetTitledFirstName] und [bg_rival_2.GetTitledFirstName] stürmen in Euren Thronsaal, brüllend wie vom Wahnsinn besessen. Offenbar haben beide Grund zu der Annahme, der andere sei ein Anhänger der Hexerei. Trotz der Schwere der Anschuldigungen gibt es keine greifbaren Beweise. Ihr könnt also nur auf Euer Gespür vertrauen.;;[bg_rival_1.GetTitledFirstName] y [bg_rival_2.GetTitledFirstName] irrumpen en el salón del trono, gritando como locos. Se ve que ambos tienen razones para creer que el otro practica la brujería. Aunque las acusaciones son graves, no hay pruebas físicas. Solo puedes basarte en tus instintos.;;;;;;;;;x
EVTDSC_RIP_13207;Your courtier [bg_jealous_lover.GetTitledFirstName] has told you some quite condemning things about [bg_spouse.GetTitledFirstName]. [bg_jealous_lover.GetSheHeCap] claims that the latter is consorting with [Root.Religion.GetRandomEvilGodName] and must be stopped for the good of everyone, especially [bg_spouse.GetHerHis] poor [bg_lover.GetHusbandWife] [bg_lover.GetTitledFirstName].;[bg_jealous_lover.Get_Le_TitledFirstName], votre courtisan[bg_jealous_lover.Get_E], vous a dit que [bg_spouse.Get_le_TitledFirstName] s'est associé[bg_spouse.Get_E] avec [Root.Religion.GetRandomEvilGodName] et que ses actions néfastes doivent être stoppées, en particulier pour le bien de s[bg_spouse.GetOnA] pauvre [bg_lover.GetHusbandWife], [bg_lover.Get_le_TitledFirstName].;[bg_jealous_lover.GetTitledFirstName], einer Eurer Höflinge, hat Euch belastende Information zu [bg_spouse.GetTitledFirstName] gegeben. [bg_jealous_lover.GetSheHeCap] behauptet, dass jene[bg_spouse.GetrMale] mit [Root.Religion.GetRandomEvilGodName] im Bunde ist und zum Wohle aller aufgehalten werden muss, insbesondere zum Wohle von [bg_lover.GetTitledFirstName], s[bg_lover.Geteinemeiner] Gemahl[bg_lover.GetinFemale].;;[bg_jealous_lover.GetTitledFirstName], tu cortesan[bg_jealous_lover.GetOA], te ha contado cosas incriminatorias sobre [bg_spouse.GetTitledFirstName]. [bg_jealous_lover.GetElEllaCap] afirma que est[bg_spouse.GetEA] tiene trato con [Root.Religion.GetRandomEvilGodName] y debe ser detenid[bg_spouse.GetOA] por el bien de todos, en especial por el de su pobre [bg_lover.GetHusbandWife] [bg_lover.GetTitledFirstName].;;;;;;;;;x
EVTDSC_RIP_13208;You have taken some time to consider your targets. Whom at court could you accuse of witchcraft and get away with it? Now you finally believe you have some good options. No one should question you...;Vous avez pris du temps pour réfléchir à vos cibles. Qui de la Cour pourriez-vous accusé de sorcellerie et ainsi vous en débarrasser ? À présent vous pensez avoir quelques possibilités intéressantes. Personne ne vous en tiendra rigueur.;Ihr habt eine Weile über Eure Ziele nachgedacht. Welche Personen bei Hof könntet Ihr ohne negative Auswirkungen der Hexerei anklagen? Nun nimmt die Sache vor Eurem inneren Auge Gestalt an. Niemand soll es wagen, Euch in Frage zu stellen ...;;Te ha llevado tiempo considerar tus objetivos. ¿Quién en la corte podría acusarte de brujería y salirse con la suya? Ahora crees tener buenas opciones. Nadie dudaría de ti…;;;;;;;;;x
EVTDSC_RIP_13230;The judgment day has arrived! It is time to deal with those who have consorted with [Root.Religion.GetRandomEvilGodName] and threatened your realm. What will you do?;Le jour du jugement est arrivé ! Il est temps de s'occuper de ceux qui se sont entendus avec [Root.Religion.GetRandomEvilGodName] et qui ont ainsi menacé votre pays. Qu'allez-vous faire ?;Die Stunde des Urteils naht! Nun wird abgerechnet mit jenen, die mit [Root.Religion.GetRandomEvilGodName] gemeinsame Sache machten und Euer Reich gefährdeten. Was werdet Ihr unternehmen?;;¡Ha llegado el día del juicio! Es hora de tratar con todos aquellos que tuvieron trato con [Root.Religion.GetRandomEvilGodName] y amenazaron tu reino. ¿Qué harás?;;;;;;;;;x
EVTDSC_RIP_13232;It seems like the precautions you took has paid off. There has been very little talk of witchcraft during the last weeks and no accusations. While you will never know for certain if those prosecuted were to blame for the epidemic, at least everyone else seem relieved...;Il semble que les précautions que vous avez prises ont porté leurs fruits. Il y eut très peu de conversations au sujet de la sorcellerie lors de ces dernières semaines, et aucune accusation. Tandis que vous ne saurez jamais vraiment si ces accusés étaient à blâmer pour l'épidémie, au moins tout le monde semble soulagé...;Offenbar haben sich Eure Vorkehrungsmaßnahmen ausgezahlt. In den letzten Wochen ist das Gerede von der Hexerei abgeebbt und es gab keine neuen Anschuldigungen. Auch wenn Ihr nie wissen werdet, ob die Verurteilten tatsächlich für die Epidemie verantwortlich waren – immerhin hat sich die Lage entspannt ...;;Parece que las medidas que tomaste han dado fruto. En las últimas semanas se ha hablado muy poco de brujería y no ha habido acusaciones. Aunque nunca sabrás del todo si aquellos a quienes procesaste tuvieron la culpa de la epidemia, al menos todos parecen aliviados…;;;;;;;;;x
EVTDSC_RIP_13233;It has been many months since peasants and courtiers alike began to call for a witch hunt. Despite their best efforts to point fingers you have found no one you believe to be a real follower of [Root.Religion.GetRandomEvilGodName]. They have now given up hope of you ever finding the guilty infidels. ;Cela fait de nombreux mois depuis que les paysans, tout comme les courtisans, ont commencé à demander une chasse aux sorcières. Malgré leurs efforts pour pointer du doigt telle ou telle personne, aucune ne vous semble vraiment inspirée par [Root.Religion.GetRandomEvilGodName]. Ils ont donc abandonné tout espoir que vous trouviez les coupables.;Es ist nun viele Monate her, seit Bauern wie Höflinge vehement eine Hexenjagd forderten. Trotz aller Anstrengungen habt Ihr niemanden gefunden, von dem Ihr ernsthaft glauben würdet, er sei wirklich ein Anhänger von [Root.Religion.GetRandomEvilGodName]. Mittlerweile scheinen die meisten die Hoffnung aufgegeben zu haben, dass Ihr die Schuldigen noch finden werdet.;;Han pasado muchos meses desde que campesinos y cortesanos por igual empezaron a pedir una caza de brujas. A pesar de sus mejores esfuerzos por acusar, no parece que haya nadie que adore realmente a [Root.Religion.GetRandomEvilGodName]. Ya se han abandonado la esperanza de que algún día encuentres a los infieles culpables.;;;;;;;;;x
EVTDSC_RIP_13235_A;Today you found [bg_relative_witch.GetFirstName] stabbed to death in [bg_relative_witch.GetHerHis] chamber. You saw the courtiers whisper when [bg_relative_witch.GetSheHe] passed them in the corridors, but you never did anything about it. Now the hatred and paranoia which you help stir up has taken [bg_relative_witch.GetHerHim] from you.;Aujourd'hui, vous avez trouvé [bg_relative_witch.GetFirstName] poignardé à mort dans sa chambre. Vous avez vu les courtisans chuchoter lorsqu'[bg_relative_witch.GetIlElle] les a croisé dans le couloir, mais vous n'avez rien entrepris à ce sujet. À présent, la haine et la paranoïa que vous avez attisé vous l'ont pris[bg_relative_witch.Get_E].;Heute habt Ihr [bg_relative_witch.GetFirstName] erdolcht in [bg_relative_witch.GetHerHis]er Kammer gefunden. Es war Euch bekannt, dass die Höflinge tuschelnd die Köpfe zusammensteckten, wenn [bg_relative_witch.GetSheHe] ihnen im Flur begegnete, aber Ihr hattet nichts dagegen unternommen. Nun haben Hass und Paranoia, die auch von Euch selbst genährt worden waren, ein tragisches Opfer gefordert.;;Hoy encuentras a [bg_relative_witch.GetFirstName] apuñalad[bg_relative_witch.GetOA] en sus aposentos. Veías a los cortesanos murmurar cuando [bg_relative_witch.GetElElla] pasaba a su lado por los pasillos, pero nunca hiciste nada al respecto. Ahora el odio y la paranoia que ayudaste a incitar han acabado con [bg_relative_witch.GetElElla].;;;;;;;;;x
EVTDSC_RIP_13235_B;Today you found [bg_relative_witch.GetFirstName] stabbed to death in [bg_relative_witch.GetHerHis] chamber. You saw the courtiers whisper when [bg_relative_witch.GetSheHe] passed them in the corridors, but you never did anything about it. Your own inability to find a witch has led to someone taking matters into their own hands and [bg_relative_witch.GetFirstName] paid the price.;Aujourd'hui, vous avez trouvé [bg_relative_witch.GetFirstName] poignardé[bg_relative_witch.Get_E] à mort dans sa chambre. Vous avez vu les courtisans chuchoter lorsqu'[bg_relative_witch.GetIlElle] les a croisés dans le couloir, mais vous n'avez rien entrepris à ce sujet. Votre incapacité à trouver un[bg_relative_witch.Get_E] [bg_relative_witch.GetWarlockWitch] a poussé des gens à s'occuper du problème eux-mêmes et [bg_relative_witch.GetFirstName] en a payé le prix.;Heute habt Ihr [bg_relative_witch.GetFirstName] erdolcht in [bg_relative_witch.GetHerHis]er Kammer gefunden. Es war Euch bekannt, dass die Höflinge tuschelnd die Köpfe zusammensteckten, wenn [bg_relative_witch.GetSheHe] ihnen im Flur begegnete, aber Ihr hattet nichts dagegen unternommen. Euer Unvermögen beim Aufspüren einer Hexe führte dazu, dass jemand anders die Sache in die Hand nahm. Und [bg_relative_witch.GetFirstName] zahlte den Preis.;;Hoy encuentras a [bg_relative_witch.GetFirstName] apuñalad[bg_relative_witch.GetOA] en sus aposentos. Veías a los cortesanos murmurar cuando [bg_relative_witch.GetElElla] pasaba a su lado por los pasillos, pero nunca hiciste nada al respecto. Tu incapacidad para encontrar una bruja hizo que alguien se encargase del asunto por sí mismo y [bg_relative_witch.GetFirstName] pagó el precio.;;;;;;;;;x

EVTOPTA_RIP_13001;Gather some cats for examination.;Rassemblez quelques chats pour les examiner.;Lasst ein paar Katzen einfangen und untersuchen.;;Reúne gatos para examinarlos.;;;;;;;;;x
EVTOPTA_RIP_13001_TOOLTIP;Pay for some outside help to get cats delivered.\n;Paie une aide extérieure pour livrer les chats.\n;Bezahlt jemanden von außerhalb dafür, Euch Katzen zu liefern.\n;;Paga a un tercero para que se ocupe de los gatos.\n;;;;;;;;;x
EVTOPTA_RIP_13002;So the cats are not to blame. Let them go.;Donc les chats ne sont pas à blâmer. Laissez-les partir.;Die Katzen sind also harmlos. Lasst sie frei.;;Así que la culpa no es de los gatos. Suéltalos.;;;;;;;;;x
EVTOPTA_RIP_13003;Kill the 'source'.;Éliminons la « source ».;Tötet den "Auslöser".;;Mata a la 'fuente'.;;;;;;;;;x
EVTOPTA_RIP_13003_TOOLTIP;You find the meanest looking cat from the sample and execute it publicly;Vous trouvez le chat ayant le plus l'air méchant et vous l'exécutez publiquement;Ihr wählt die Katze, die am furchterregendsten aussieht, und lasst sie öffentlich hinrichten.;;Buscas al gato de aspecto más maligno de la muestra y lo ejecutas públicamente.;;;;;;;;;x
EVTOPTA_RIP_13004;I'm sorry [worried_courtier.GetFirstName], even your cats.;Pardon [worried_courtier.GetFirstName], même vos chats.;Es tut mir leid, [worried_courtier.GetFirstName]. Auch Eure Katzen.;;Lo siento, [worried_courtier.GetFirstName]. Tus gatos también.;;;;;;;;;x
EVTOPTA_RIP_13005;Curse you [worried_courtier.GetFirstName]!;Je vous maudis, [worried_courtier.GetFirstName] !;Seid verflucht, [worried_courtier.GetFirstName]!;;¡Maldit[worried_courtier.GetOA] seas, [worried_courtier.GetFirstName]!;;;;;;;;;x
EVTOPTA_RIP_13006;I will call her 'Whiskers', my new sweetheart.;Je vais l'appeler « Moustache »;Ich werde meinen neuen Liebling Maunzi nennen.;;La llamaré «Bigotes», mi nuevo amor.;;;;;;;;;x
EVTOPTA_RIP_13007;I will ask for an exception.;Je vais demander de faire une exception.;Ich werde um eine Ausnahmeregelung bitten.;;Pediré una excepción.;;;;;;;;;x
EVTOPTA_RIP_13007_TOOLTIP;[From.GetTitledName] will consider your plea.;[From.Get_Le_TitledName] va réfléchir à votre supplication;[From.GetTitledName] wird Eure Bitte erwägen.;;[From.GetTitledName] tendrá en cuenta tu declaración.;;;;;;;;;x
EVTOPTA_RIP_13008;That [GetRootFromInsult]!;Maudit soit c[From.GetEEtte] [GetRootFromInsultNounAdj] !;[GetRootFromInsult]!;;¡Será [GetRootFromInsult]!;;;;;;;;;x
EVTOPTA_RIP_13009;What a relief.;Quel soulagement.;Welch eine Erleichterung.;;Qué alivio.;;;;;;;;;x
EVTOPTA_RIP_13011;A just demand.;Une demande juste.;Eine angemessene Forderung.;;Una demanda justa.;;;;;;;;;x
EVTOPTA_RIP_13200;Horrifying news indeed! Investigate this for me, [From.GetFirstName].;Horribles nouvelles en effet ! Enquêtez pour moi, [From.GetFirstName].;Das sind schreckliche Neuigkeiten! Untersucht diese Angelegenheit für mich, [From.GetFirstName].;;¡Noticias horrorosas, sin duda! Investigar esto por mí, [From.GetFirstName].;;;;;;;;;x
EVTOPTA_RIP_13200_TOOLTIP;You send your [Root.GetLordSpiritualName] to investigate the rumors about warlocks and witches.\n\nAll of your Demesne gets §Y'Peasant Unrest'§! for 10 years, giving the following effects:\nLocal Revolt Risk: §R+10.0%§!\nLocal Tax Modifier: §R-50.0%§!\n\n;Vous envoyez votre [Root.GetLordSpiritualName] pour enquêter sur les rumeurs concernant les sorciers et les sorcières.\n\nTout votre domaine obtient '§YAgitation paysanne§!' pendant dix ans, avec pour effets :\nRisque local de révolte : §R+10%§!\nModificateur local d'impôt : §R-50%§!\n\n;Euer [Root.GetLordSpiritualName] wird von Euch mit den Nachforschungen zu den Gerüchten über Hexer und Hexen beauftragt.\n\nEure gesamte Domäne erhält 10 Jahre lang §Y"Unruhe unter den Bauern"§! mit den folgenden Auswirkungen:\nRisiko lokaler Revolte: §R+10.0%§!\nLokaler Steuermodifikator: §R-50.0%§!\n\n;;Envías a tu [Root.GetLordSpiritualName] a investigar los rumores sobre brujos y brujas.\n\nToda tu heredad recibe §Y'Descontento campesino'§! durante 10 años, causando los siguientes efectos: \nRiesgo de revuelta local: §R+10,0%§!\nModificador de impuestos locales: §R-50,0%§! \n\n;;;;;;;;;x
EVTOPTA_RIP_13201;[Root.job_spiritual.GetFirstName], you must find these sinners, before it is too late!;[Root.job_spiritual.GetFirstName], vous devez trouver ces pécheurs avant qu'il ne soit trop tard !;[Root.job_spiritual.GetFirstName], Ihr müsst diese Sünder finden, bevor es zu spät ist!;;¡[Root.job_spiritual.GetFirstName], debes encontrar a estos pecadores, antes de que sea demasiado tarde!;;;;;;;;;x
EVTOPTA_RIP_13201_TOOLTIP;You send your [Root.GetLordSpiritualName] to find any witches or wizards in your court.\n;Vous envoyez votre [Root.GetLordSpiritualName] trouver tous les magiciens et sorcières de votre Cour.\n;Euer [Root.GetLordSpiritualName] erhält den Auftrag, sämtliche Hexen und Zauberer an Eurem Hof aufzuspüren.\n;;Envías a tu [Root.GetLordSpiritualName] para encontrar a todos las brujas o magos de tu corte.\n;;;;;;;;;x
EVTOPTA_RIP_13203;You must be right, [bg_witch_finder.GetFirstName]! I will have [bg_likely_witch.GetHerHim] imprisoned!;Vous avez raison [bg_witch_finder.GetFirstName]! Je vais [bg_likely_witch.GetLeLa] faire emprisonner !;Sicherlich habt Ihr recht, [bg_witch_finder.GetFirstName]! Ich werde den Übeltäter einsperren lassen!;;¡Debes tener razón, [bg_witch_finder.GetFirstName]! ¡Haré que [bg_likely_witch.GetRleRla] encarcelen!;;;;;;;;;x
EVTOPTA_RIP_13203_TOOLTIP;§Y[bg_likely_witch.GetTitledFirstName]§! will be imprisoned until it is time for judgment.\n\nAll of your Demesne gets §Y'Peasants Pleased With Witch Hunt'§! for 60 days, giving the following effects:\nLocal Revolt Risk: §G-10.0%§!\n\n;[bg_likely_witch.Get_Le_TitledFirstNameJ] ira dans vos cachots jusqu'au procès.\n\nTout votre domaine obtient '§YLes paysans sont contents de la chasse aux sorcières§!' pendant 60 jours, avec les effets suivants :\nRisque local de révolte: §G-10%§!\n\n;§Y[bg_likely_witch.GetTitledFirstName]§! wird bis zur Verurteilung eingesperrt.\n\nEure gesamte Domäne erhält 60 Tage lang §Y"Bauern zufrieden mit Hexenverfolgung"§! mit den folgenden Auswirkungen:\nRisiko lokaler Revolte: §G-10.0%§!\n\n;;§Y[bg_likely_witch.GetTitledFirstName]§! será encarcelad[bg_likely_witch.GetOA] hasta el momento del juicio.\n\nToda tu heredad recibe §Y'Campesinos complacidos con Caza de brujas'§! durante 60 días, causando los siguientes efectos:\nRiesgo de revuelta local: §G-10,0%§!\n\n;;;;;;;;;x
EVTOPTA_RIP_13204;[bg_rival_1.GetTitledFirstName] must be a [bg_rival_1.GetWarlockWitch]!;[bg_rival_1.Get_Le_TitledFirstName] doit être un[bg_rival_1.Get_E] [bg_rival_1.GetWarlockWitch]!;Mit Sicherheit ist [bg_rival_1.GetTitledFirstName] [bg_rival_1.Geteineine] [bg_rival_1.GetWarlockWitch]!;;¡[bg_rival_1.GetTitledFirstName] tiene que ser un[bg_rival_1.GetXA] [bg_rival_1.GetWarlockWitch]!;;;;;;;;;x
EVTOPTA_RIP_13204_TOOLTIP;§Y[bg_rival_1.GetTitledFirstName]§! will be imprisoned until it is time for judgment.\n;[bg_rival_1.Get_Le_TitledFirstNameJ] ira dans vos cachots jusqu'au procès.\n;§Y[bg_rival_1.GetTitledFirstName]§! wird bis zur Verurteilung eingesperrt.\n;;§Y[bg_rival_1.GetTitledFirstName]§! será encarcelad[bg_rival_1.GetOA] hasta el momento del juicio.\n;;;;;;;;;x
EVTOPTA_RIP_13207;I will protect [bg_lover.GetHerHim] from this evil [bg_spouse.GetWarlockWitch]!;Je [bg_lover.GetLeLa] protégerai de c[bg_spouse.GetEEtte] [bg_spouse.GetWarlockWitch] maléfique !;Ich werde über jene wachen, die in Not sind. [bg_spouse.GetEinEine] [bg_spouse.GetWarlockWitch] wird ihnen nichts antun!;;¡[bg_lover.GetRleRlaCap] defenderé de est[bg_spouse.GetEA] [bg_spouse.GetWarlockWitch] malvad[bg_spouse.GetOA]!;;;;;;;;;x
EVTOPTA_RIP_13207_TOOLTIP;§Y[bg_spouse.GetTitledFirstName]§! will be imprisoned until it is time for judgment.\n\nAll of your Demesne gets §Y'Peasants Pleased With Witch Hunt'§! for 60 days, giving the following effects:\nLocal Revolt Risk: §G-10.0%§!\n\n;[bg_spouse.Get_Le_TitledFirstNameJ] ira dans vos cachots jusqu'au procès.\n\nTout votre domaine obtient '§YLes paysans sont contents de la chasse aux sorcières§!' pendant 60 jours, avec les effets suivants :\nRisque local de révolte: §G-10%§!\n\n;§Y[bg_spouse.GetTitledFirstName]§! wird bis zur Verurteilung eingesperrt.\n\nEure gesamte Domäne erhält 60 Tage lang §Y"Bauern zufrieden mit Hexenverfolgung"§!, mit den folgenden Auswirkungen:\nRisiko lokaler Revolte: §G-10.0%§!\n\n;;§Y[bg_spouse.GetTitledFirstName]§! será encarcelad[bg_spouse.GetOA] hasta el momento del juicio.\n\nToda tu heredad recibe §Y'Campesinos complacidos con Caza de brujas'§! durante 60 días, causando los siguientes efectos:\nRiesgo de revuelta local: §G-10,0%§!\n\n;;;;;;;;;x
EVTOPTA_RIP_13208;[bg_dislike_1.GetTitledFirstName] is a [bg_dislike_1.GetWarlockWitch]!;[bg_dislike_1.Get_Le_TitledFirstName] est un[bg_dislike_1.Get_E] [bg_dislike_1.GetWarlockWitch]!;[bg_dislike_1.GetTitledFirstName] ist [bg_spouse.Geteineine] [bg_dislike_1.GetWarlockWitch]!;;¡[bg_dislike_1.GetTitledFirstName] es un[bg_dislike_1.GetXA] [bg_dislike_1.GetWarlockWitch]!;;;;;;;;;x
EVTOPTA_RIP_13208_TOOLTIP;§Y[bg_dislike_1.GetTitledFirstName]§! will be imprisoned until it is time for judgment.\n\nAll of your Demesne gets §Y'Peasants Pleased With Witch Hunt'§! for 60 days, giving the following effects:\nLocal Revolt Risk: §G-10.0%§!\n\n;[bg_dislike_3.Get_Le_TitledFirstNameJ] ira dans vos cachots jusqu'au procès.\n\nTout votre domaine obtient '§YLes paysans sont contents de la chasse aux sorcières§!' pendant 60 jours, avec les effets suivants :\nRisque local de révolte: §G-10%§!\n\n;§Y[bg_dislike_1.GetTitledFirstName]§! wird bis zur Verurteilung eingesperrt.\n\nEure gesamte Domäne erhält 60 Tage lang §Y"Bauern zufrieden mit Hexenverfolgung"§! mit den folgenden Auswirkungen:\nRisiko lokaler Revolte: §G-10.0%§!\n\n;;§Y[bg_dislike_1.GetTitledFirstName]§! será encarcelad[bg_dislike_1.GetOA] hasta el momento del juicio.\n\nToda tu heredad recibe §Y'Campesinos complacidos con Caza de brujas'§! durante 60 días, causando los siguientes efectos:\nRiesgo de revuelta local: §G-10,0%§!\n\n;;;;;;;;;x
EVTOPTA_RIP_13230;Light the pyres!;Allumez les bûchers !;Entzündet die Scheiterhaufen!;;¡Encended las hogueras!;;;;;;;;;x
EVTOPTA_RIP_13230_TOOLTIP;§Y'Peasant Unrest'§! will be removed from all of your Demesne.\n\n;'§YAgitation des paysans§!' sera retiré de tout votre domaine.\n\n;§Y"Unruhe unter den Bauern"§! wird von Eurer gesamten Domäne entfernt.\n\n;;§Y'Descontento campesino'§! desaparecerá de toda tu heredad.\n\n;;;;;;;;;x
EVTOPTA_RIP_13232;I did what I had to do.;J'ai fait ce que j'avais à faire.;Ich habe getan, was getan werden musste.;;Hice lo que había que hacer.;;;;;;;;;x
EVTOPTA_RIP_13233;I pray it will be over now.;Je prie pour que cela se finisse.;Ich bete darum, dass all dies nun ein Ende hat.;;Rezo porque todo se haya acabado.;;;;;;;;;x
EVTOPTA_RIP_13235;My [bg_relative_witch.GetFirstName]...;M[bg_relative_witch.GetOnA] pauvre [bg_relative_witch.GetFirstName]...;Oh, [bg_relative_witch.GetFirstName] ...;;Mi [bg_relative_witch.GetFirstName]…;;;;;;;;;x
EVTOPTA_RIP_13235_TOOLTIP;[bg_relative_witch.GetTitledFirstName] has been killed by people believing [bg_relative_witch.GetHerHim] to be a [bg_relative_witch.GetWarlockWitch].\n;[bg_relative_witch.Get_Le_TitledFirstName] a trouvé la mort. Ses meurtriers croyaient que c'était un[bg_relative_witch.Get_E] [bg_relative_witch.GetWarlockWitch].\n;[bg_relative_witch.GetTitledFirstName] wurde von Menschen getötet, die glaubten, [bg_relative_witch.GetSheHe] sei [bg_relative_witch.Geteineine] [bg_relative_witch.GetWarlockWitch].\n;;[bg_relative_witch.GetFirstName] fue asesinad[bg_relative_witch.GetOA] por gente que creía que era un[bg_relative_witch.GetXA] [bg_relative_witch.GetWarlockWitch].\n;;;;;;;;;x
EVTOPTA_RIP_13500;They're right. I should make more of an effort.;Ils ont raison. Je devrais faire plus d'efforts.;Sie haben recht. Ich sollte mich mehr darum kümmern.;;Tienen razón. Debería esforzarme más.;;;;;;;;;x
EVTOPTA_RIP_13500_TOOLTIP;You start attending temple twice a day.\n;Vous vous rendez au temple deux fois par jour.\n;Ihr werdet nun zweimal täglich im Tempel erscheinen.\n;;Empiezas a acudir al templo dos veces al día.\n;;;;;;;;;x
EVTOPTA_RIP_13501;I beg the gods are pleased as well.;Je prie pour que les dieux soient satisfaits eux aussi.;Ich hoffe, die Götter sind ebenfalls zufrieden.;;Espero que los dioses también estén satisfechos.;;;;;;;;;x
EVTOPTA_RIP_13502;Let's keep up the charade! Peasants truly are too easy to fool.;Continuons la mascarade ! Les paysans sont vraiment trop faciles à tromper.;Haltet die Farce aufrecht! Die Bauern sind doch wirklich zu leicht zu belügen!;;¡Mantengamos la farsa! Sí que resulta fácil engañar a los campesinos.;;;;;;;;;x
EVTOPTA_RIP_13502_TOOLTIP;Depending on your skills of deception the commoners may or may not end up completely calmed.\n\n;Selon vos talents en duperie, les roturiers pourraient ne pas être complètement calmés.\n\n;Abhängig von Euren Fertigkeiten auf dem Gebiet der Irreführung wird das Volk mehr oder weniger vollständig zur Ruhe kommen.\n\n;;Dependiendo de tus habilidades de engaño, los campesinos pueden terminar completamente calmados o no.\n\n;;;;;;;;;x
EVTOPTA_RIP_13503;Humble beginnings or not, the child could be a good servant.;En dépit d'une origine possiblement modeste, cet enfant pourrait devenir un bon domestique.;Es würde eine Weile dauern, aber aus dem Kind könnte ein guter Diener werden.;;Inicios humildes o no, el chico podría ser un buen sirviente.;;;;;;;;;x
EVTOPTA_RIP_13503_TOOLTIP;A child named §Y[zealous_child.GetBestName]§! appears at your court.\n§Y'Civil Unrest'§! will be removed from all of your Demesne\n;Un enfant qui s'appelle §Y[zealous_child.GetBestName]§! arrive à votre Cour.\n'§YTroubles civils§!' sera retiré de tout votre domaine\n;Ein Kind namens §Y[zealous_child.GetBestName]§! erscheint an Eurem Hof.\n§Y"Bürgerunruhen"§! wird von Eurer gesamten Domäne entfernt.\n;;Un niño llamado §Y[zealous_child.GetBestName]§! aparece en tu corte.\n§Y'Descontento civil'§! desaparecerá de tu heredad\n;;;;;;;;;x
EVTOPTA_RIP_13504;Filthy peasants, how dare they?!;Ces paysans crasseux, comment osent-ils ?;Was fällt diesen schmutzigen Bauern ein?!;;Asquerosos plebeyos, ¡¿cómo osan?!;;;;;;;;;x
EVTOPTA_RIP_13504_TOOLTIP;All of your Demesne gets §Y'Furious Peasants'§! for ten years, giving the following effects:\nLocal Revolt Risk: §R+25.0%§!\nLocal Tax Modifier: §R-75.0%§!\n;Tout votre domaine obtient '§YPaysans furieux§!' pendant dix ans, avec pour effets :\nRisque local de révolte : §R+25%§!\nModificateur local d'impôt : §R-75%§!\n;Eure gesamte Domäne erhält 10 Jahre lang §Y"Wütende Bauern"§!, mit den folgenden Auswirkungen:\nRisiko lokaler Revolte: §R+25.0%§!\nLokaler Steuermodifikator: §R-75.0%§!\n;;Toda tu heredad recibe §Y'Campesinos furiosos'§! Durante 10 años, causando los siguientes efectos: \nRiesgo de revuelta local: §R+25,0%§!\nModificador de impuestos locales: §R-75,0%§!\n;;;;;;;;;x
EVTOPTA_RIP_13505;I love a good ruse.;J'adore les bonnes ruses.;Ein schönes Täuschungsmanöver ist genau mein Fall.;;Me encanta un buen truco.;;;;;;;;;x
EVTOPTA_RIP_13505_TOOLTIP;§Y'Civil Unrest'§! will be removed from all of your Demesne\n;'§YTroubles civils§!' sera retiré de tout votre domaine\n;§Y"Bürgerunruhen"§! wird von Eurer gesamten Domäne entfernt.\n;;§Y'Descontento civil'§! desaparecerá de tu heredad\n;;;;;;;;;x
EVTOPTA_RIP_13506;Vandalizing a TEMPLE? Off with their heads!;Ils ont saccagé un temple ?? Qu'on leur coupe la tête !;Sie haben einen TEMPEL beschädigt? Ihre Köpfe müssen rollen dafür!;;¿Destrozar un TEMPLO? ¡Que les corten la cabeza!;;;;;;;;;x
EVTOPTA_RIP_13506_TOOLTIP;You execute the street urchins, increasing the morale of your workers.\n\n§Y'Civil Unrest'§! will be removed from all of your Demesne\n;Vous exécutez les garnements, ce qui améliore le moral de vos travailleurs\n\n'§YTroubles civils§!' sera retiré de tout votre domaine\n;Ihr lasst die Straßenkinder hinrichten, um die Moral Eurer Arbeiter zu verbessern.\n\n§Y"Bürgerunruhen"§! wird von Eurer gesamten Domäne entfernt.\n;;Ejecutas a esos golfillos, aumentando la moral de tus trabajadores.\n\n§Y'Descontento civil'§! desaparecerá de tu heredad\n;;;;;;;;;x
EVTOPTA_RIP_13507;Some people sure work well under pressure.;Certaines personnes travaillent bien mieux sous la pression.;Manche Menschen arbeiten unter Druck besonders gut.;;Alguna gente sabe trabajar bien bajo presión.;;;;;;;;;x
EVTOPTA_RIP_13507_TOOLTIP;§YFurious Peasants§! will be removed from all of your counties.\n;'§YPaysans furieux§!' sera retiré de tous vos comtés\n;§Y"Wütende Bauern"§! wird von all Euren Provinzen entfernt.\n;;§Y'Campesinos furiosos'§! desaparecerá de tus dominios\n;;;;;;;;;x
EVTOPTA_RIP_13508;That fool of a child! I should never have taken [vagrant_child_1.GetHerHim] in.;Quelle canaille ! Je n'aurais jamais dû [vagrant_child_1.GetLeLa] prendre à ma Cour.;Das törichte Kind! Ich hätte [vagrant_child_1.GetHerHim] nie aufnehmen sollen.;;¡Qué crí[vagrant_child_1.GetOA] más idiota! Nunca debería haber[vagrant_child_1.GetRleRla] acogido.;;;;;;;;;x
EVTOPTA_RIP_13508_TOOLTIP;Your attempts to quell the peasant unrest fail.\nAll of your Demesne gets §Y'Furious Peasants'§! for ten years, giving the following effects:\nLocal Revolt Risk: §R+25.0%§!\nLocal Tax Modifier: §R-75.0%§!\n;Vos tentatives de calmer l'agitation des paysans échouent.\nTout votre domaine obtient '§YPaysans furieux§!' pendant dix ans, avec pour effets :\nRisque local de révolte : §R+25%§!\nModificateur local d'impôt : §R-75%§!\n;Eure Bemühungen zur Unterdrückung der Bauernunruhen scheitern.\nEure gesamte Domäne erhält 10 Jahre lang §Y"Wütende Bauern"§!, mit den folgenden Auswirkungen:\nRisiko lokaler Revolte: §R+25.0%§!\nLokaler Steuermodifikator: §R-75.0%§!\n;;Tu intento de sofocar el descontento de los campesinos fracasa.\nToda tu heredad recibe §Y'Campesinos furiosos'§! durante 10 años, causando los siguientes efectos: \nRiesgo de revuelta local: §R+25,0%§!\nModificador de impuestos locales: §R-75,0%§!\n;;;;;;;;;x

EVTOPTB_RIP_13001;No, the cats are not to blame.;Non, les chats ne sont pas à blâmer.;Nein, den Katzen kommt keine Schuld zu.;;No, los gatos no tienen la culpa.;;;;;;;;;x
EVTOPTB_RIP_13002;Keep some for observation.;Gardez-en en observation.;Behaltet sie zur Überwachung.;;Guarda algunos para observarlos.;;;;;;;;;x
EVTOPTB_RIP_13003;Cats are not the cause.;Les chats ne sont pas la cause.;Die Katzen sind nicht der Auslöser.;;Los gatos no son la causa.;;;;;;;;;x
EVTOPTB_RIP_13003_TOOLTIP;You calm the mob down with a convincing speech;Vous calmez la foule avec un discours convaincant;Ihr beruhigt den Pöbel mit einer überzeugenden Ansprache.;;Calmas a la multitud con un discurso convincente;;;;;;;;;x
EVTOPTB_RIP_13004;We can keep it a secret. But you owe me.;Nous pouvons garder un secret. Mais vous me devez une faveur.;Es bleibt unser Geheimnis. Aber Ihr seid mir einen Gefallen schuldig.;;Será un secreto. Pero me debes una.;;;;;;;;;x
EVTOPTB_RIP_13006;I will call her 'Mittens', my new sweetheart.;Je vais l'appeler « Moufle »;Ich werde meinen neuen Liebling Schnurri nennen.;;La llamaré «Mitones», mi nuevo amor.;;;;;;;;;x
EVTOPTB_RIP_13007;I cannot argue with my liege.;Je ne peux pas discuter avec m[Root.Liege.GetOnA] [Root.Liege.GetLordLady] lige.;Ich muss mich der Entscheidung meines Lehnsherrn beugen.;;No puedo discutir con mi señor.;;;;;;;;;x
EVTOPTB_RIP_13011;You have no power here!;Vous n'avez pas de pouvoir ici !;Ihr habt hier nichts zu sagen!;;¡No tenéis poder aquí!;;;;;;;;;x
EVTOPTB_RIP_13201;Warn the court - everyone must stay vigilant!;Prévenir la Cour qu'il faut rester vigilant !;Warnt den Hof – wir alle müssen wachsam sein!;;Avisa a la corte, ¡todos deben estar alerta!;;;;;;;;;x
EVTOPTB_RIP_13201_TOOLTIP;Make sure that all of your courtiers are watching for signs of witchcraft.\n;S'assurer que tous vos courtisans fassent attention à tout signe de sorcellerie.\n;Sorgt dafür, dass alle Höflinge die Augen nach Zeichen von Hexerei offenhalten.\n;;Cerciórate de que todos tus cortesanos buscan señales de brujería.\n;;;;;;;;;x
EVTOPTB_RIP_13203;These accusations are preposterous! [bg_likely_witch.GetFirstName] is [Root.Religion.GetHighGodName]'s faithful servant!;Ces accusations sont ridicules ! [bg_likely_witch.GetFirstName] sert fidèlement [Root.Get_le_HighGod]!;Diese Anschuldigungen sind absolut haltlos! [bg_likely_witch.GetFirstName] ist [Root.Religion.GetHighGodName] treu ergeben!;;¡Estas acusaciones son ridículas! ¡[bg_likely_witch.GetFirstName] es un[bg_likely_witch.GetXA] fiel servidor[bg_likely_witch.GetXA] de [Root.Religion.GetHighGodName]!;;;;;;;;;x
EVTOPTB_RIP_13203_TOOLTIP;You dismiss the intelligence §Y[bg_witch_finder.GetTitledFirstName]§! gave you.\n;Vous écartez les informations que [bg_witch_finder.Get_le_TitledFirstNameJ] vous a données.\n;Ihr ignoriert die Informationen, die §Y[bg_witch_finder.GetTitledFirstName]§! Euch gegeben hat.\n;;Desdeñas la información que te dio §Y[bg_witch_finder.GetTitledFirstName]§!.\n;;;;;;;;;x
EVTOPTB_RIP_13204;There is only one [bg_rival_2.GetWarlockWitch] here and that is [bg_rival_2.GetTitledFirstName]!;Il n'y a qu'un[bg_rival_2.Get_E] [bg_rival_2.GetWarlockWitch] ici et il s'agit [bg_rival_2.Get_du_TitledFirstName]!;Es gibt nur eine[bg_rival_2.GetnMale] [bg_rival_2.GetWarlockWitch] hier und das ist [bg_rival_2.GetTitledFirstName]!;;¡Aquí solo hay un[bg_rival_2.GetXA] [bg_rival_2.GetWarlockWitch] y es [bg_rival_2.GetTitledFirstName]!;;;;;;;;;x
EVTOPTB_RIP_13204_TOOLTIP;§Y[bg_rival_2.GetTitledFirstName]§! will be imprisoned until it is time for judgment.\n\nAll of your Demesne gets §Y'Peasants Pleased With Witch Hunt'§! for 60 days, giving the following effects:\nLocal Revolt Risk: §G-10.0%§!\n\n;[bg_rival_2.Get_Le_TitledFirstNameJ] ira dans vos cachots jusqu'au procès.\n\nTout votre domaine obtient '§YLes paysans sont contents de la chasse aux sorcières§!' pendant 60 jours, avec les effets suivants :\nRisque local de révolte: §G-10%§!\n\n;§Y[bg_rival_2.GetTitledFirstName]§! wird bis zur Verurteilung eingesperrt.\n\nEure gesamte Domäne erhält 60 Tage lang §Y"Bauern zufrieden mit Hexenverfolgung"§! mit den folgenden Auswirkungen:\nRisiko lokaler Revolte: §G-10.0%§!\n\n;;§Y[bg_rival_2.GetTitledFirstName]§! será encarcelad[bg_rival_2.GetOA] hasta el momento del juicio.\n\nToda tu heredad recibe §Y'Campesinos complacidos con Caza de brujas'§! durante 60 días, causando los siguientes efectos:\nRiesgo de revuelta local: §G-10,0%§!\n\n;;;;;;;;;x
EVTOPTB_RIP_13207;Keep your nose out of others' business!;Mêlez-vous de vos affaires !;Aus anderer Leute Angelegenheiten solltet Ihr Euch heraushalten!;;¡No metas las narices en asuntos ajenos!;;;;;;;;;x
EVTOPTB_RIP_13207_TOOLTIP;You dismiss the intelligence §Y[bg_jealous_lover.GetTitledFirstName]§! gave you.\n;Vous écartez les informations que [bg_jealous_lover.Get_le_TitledFirstNameJ] vous a donné.\n;Ihr ignoriert die Informationen, die §Y[bg_jealous_lover.GetTitledFirstName]§! Euch gegeben hat.\n;;Desdeñas la información que te dio §Y[bg_jealous_lover.GetTitledFirstName]§!.\n;;;;;;;;;x
EVTOPTB_RIP_13208;Imprison the heretic [bg_dislike_2.GetTitledFirstName]!;Emprisonnez [bg_dislike_2.Get_le_TitledFirstName] l'hérétique !;[bg_dislike_2.GetTitledFirstName] wegen Ketzerei einsperren!;;¡Encarcelad a [bg_dislike_2.GetTitledFirstName] por hereje!;;;;;;;;;x
EVTOPTB_RIP_13208_TOOLTIP;§Y[bg_dislike_2.GetTitledFirstName]§! will be imprisoned until it is time for judgment.\n\nAll of your Demesne gets §Y'Peasants Pleased With Witch Hunt'§! for 60 days, giving the following effects:\nLocal Revolt Risk: §G-10.0%§!\n\n;[bg_dislike_2.Get_Le_TitledFirstNameJ] ira dans vos cachots jusqu'au procès.\n\nTout votre domaine obtient '§YLes paysans sont contents de la chasse aux sorcières§!' pendant 60 jours, avec les effets suivants :\nRisque local de révolte: §G-10%§!\n\n;§Y[bg_dislike_2.GetTitledFirstName]§! wird bis zur Verurteilung eingesperrt.\n\nEure gesamte Domäne erhält 60 Tage lang §Y"Bauern zufrieden mit Hexenverfolgung"§! mit den folgenden Auswirkungen:\nRisiko lokaler Revolte: §G-10.0%§!\n\n;;§Y[bg_dislike_2.GetTitledFirstName]§! será encarcelad[bg_dislike_2.GetOA] hasta el momento del juicio.\n\nToda tu heredad recibe §Y'Campesinos complacidos con Caza de brujas'§! durante 60 días, causando los siguientes efectos:\nRiesgo de revuelta local: §G-10,0%§!\n\n;;;;;;;;;x
EVTOPTB_RIP_13230;Let them rot in the dungeon.;Qu'ils croupissent au cachot.;Lasst sie im Kerker verrotten.;;Que se pudran en las mazmorras.;;;;;;;;;x
EVTOPTB_RIP_13230_TOOLTIP;You let the prisoners rot in the dungeon.;Vous laissez les prisonniers croupir au cachot.;Ihr lasst die Gefangenen im Kerker verrotten.;;Dejas que los prisioneros se pudran en las mazmorras.;;;;;;;;;x
EVTOPTB_RIP_13500;I can't risk being infected by the recent disease. Send a double!;Je ne peux pas risquer l'infection par la récente maladie. Envoyons un double !;Das kann ich nicht riskieren, die Ansteckungsgefahr ist zu groß! Schickt einen Doppelgänger!;;No puedes arriesgarte a contagiarte con la actual enfermedad. ¡Envía un doble!;;;;;;;;;x
EVTOPTB_RIP_13500_TOOLTIP;You order your [Root.GetSpymasterName] §Y[hindu_spymaster.GetFirstName]§! to hire an actor to attend temple for you twice a day.\n;Vous ordonnez à votre [Root.GetSpymasterName], §Y[hindu_spymaster.GetFirstName]§!, d'embaucher un acteur pour aller au temple deux fois par jour à ma place.\n;Ihr gebt Anweisung an den [Root.GetSpymasterName] §Y[hindu_spymaster.GetFirstName]§!, einen Schauspieler zu engagieren, der zweimal am Tag für Euch den Tempel besucht.\n;;Ordenas a tu [Root.GetSpymasterName] §Y[hindu_spymaster.GetFirstName]§! que contrate un actor para que acuda al templo en tu lugar dos veces al día.\n;;;;;;;;;x
EVTOPTB_RIP_13502;I should stop this while I can.;Je devrais arrêter ceci dès que je le peux.;Ich sollte die Sache abbrechen, solange ich das noch kann.;;Debería parar mientras puedo.;;;;;;;;;x
EVTOPTB_RIP_13502_TOOLTIP;You call of the deception.\n\n;Vous interrompez la duperie.\n\n;Ihr brecht den Betrug ab.\n\n;;Terminas con el engaño.\n\n;;;;;;;;;x
EVTOPTB_RIP_13503;I don't worship for fame, nor will I tear a child from their family.;Je n'adore ni pour la renommée ni pour arracher un enfant à sa famille.;Ich huldige nicht des Ruhmes wegen, noch habe ich vor, den Eltern ihr Kind zu entreißen.;;Ni adoro por fama, ni arrancaré a un niño de su familia.;;;;;;;;;x
EVTOPTB_RIP_13503_TOOLTIP;You provide the family with a small gift, recommending they send the youngster to temple studies instead.\n§Y'Civil Unrest'§! will be removed from all of your Demesne\n;Vous envoyez à la famille un petit présent en leur recommandant d'envoyer le plus jeune s'instruire au temple.\n'§YTroubles civils§!' sera retiré de tout votre domaine\n;Ihr sendet der Familie ein kleines Geschenk und schlagt vor, das Kind stattdessen zum Lernen zum Tempel zu schicken.\n§Y"Bürgerunruhen"§! wird von Eurer gesamten Domäne entfernt.\n;;Proporcionas a la familia un pequeño regalo, recomendando que envíen al joven a estudiar al templo.\n§Y'Descontento civil'§! desaparecerá de tu heredad\n;;;;;;;;;x
EVTOPTB_RIP_13504;I'll have to fire that worthless [Root.GetSpymasterName] of mine!;Je vais renvoyer mon [Root.GetSpymasterName]!;Ich muss meinen nutzlosen [Root.GetSpymasterName] endlich feuern!;;¡Tengo que despedir al mi inútil [Root.GetSpymasterName]!;;;;;;;;;x
EVTOPTB_RIP_13504_TOOLTIP;You blame it all on your [Root.GetSpymasterName]!\n\n;Vous mettez tout sur le dos de votre [Root.GetSpymasterName]!;Ihr gebt dem [Root.GetSpymasterName] die volle Verantwortung!\n\n;;¡Echas la culpa de todo a [Root.GetSpymasterName]!\n\n;;;;;;;;;x
EVTOPTB_RIP_13505;I couldn't have done it without my trusted [Root.GetSpymasterName].;Je n'aurais pu y parvenir sans l'aide de notre [Root.GetSpymasterName].;Ohne meinen [Root.GetSpymasterName] hätte ich das niemals geschafft.;;No lo habría conseguido sin mi leal [Root.GetSpymasterName].;;;;;;;;;x
EVTOPTB_RIP_13506;They can have shelter - in prison!;Ils peuvent se réfugier... en prison !;Sie sollen eine Zuflucht bekommen – im Kerker!;;Tendréis refugio… ¡en prisión!;;;;;;;;;x
EVTOPTB_RIP_13506_TOOLTIP;You imprison the vandals.\n\n;Vous emprisonnez les vandales.\n\n;Ihr lasst die Vandalen einsperren.\n\n;;Encarcelas a los vándalos.\n\n;;;;;;;;;x
EVTOPTB_RIP_13507;This is highly unfortunate!;Cette situation est très regrettable !;Das ist äußerst bedauerlich!;;¡Esto es muy desafortunado!;;;;;;;;;x
EVTOPTB_RIP_13507_TOOLTIP;Your attempt to placate the peasants fail.;Votre tentative de calmer les paysans a échoué.;Eure Versuche, die Bauern zu beruhigen, scheitern.;;Tus intentos de apaciguar a los campesinos fracasan.;;;;;;;;;x
EVTOPTB_RIP_13508;Superstitious peasants! What about my investment?;Paysans superstitieux ! Qu'en est-il de mon investissement ?;Abergläubische Bauern! Was ist mit dem Geld, das ich investiert habe?;;¡Campesinos supersticiosos! Y mi inversión, ¿qué?;;;;;;;;;x

EVTOPTC_RIP_13003;Cats seem mostly healthy.;Les chats semblent la plupart du temps en bonne santé.;Die Katzen erscheinen größtenteils gesund.;;La mayoría de los gatos parecen sanos.;;;;;;;;;x
EVTOPTC_RIP_13003_TOOLTIP;Try your best to explain the cat situation.;Faire au mieux pour expliquer le cas des chats.;Versucht, die Katzensituation so gut wie möglich zu erklären.;;Haces lo que puedes para explicar la situación gatuna.;;;;;;;;;x
EVTOPTC_RIP_13006;I will call her 'Boots', my new sweetheart.;Je vais l'appeler « Chaussette »;Ich werde meinen neuen Liebling Mieze nennen.;;La llamaré «Botitas», mi nuevo amor.;;;;;;;;;x
EVTOPTC_RIP_13200;Nonsense! There are no such things as warlocks and witches!;Quelles absurdités ! Les sorciers et les sorcières n'existent pas !;Unfug! Es gibt weder Hexer noch Hexen!;;¡Absurdo! ¡Brujos y brujas no existen!;;;;;;;;;x
EVTOPTC_RIP_13200_TOOLTIP;You dismiss the rumors and the concerns of [Root.GetLordSpiritualName].\n\nAll of your Demesne gets §Y'Peasant Crisis'§! for 10 years, giving the following effects:\nLocal Revolt Risk: §R+15.0%§!\nLocal Tax Modifier: §R-75.0%§!\n\n;Vous rejetez les rumeurs et les préoccupations de [Root.GetLordSpiritualName].\n\nTout votre domaine obtient '§YCrise paysanne§!' pendant dix ans, avec pour effets : \nRisque local de révolte : §R+15%§!\nModificateur local d'impôt : §R-75%§!\n\n;Ihr schlagt die Gerüchte und die Belange von Eurem [Root.GetLordSpiritualName] in den Wind.\n\nEure gesamte Domäne erhält 10 Jahre lang §Y"Bauernkrise"§! mit den folgenden Auswirkungen:\nRisiko lokaler Revolte: §R+15.0%§!\nLokaler Steuermodifikator: §R-75.0%§!\n\n;;Desdeña los rumores y las preocupaciones de [Root.GetLordSpiritualName].\n\nToda tu heredad recibe §Y'Descontento campesino'§! durante 10 años, causando los siguientes efectos: \nRiesgo de revuelta local: §R+15,0%§!\nModificador de impuestos locales: §R-75,0%§! \n\n;;;;;;;;;x
EVTOPTC_RIP_13201;Actually, I already have my suspicions...;En fait, j'ai déjà ma petite idée...;Offen gesagt, habe ich bereits den einen oder anderen Verdacht ...;;En realidad, ya tengo mis sospechas…;;;;;;;;;x
EVTOPTC_RIP_13201_TOOLTIP;Take the opportunity and denounce someone you dislike as a practitioner of witchcraft.\n;Saisir l'occasion pour accuser quelqu'un que vous n'appréciez pas de pratiquer la sorcellerie.\n;Nutzt die Gelegenheit und denunziert einen ungeliebten Menschen als Schüler der Hexerei.\n;;Aprovecha la oportunidad y acusa a alguien a quien aborreces de practicar brujería.\n;;;;;;;;;x
EVTOPTC_RIP_13204;I'm no fool! Both of you worship [Root.Religion.GetRandomEvilGodName]!;Je suis loins d'être bête ! Vous suivez tous les deux [Root.Religion.GetRandomEvilGodName]!;Ich bin kein Narr! Alle beide seid Ihr Anhänger von [Root.Religion.GetRandomEvilGodName]!;;¡No soy ningún idiota! ¡Ambos adoráis a [Root.Religion.GetRandomEvilGodName]!;;;;;;;;;x
EVTOPTC_RIP_13204_TOOLTIP;§Y[bg_rival_1.GetTitledFirstName]§! and §Y[bg_rival_2.GetTitledFirstName]§! will be imprisoned until it is time for judgment.\n\nAll of your Demesne gets §Y'Peasants Pleased With Witch Hunt'§! for 60 days, giving the following effects:\nLocal Revolt Risk: §G-10.0%§!\n\n;[bg_rival_1.Get_Le_TitledFirstNameJ] et [bg_rival_2.Get_le_TitledFirstNameJ] iront dans vos cachots jusqu'au procès.\n\nTout votre domaine obtient '§YLes paysans sont contents de la chasse aux sorcières§!' pendant 60 jours, avec les effets suivants :\nRisque local de révolte: §G-10%§!\n\n;§Y[bg_rival_1.GetTitledFirstName]§! und §Y[bg_rival_2.GetTitledFirstName]§! werden bis zur Verurteilung eingesperrt.\n\nEure gesamte Domäne erhält 60 Tage lang §Y"Bauern zufrieden mit Hexenverfolgung"§! mit den folgenden Auswirkungen:\nRisiko lokaler Revolte: §G-10.0%§!\n\n;;§Y[bg_rival_1.GetTitledFirstName]§! y §Y[bg_rival_2.GetTitledFirstName]§! serán encarcelados hasta el momento del juicio.\n\nToda tu heredad recibe §Y'Campesinos complacidos con Caza de brujas'§! durante 60 días, causando los siguientes efectos:\nRiesgo de revuelta local: §G-10,0%§!\n\n;;;;;;;;;x
EVTOPTC_RIP_13208;[bg_dislike_3.GetTitledFirstName] is to blame for the affliction!;[bg_dislike_3.Get_Le_TitledFirstName] est à blâmer pour l'affliction !;[bg_dislike_3.GetTitledFirstName] ist für das Leiden verantwortlich!;;¡[bg_dislike_3.GetTitledFirstName] tiene la culpa de la enfermedad!;;;;;;;;;x
EVTOPTC_RIP_13208_TOOLTIP;§Y[bg_dislike_3.GetTitledFirstName]§! will be imprisoned until it is time for judgment.\n\nAll of your Demesne gets §Y'Peasants Pleased With Witch Hunt'§! for 60 days, giving the following effects:\nLocal Revolt Risk: §G-10.0%§!\n\n;[bg_dislike_3.Get_Le_TitledFirstNameJ] ira dans vos cachots jusqu'au procès.\n\nTout votre domaine obtient '§YLes paysans sont contents de la chasse aux sorcières§!' pendant 60 jours, avec les effets suivants :\nRisque local de révolte: §G-10%§!\n\n;§Y[bg_dislike_3.GetTitledFirstName]§! wird bis zur Verurteilung eingesperrt.\n\nEure gesamte Domäne erhält 60 Tage lang §Y"Bauern zufrieden mit Hexenverfolgung"§! mit den folgenden Auswirkungen:\nRisiko lokaler Revolte: §G-10.0%§!\n\n;;§Y[bg_dislike_3.GetTitledFirstName]§! será encarcelad[Root.GetOA][bg_dislike_3.GetOA] hasta el momento del juicio.\n\nToda tu heredad recibe §Y'Campesinos complacidos con Caza de brujas'§! durante 60 días, causando los siguientes efectos:\nRiesgo de revuelta local: §G-10,0%§!\n\n;;;;;;;;;x
EVTOPTC_RIP_13230;Teach them about [Root.Religion.GetHighGodName]'s great mercy.;Enseignons-leur la miséricorde qu'accorde [Root.Get_le_HighGod].;Lasst sie erfahren, wie barmherzig [Root.Religion.GetHighGodName] sein kann.;;Muéstrales la gran misericordia de [Root.Religion.GetHighGodName].;;;;;;;;;x
EVTOPTC_RIP_13500;I shall build a temple for the restless souls.;Je vais faire construire un temple pour les âmes agitées.;Ich werde für die verlorenen Seelen einen Tempel erbauen lassen.;;Construiré un templo para las almas inquietas.;;;;;;;;;x
EVTOPTC_RIP_13500_TOOLTIP;You order the construction of a temple nearby [Root.Capital.GetName].\n;Vous ordonnez la construction d'un temple à proximité de [Root.Capital.GetName].\n;Ihr veranlasst den Bau eines Tempels unweit von [Root.Capital.GetName].\n;;Ordenas la construcción de un templo cerca de [Root.Capital.GetName].\n;;;;;;;;;x
EVTOPTC_RIP_13506;These are the villains? But they are children!;Ce sont les coupables ? Mais ce sont des enfants !;Das sollen die Übeltäter sein? Aber das sind doch Kinder!;;¿Estos son los villanos? ¡Pero si son niños!;;;;;;;;;x
EVTOPTC_RIP_13506_TOOLTIP;You take pity on the vagrant youths. Two youngsters named §Y[vagrant_child_1.GetBestName]§! and §Y[vagrant_child_2.GetBestName]§! join your court.\n\nAll of your Demesne gets §Y'Furious Peasants'§! for ten years, giving the following effects:\nLocal Revolt Risk: §R+25.0%§!\nLocal Tax Modifier: §R-75.0%§!\n;Vous avez pitié des jeunes vagabonds. Les deux plus jeunes, [vagrant_child_1.Get_only_le_Title]§Y[vagrant_child_1.GetBestName]§! et [vagrant_child_2.Get_only_le_Title]§Y[vagrant_child_2.GetBestName]§!, rejoignent votre Cour.\n\nTout votre domaine obtient '§YPaysans furieux§!' pendant dix ans, avec pour effets :\nRisque local de révolte : §R+25%§!\nModificateur local d'impôt : §R-75%§!\n;Ihr habt Mitleid mit den heimatlosen Jugendlichen. Die beiden Jugendlichen §Y[vagrant_child_1.GetBestName]§! und §Y[vagrant_child_2.GetBestName]§! schließen sich Eurem Hof an.\n\nEure gesamte Domäne erhält 10 Jahre lang §Y"Wütende Bauern"§!, mit den folgenden Auswirkungen:\nRisiko lokaler Revolte: §R+25.0%§!\nLokaler Steuermodifikator: §R-75.0%§!\n;;Tienes compasión con los jóvenes vagabundos. Dos jóvenes llamados se unen a la corte.\n\nToda tu heredad recibe §Y'Campesinos furiosos'§! durante 10 años, causando los siguientes efectos: \nRiesgo de revuelta local: §R+25,0%§!\nModificador de impuestos locales: §R-75,0%§!\n;;;;;;;;;x

EVTOPTD_RIP_13003;Get rid of all cats!;Débarrassons-nous de tous les chats !;Beseitigt alle Katzen!;;¡Líbrate de todos los gatos!;;;;;;;;;x
EVTOPTD_RIP_13006;The people would not approve.;Le peuple n'approuverait pas.;Die Leute würden das nicht gutheißen.;;La gente no lo aceptará.;;;;;;;;;x
EVTOPTD_RIP_13201;These stories are ridiculous. Stop wasting my time!;Ces histoires sont ridicules. Arrêtez de me faire perdre mon temps !;Diese Geschichten sind lachhaft. Hört auf, meine Zeit zu verschwenden!;;Estas historias son ridículas. ¡Basta de hacerme perder el tiempo!;;;;;;;;;x
EVTOPTD_RIP_13201_TOOLTIP;You dismiss the witnesses and the concerns of [Root.GetLordSpiritualName].\n;Vous rejetez les témoignages et les préoccupations de [Root.GetLordSpiritualName].\n;Ihr erteilt den Zeugen und Bedenken von Eurem [Root.GetLordSpiritualName] eine Absage.\n;;Desdeña los testigos y las preocupaciones de [Root.GetLordSpiritualName].\n;;;;;;;;;x
EVTOPTD_RIP_13204;This is absurd! Get out of my sight!;C'est absurde ! Hors de ma vue !;Das ist absurd! Geht mir aus den Augen!;;¡Esto es ridículo! ¡Fuera de mi vista!;;;;;;;;;x
EVTOPTD_RIP_13204_TOOLTIP;You dismiss §Y[bg_rival_1.GetTitledFirstName]§! and §Y[bg_rival_2.GetTitledFirstName]§!.\n;Vous renvoyez [bg_rival_1.Get_le_TitledFirstNameJ] et [bg_rival_2.Get_le_TitledFirstNameJ].\n;Ihr verabschiedet §Y[bg_rival_1.GetTitledFirstName]§! und §Y[bg_rival_2.GetTitledFirstName]§!.\n;;Echas a §Y[bg_rival_1.GetTitledFirstName]§! y §Y[bg_rival_2.GetTitledFirstName]§!.\n;;;;;;;;;x
EVTOPTD_RIP_13208;I will be merciful and accuse no one.;Je ferai preuve de miséricorde et n'accuserai personne.;Ich werde Milde walten lassen und niemanden beschuldigen.;;Tendré compasión y no acusaré a nadie.;;;;;;;;;x
EVTOPTD_RIP_13500;I am [Root.GetTitle]! I do as I please.;Je suis votre [Root.GetTitle]! Je fais comme je veux.;[Root.GetDerDie] [Root.GetTitle] bin nur ich! Ich tue, was mir beliebt!;;¡Soy [Root.GetTitle]! Haré lo que me plazca.;;;;;;;;;x
EVTOPTD_RIP_13500_TOOLTIP;You allow the unrest to continue.;Vous laissez l'agitation se poursuivre.;Ihr lasst zu, dass die Unruhe sich fortsetzt.;;Permites que continúe el descontento.;;;;;;;;;x

EVTOPTE_RIP_13003;This is absurd, go home.;C'est absurde, je rentre.;Das ist absurd, geht nach Hause.;;Esto es absurdo, idos a casa.;;;;;;;;;x

RIP.13400.a;Something must be done!;Quelque chose doit être fait !;Ich muss etwas unternehmen!;;¡Hay que hacer algo!;;;;;;;;;x
RIP.13400.b;...but I don't really care;...mais je ne m'en soucie guère;... aber mir ist es recht egal.;;… pero en realidad no me importa.;;;;;;;;;x
RIP.13400.d;The peasants in my realm are becoming convinced that Jews are behind the recent epidemic. I'm under increasing pressure from some to condemn the Jews, and from others to protect them.;Nos paysans sont convaincus que les juifs sont la cause de la récente épidémie. Je subis des pressions croissantes de ceux qui condamnent les juifs, et de ceux qui les protègent.;Die Bauern in meinem Reich sind davon überzeugt, dass die Juden Schuld an der jüngsten Epidemie haben. Viele drängen mich verstärkt dazu, sie dafür zu bestrafen, während andere mich davon überzeugen wollen, sie zu beschützen.;;Los campesinos de mi reino cada vez están más convencidos que los judíos están tras la última epidemia. Cada vez recibo más presión de algunos para condenar a los judíos y de otros para protegerlos.;;;;;;;;;x
RIP.13401.a;Only followers of [Root.Religion.GetRandomEvilGodNameCap] could believe that!;Seuls ceux inspirés par [Root.Religion.GetRandomEvilGodName] peuvent le croire !;Nur Anhänger von [Root.Religion.GetRandomEvilGodNameCap] würden so etwas glauben!;;¡Solo los seguidores de [Root.Religion.GetRandomEvilGodNameCap] podrían creer eso!;;;;;;;;;x
RIP.13401.b;The Jews did cause it, [Root.Religion.GetHighGodNameCap] has told me!;Les juifs l'ont fait, [Root.Get_le_HighGod] me l'a dit !;Die Juden sind Schuld, das hat mir [Root.Religion.GetHighGodNameCap] offenbart!;;¡Fueron los judíos, [Root.Religion.GetHighGodNameCap] me lo ha dicho!;;;;;;;;;x
RIP.13401.d;There is unrest in the [From.PrimaryTitle.GetFullName], the peasants are up in arms over the possibility that the Jews caused the recent epidemic there. If left unchecked they may take matters into their own hands and start killing them. ;Il y a des troubles [Root.PrimaryTitle.Get_en_RealmFull]. Les paysans ont pris les armes parce qu'ils pensent que les juifs ont causé l'épidémie récente. Si nous ne les arrêtons pas, ils pourraient prendre d'autres initiatives et commencer à les tuer.;In [From.PrimaryTitle.GetFullName] sind Unruhen ausgebrochen, denn die Bauern dort sind darüber empört, dass die Juden Schuld am Ausbruch der jüngsten Epidemie haben könnten. Wenn nichts unternommen wird, werden die Bauern die Sache vielleicht selbst in die Hand nehmen und damit beginnen, sie zu töten. ;;Hay descontento en [From.PrimaryTitle.GetFullName]. Los campesinos están furiosos con la posibilidad de que los judíos provocasen la última epidemia allí. Si no hago nada, puede que decidan encargarse por sí mismos y empiecen a matarlos.;;;;;;;;;x
RIP.13402.a;No, the Jews are not to blame.;Non, les juifs ne sont pas à blâmer.;Nein, den Juden kommt keine Schuld zu.;;No, los judíos no son culpables.;;;;;;;;;x
RIP.13402.b;The Jews did this, expel them!;Les juifs sont coupables, expulsez-les !;Es waren die Juden, hinfort mit ihnen!;;¡Fueron los judíos, los expulsaremos!;;;;;;;;;x
RIP.13402.d1;[Root.RelHead.GetTitledFirstName] has made it clear he does not want the Jews to be blamed for these diseases, but not everyone is listening to him. I still need to decide what to do.;[Root.RelHead.Get_Le_TitledFirstName] a clairement dit qu'il ne voulait pas que les juifs soient accusés de ces maladies, mais tout le monde ne l'écoute pas. Je dois encore décider quoi faire.;[Root.RelHead.GetTitledFirstName] hat eindeutig klargemacht, dass die Juden nicht für diese Krankheiten verantwortlich gemacht werden dürfen, aber nicht alle schenken dieser Verfügung Gehör. Ich muss entscheiden, was zu tun ist.;;[Root.RelHead.GetTitledFirstName] ha dejado claro que no quiere que se culpe a los judíos de estas enfermedades, pero no todos le escuchan. Sigo teniendo que decidir qué hacer.;;;;;;;;;x
RIP.13402.d2;Although [Root.RelHead.GetTitledFirstName] has joined the condemnation of the Jews, I am still not sure it is the right thing to do. I am [Root.GetTitle] here after all.;[Root.RelHead.Get_Le_TitledFirstName] a rejoint la condamnation des juifs. Je suis [Root.RelHead.Get_le_TitledFirstName] ici après tout. ;Auch [Root.RelHead.GetTitledFirstName] hat sich der Meinung angeschlossen, die Juden verantwortlich zu machen, aber ich bin noch immer nicht davon überzeugt, dass dies der richtige Weg ist. Ich bin hier schließlich immer noch [Root.GetTitle].;;Aunque [Root.RelHead.GetTitledFirstName] se ha unido a condenar a los judíos, no estoy seguro del todo que esto sea lo correcto. Después de todo, soy el [Root.GetTitle] de aquí.;;;;;;;;;x
RIP.13402.d3;Despite the widespread condemnation of the Jews, I am still not sure they are to blame for the recent epidemic. However, as [Root.GetTitle] I need to make a decision.;Malgré les condamnations très répandues des juifs, je n'ai pas la conviction qu'ils sont à blâmer pour la récente épidémie. Cependant, en tant qu[Root.Get_only_e_Title][Root.GetTitle], je dois prendre une décision.;Trotz der weit verbreiteten Schuldigsprechung der Juden bin ich mir noch immer nicht sicher, dass sie für die Epidemie verantwortlich sind. Als [Root.GetTitle] muss ich jedoch eine Entscheidung treffen.;;A pesar de la condena generalizada de los judíos, todavía no estoy seguro de que sean culpables de la reciente epidemia. Sin embargo, como [Root.GetTitle], tengo que tomar una decisión.;;;;;;;;;x
RIP.13403.a;Send troops to stop them.;Envoyons des troupes pour les stopper.;Entsendet Truppen, um dies zu verhindern.;;Enviar tropas a detenerlos.;;;;;;;;;x
RIP.13403.b;Let them do it.;Laissons-les faire.;Lasst sie nur machen.;;Dejarlos hacer.;;;;;;;;;x
RIP.13403.d1;There are rumors that a pogrom is going to take place in [pogrom_city_target.GetName], despite my decree that the Jews are not to blame for the epidemic.;Il y a des rumeurs qu'un pogrom serait en train d'avoir lieu à [pogrom_city_target.GetName], malgré mon décret affirmant que les juifs ne sont pas à blâmer pour l'épidémie.;Trotz meiner Verfügung, laut der den Juden keine Schuld an der Epidemie zukommt, gibt es Gerüchte über ein bald bevorstehendes Pogrom in [pogrom_city_target.GetName].;;Corren rumores de que se va a producir un pogromo en [pogrom_city_target.GetName], a pesar de mi decreto sobre no culpar a los judíos de la epidemia.;;;;;;;;;x
RIP.13403.d2;There are rumors that a pogrom is going to take place in a nearby village, despite my decree that the Jews are not to blame for the epidemic.;Il y a des rumeurs qu'un pogrom serait en train d'avoir lieu dans un village voisin, malgré mon décret affirmant que les juifs ne sont pas à blâmer pour l'épidémie.;Trotz meiner Verfügung, laut der den Juden keine Schuld an der Epidemie zukommt, gibt es Gerüchte über ein bald bevorstehendes Pogrom in einem nahegelegenen Dorf.;;Corren rumores de que se va a producir un pogromo en un pueblo cercano, a pesar de mi decreto sobre no culpar a los judíos de la epidemia.;;;;;;;;;x
RIP.13404.d;To [Root.GetTitledFirstName] from [From.GetTitledFirstName]. I have heard of the trouble in [Root.PrimaryTitle.GetFullName] and I must ask that you ensure the safety of the Jews, they are not to blame for the Epidemics.;[Root.GetTitledFirstName],\n\nJ'ai entendu parler des troubles [Root.PrimaryTitle.Get_en_RealmFull], et je dois vous demander de vous assurer de la sécurité des juifs, puisqu'ils ne sont pas à blâmer pour les épidémies.\n\nSigné, [From.GetTitledFirstName];An [Root.GetTitledFirstName] von [From.GetTitledFirstName]. Ich habe von den Schwierigkeiten in [Root.PrimaryTitle.GetFullName] gehört und muss Euch anweisen, die Sicherheit der Juden zu gewährleisten. Sie haben nichts mit der Epidemie zu tun.;;A [Root.GetTitledFirstName], de [From.GetTitledFirstName]. Me he enterado de los problemas en [Root.PrimaryTitle.GetFullName] y debo pedirte que garantices la seguridad de los judíos, pues no tienen la culpa de la epidemia.;;;;;;;;;x
RIP.13405.d;To [Root.GetTitledFirstName] from [From.GetTitledFirstName]. I have heard of the trouble in the [Root.PrimaryTitle.GetFullName], and I fully agree that the Jews are to blame for your problems. Drive them out or kill them, I care not.;[Root.GetTitledFirstName],\n\nJ'ai entendu parler des troubles [Root.PrimaryTitle.Get_en_RealmFull], et je suis d'accord pour dire que les juifs sont à blâmer pour vos problèmes. Chassez-les ou tuez-les, peu m'importe.\n\nSigné, [From.GetTitledFirstName];An [Root.GetTitledFirstName] von [From.GetTitledFirstName]. Ich habe von den Schwierigkeiten in [Root.PrimaryTitle.GetFullName] gehört. Ich stimme vollkommen damit überein, dass die Juden Schuld an diesem Problem sind. Vertreibt sie oder tötet sie, mir ist es einerlei.;;A [Root.GetTitledFirstName], de [From.GetTitledFirstName]. Me he enterado de los problemas en [Root.PrimaryTitle.GetFullName] y estoy completamente de acuerdo con que los judíos tienen la culpa de tus problemas. Expúlsalos o mátalos, no me importa.;;;;;;;;;x
