EVTDESC_HFP_41004;A messenger approaches us with a letter from the Vatican, from the Vicar of Christ [From.GetHerselfHimself]. [From.GetSheHeCap] is asking us to prepare our men to fight against the heathens and infidels, to restore Christendom to the lost places of the world. \n\nThe Pope wants to send our faithful [Root.Religion.GetGroupName] men against [crusade_title.GetBaseName]. The region is held by [crusade_character.GetCrusadeReligionDescription] [crusade_character.GetTitledName], and it is time to return it to Christianity once more.\n\nThough the Pope wants to invade [crusade_title.GetBaseName], a pious [Root.Religion.GetGroupName] could convince everyone to focus on another objective that is of more value to us.;Un messager en provenance du Vatican nous apporte une lettre du Vicaire du Christ dans laquelle il nous demande de préparer nos hommes à lutter contre les païens et les infidèles pour restaurer la chrétienté.\n\nLe Pape veut envoyer nos hommes [Root.GetReligiousGroupMascPl] contre [crusade_title.GetBaseName]. La région est tenue par [crusade_character.GetCrusadeReligionDescription] [crusade_character.GetTitledFirstName] [crusade_character.PrimaryTitle.Get_du_Realm] et il est temps de la faire revenir au christianisme.\n\nBien que le Pape veuille envahir [crusade_title.GetBaseName], un pieux [Root.Religion.GetGroupName] pourrait convaincre tout le monde de se focaliser sur un autre objectif.;Ein Bote nähert sich uns mit einem Brief vom Vatikan, dem Stellvertreter Christi selbst. [From.GetSheHeCap] fordert uns auf, dass wir unsere Männer darauf vorbereiten gegen die Heiden und Ungläubigen zu kämpfen und die Christenheit an verlorenen Orten wiederherstellen.\n\nDer Papst möchte unsere treuen [Root.Religion.GetGroupName]en Männer gegen [crusade_title.GetBaseName] in die Schlacht schicken. Die Region wird von [crusade_character.GetCrusadeReligionDescription] [crusade_character.GetTitledName] gehalten und es ist an der Zeit, dass wir sie erneut zum Christentum konvertieren.\n\nObwohl der Papst eine Invasion auf [crusade_title.GetBaseName] möchte, kann ein frommer [Root.Religion.GetGroupName]er Gläubiger jeden davon überzeugen, sich auf ein anderes Ziel zu konzentrieren, das für uns von größerem Wert ist.;;Nos llega un mensajero con una carta del Vaticano, del mismísimo Vicario de Cristo. Nos pide que preparemos a nuestros hombres para luchar contra paganos e infieles, reinstaurar el cristianismo en los lugares del mundo donde se perdió.\n\nEl papa quiere que enviemos a nuestros fieles [Root.Religion.GetGroupName]s contra [crusade_title.GetBaseName]. La región está en manos de [crusade_character.GetCrusadeReligionDescription] [crusade_character.GetTitledName] y ya es hora de que regrese a la Cristiandad.\n\nSi bien el papa quiere invadir [crusade_character.GetCrusadeReligionDescription] [crusade_character.GetTitledName], un [Root.Religion.GetGroupName] piadoso podría convencer a todos de centrarse en otro objetivo de mayor valor para nosotros.;;;;;x
EVTDESC_HFP_41009;In a grand announcement the Pope declares [crusade_title.GetCrusadeLaunchAnother]Crusade for [crusade_title.GetBaseName]. [Root.GetCrusadeLaunchFirstPart]\n\n[Root.GetCrusadeLaunchSecondPart]\n\n[From.Religion.GetHighGodName] will grant remission of sin to everyone partaking in the righteous war.;Le Pape déclare solennellement [crusade_title.GetCrusadeLaunchAnother]croisade pour [crusade_title.GetBaseName]. [Root.GetCrusadeLaunchFirstPart]\n\n[Root.GetCrusadeLaunchSecondPart]\n\n[From.Get_Le_HighGod] accordera la rémission des péchés à quiconque participera à cette guerre juste.;In einer großen Ankündigung erklärte der Papst [crusade_title.GetCrusadeLaunchAnother]Kreuzzug um [crusade_title.GetBaseName].[Root.GetCrusadeLaunchFirstPart]\n\n[Root.GetCrusadeLaunchSecondPart]\n\n[From.Religion.GetHighGodName] gewährt allen, die am gerechten Krieg teilnehmen, Erlass für ihre Sünden.;;Con un gran anuncio, el papa declara [crusade_title.GetCrusadeLaunchAnother] cruzada por [crusade_title.GetBaseName]. [Root.GetCrusadeLaunchFirstPart]\n\n[Root.GetCrusadeLaunchSecondPart]\n\n[From.Religion.GetHighGodName] concederá el perdón de los pecados a todos los que tomen parte en la guerra justa.;;;;;x
EVTDESC_HFP_41011;The announcement about the grand Crusade was sent to every [From.Religion.GetName] realm, but apparently to no avail. The Pope has been trying to gather up support for the Crusade for months, but now the Vatican has gone quiet, as the Vicar of Christ has given up on his Crusade.\n\nThe [From.Religion.GetGroupName]s seem more interested with infighting than fighting the heathens or infidels outside their own borders. The Crusade was officially canceled, as the Pope held a large announcement denouncing the [From.Religion.GetGroupName] Lords and Ladies for their ineptitude in the matters of Faith. Now it is only a matter of time until [From.Religion.GetHighGodName] forsakes his faithless followers, and leaves them to be conquered by the sacrilegious infidels, blasphemers and heathens.;L'annonce de la grande croisade a été faite à chaque pays [From.GetReligionMasc], apparemment en vain. Le Pape a essayé de rassembler des soutiens pour la croisade pendant des mois, mais maintenant le Vatican est devenu silencieux et a renoncé à sa croisade.\n\nLes [From.Religion.GetGroupName]s semblent plus intéressés par des querelles intestines que de combattre les païens ou les infidèles à l'extérieur de leurs frontières. La croisade a été officiellement annulée lorsque le pape a tenu un grand discours dénonçant l'incompétence des seigneurs et les dames [From.GetReligiousGroupMascPl] en matière de foi. Ce n'est qu'une question de temps jusqu'à ce que [From.Get_le_HighGod] abandonne ses adeptes déloyaux et les laisse être conquis par les infidèles, les blasphémateurs et les païens.;Die Ankündigung über den großen Kreuzzug wurde an jedes [From.Religion.GetName]e Reich geschickt, aber anscheinend ohne Erfolg. Der Papst versucht seit Monaten Unterstützer für den Kreuzzug zu sammeln, aber mittlerweile ist der Vatikan verstummt, da der Stellvertreter Christi den Kreuzzug aufgegeben hat.\n\nDie Anhänger des [From.Religion.GetGroupName]en Glaubens scheinen eher an Machtkämpfen interessiert zu sein, als gegen Heiden oder Ungläubige außerhalb ihrer eigenen Grenzen vorzugehen. Der Kreuzzug wurde offiziell abgesagt als der Papst eine große Ansprache hielt, in dem er die Fürsten und Fürstinnen für ihre Unfähigkeit in den Angelegenheiten des Glaubens verurteilte. Jetzt ist es nur eine Frage der Zeit, bis [From.Religion.GetHighGodName] seine treuelosen Anhänger aufgibt und sie von den sakrilegischen Ungläubigen, Gotteslästerern und Heiden erobern lässt.;;Se envió el anuncio de la gran cruzada a todo reino [From.Religion.GetName], pero sin éxito. El papa ha pasado meses intentado reunir apoyos para la cruzada, pero ahora el Vaticano está en silencio, como si el Vicario de Cristo hubiera renunciado a su cruzada.\n\nEn general, los [From.Religion.GetGroupName]s parece más interesados en luchar en luchar entre ellos que pelear con paganos o infieles fuera de sus fronteras. La cruzada fue cancelada oficialmente, con el papa realizando un gran anuncio denunciando a los señores [From.Religion.GetGroupName] por su ineptitud en asuntos de fe. Ahora solo es cuestión de tiempo que [From.Religion.GetHighGodName] abandone a sus seguidores sin fe para que sean conquistados por los infieles sacrílegos, blasfemos y paganos.;;;;;x
EVTDESC_HFP_41022;Dear [Root.GetTitledName]\nIt has come to my attention you have not yet put on the cross. I have decided that it is time for you to pay back the favor you owe me, and be part of this endeavor.\nSigned,\n[From.GetTitledName];Ch[Root.GetErEre] [Root.GetTitledName]\nIl est venu à mon attention que vous n'avez pas encore porté la croix. Il est temps que vous me rendiez la faveur que vous me devez et participiez à la croisade. \nSigné, \n[From.GetTitledName];An [Root.GetTitledName]\nIch wurde darauf hingewiesen, dass ihr noch nicht das Kreuz angelegt habt.. Ich habe beschlossen, dass es an der Zeit ist, dass ihr mir den Gefallen zurückzahlt, den ihr mir schuldet und Teil dieses Unterfangen werdet.\nGezeichnet,\n[From.GetTitledName];;Estimad[Root.GetOA] [Root.GetTitledName]\nMe ha llamado la atención que aún no hayas tomado la cruz. He decidido que es hora de que pagues el favor que me debes y que seas parte de esa empresa.\n\nFirmado,\n[From.GetTitledName];;;;;x
EVTDESC_HFP_41031;[pleased_courtier.GetFirstName] approaches me as I am on my way out, to tell me how happy [pleased_courtier.GetSheHe] was to hear I had pledged my men to the Crusade, and wish me luck in the upcoming war.;[pleased_courtier.GetFirstName] s'approche de moi alors que je suis en train de sortir, pour me dire à quel point [pleased_courtier.GetIlElle] était heureu[pleased_courtier.GetXSe] d'apprendre que j'avais promis de faire participer mes hommes à la croisade et me souhaitait bonne chance pour la guerre à venir.;[pleased_courtier.GetFirstName] tritt an mich heran, als ich auf dem Wag nach drau0en bin und sagte mir, wie glücklich [pleased_courtier.GetSheHe] darüber sei, dass ich meine Männer dem Kreuzzug versprochen habe und wünschte mir Glück im bevorstehenden Krieg.;;[pleased_participant.GetTitledName] se me acerca de camino diciéndome cómo le alegra saber que he comprometido mis hombres a la cruzada y me desea suerte en la próxima d;;;;;x
EVTDESC_HFP_41032;I receive a letter from [pleased_participant.GetTitledName], with a well detailed approval of my decision to join the upcoming Crusade. Maybe this is a chance to get closer as we fight the the heathens together?;Je reçois une lettre [pleased_participant.Get_du_TitledName] contenant une approbation détaillée de ma décision de rejoindre la prochaine croisade. Peut-être que c'est une occasion pour nous rapprocher puisque nous combattons ensemble les infidèles ?;Ich erhielt einen Brief von [pleased_participant.GetTitledName] mit detaillierten Zustimmungen meiner Entscheidung am bevorstehenden Kreuzzug teilzunehmen. Vielleicht ist das eine Chance um uns näher zu kommen, wenn wir die Heiden gemeinsam bekämpfen?;;Recibo una carta de [pleased_participant.GetTitledName] aprobando con gran detalle la decisión de unirme a la próxima cruzada. ¿Será una oportunidad para acercarnos ahora que lucharemos juntos contra los paganos.;;;;;x
EVTDESC_HFP_41033;I receive a letter from the despicable [pleased_participant.GetTitledName]. As we are both going to participate in the upcoming Crusade for [crusade_title.GetName], [pleased_participant.GetSheHe] wants us to make amends and move on from our disagreements.;Je reçois une lettre [pleased_participant.GetDuDela] méprisable [pleased_participant.GetTitledName]. Comme nous allons tous les deux participer à la prochaine croisade pour [crusade_title.Get_le_Realm], [pleased_participant.GetIlElle] veut que nous fassions amende honorable et que nous passions à autre chose.;Ich erhielt einen Brieg von [pleased_participant.Getdemder] verabscheuungswürdigen [pleased_participant.GetTitledName]. Da wird beide am kommenden Kreuzzug um [crusade_title.GetName] teilnehmen werden, möchte [pleased_participant.GetSheHe], dass wir unsere Unstimmigkeiten beiseitelegen und fortschreiten.;;Recibo una carta del despreciable [pleased_participant.GetTitledName]. Como ambos participaremos en la próxima cruzada de [crusade_title.GetName], quiere que enmendemos y superemos nuestros desacuerdos.;;;;;x
EVTDESC_HFP_41034;I have been unable to stop myself from being somewhat excited at the prospect of the driving away the infidels from [crusade_title.GetName], and restoring peace to those lands. I have not usually felt this inspired as a [Root.Religion.GetGroupName], but maybe I am changing?;Je n'ai pas pu m'empêcher d'être quelque peu enthousiaste à l'idée de chasser les infidèles [crusade_title.Get_du_Realm], et de rétablir la paix dans ces terres. D'habitude, être de foi [Root.GetReligiousGroupFem] n'est pas autant une source d'inspiration, mais peut-être que je change ?;Ich war nicht in der Lage meine Aufregung zurückzuhalten in der Aussicht, dass wir die Ungläubigen aus [crusade_title.GetName] vertreiben werden und den Frieden in diesen Ländereien wiederherstellen. Ich habe mich als  [Root.Religion.GetGroupName]er Gläubiger normalerweise nicht so inspiriert gefunden, aber vielleicht ändere ich mich ja?;;No he sido capaz de detener la emoción con la idea de expulsar a las infieles de SSS y devolver la paz a esas tierras. Generalmente no soy un[Root.GetXA] [Root.Religion.GetGroupName]/a tan inspirad[Root.GetOA], ¿estaré cambiando?;;;;;x
EVTDESC_HFP_41035_1;Knowing I will be gone for a while, I decide to spend a day with the local sea creature while I still can. It comes up with some great battle plans I can use in the upcoming wars for [crusade_title.GetName]. I am blessed to have such a good friend.;Sachant que je serai parti pour un moment, je décide de passer une journée avec la créature marine locale tant que je le peux encore. Elle propose de grands plans de bataille que je peux utiliser dans la prochaine guerre pour [crusade_title.Get_le_Realm]. Je suis béni[Root.Get_E] d'avoir un si bon ami.;Da ich weiß, dass ich für eine Weile weg sein werde, beschließe ich, einen Tag mit den lokalen Meeresbewohnern zu verbringen, solange ich noch kann. Sie enthalten einige großartige Schlachtpläne, die ich in den kommenden Kriegen um [crusade_title.GetName] verwenden kann. Ich bin gesegnet, dass ich solch einen guten Freund habe.;;Sabiendo que estaré fuera un tiempo, decido pasar un día con la criatura marina local mientras pueda. Se me ocurren algunos grandes planes de batalla que usar en las próximas guerras por [crusade_title.GetName]. Es una bendición tener un amigo tan bueno.;;;;;x
EVTDESC_HFP_41035_2;I drop by the local forest, to spend some hours with the beasts and fauna before I leave home. I end up having a fruitful discussion with, well, I am not entirely sure what it is, but the conversation was enlightening!;Je descends par la forêt locale, pour passer quelques heures avec les bêtes et la faune avant de partir. Je finis par avoir une discussion fructueuse avec, eh bien, je ne suis pas tout à fait sûr[Root.Get_E] de ce que c'est, mais la conversation était éclairante !;Ich gehe in den örtlichen Walt und verbringe einige Stunden mit den Tieren und der Fauna. Ich hatte eine interessante Diskussion mit nun... ich bin mir nicht ganz sicher, was es war, aber das Gespräch war aufschlussreich!;;Me paso por el bosque local, para pasar unas horas con las bestias y la fauna antes de salir de casa. Terminé teniendo una fructífera discusión con, bueno, no estoy del todo seguro de qué era, pero la conversación fue instructiva.;;;;;x
EVTDESC_HFP_41041;[displeased_courtier.GetFirstName] explains to me in great detail exactly how disappointed [displeased_courtier.GetSheHe] is in my decision to leave the Crusade. After the long tirade [displeased_courtier.GetSheHe] finally leaves the room, and I get some time for myself.;[displeased_courtier.GetFirstName] m'explique à quel point [displeased_courtier.GetIlElle] est déçu[displeased_courtier.Get_E] dans ma décision de quitter la croisade. Après sa longue tirade, [displeased_courtier.GetIlElle] quitte enfin la pièce et j'ai un peu de temps pour moi.;[displeased_courtier.GetFirstName] erklärt mir sehr detailliert, wie enttäuscht [displeased_courtier.GetSheHe] von meiner Entscheidung ist, den Kreuzzug zu verlassen. Nach einer langen Triade verlässt [displeased_courtier.GetSheHe] schließlich den Raum und ich bekomme etwas Zeit für mich.;;[displeased_courtier.GetFirstName] me explica con gran detalle cuánto le decepciona mi decisión de abandonar la cruzada. Después de la larga diatriba, sale por fin del aposento y tengo algo de tiempo para mí.;;;;;x
EVTDESC_HFP_41042;I received a letter from the esteemed [displeased_participant.GetTitledName]. It seems [displeased_participant.GetSheHe] is displeased in my decision to revoke the pledge I made to the Crusade, and finds me somewhat untrustworthy.;J'ai reçu une lettre de l'estimé[displeased_participant.Get_E] [displeased_participant.GetTitledName]. Il semble qu'[displeased_participant.GetIlElle] soit mécontent[displeased_participant.Get_E] de ma décision de revenir sur la promesse de participer à la croisade et me trouve indigne de confiance.;Ich habe einen Brief von [displeased_participant.GetTitledName] erhalten. Es scheint, dass [displeased_participant.GetSheHe] nicht sonderlich erfreut über meine Entscheidung ist, den Kreuzzug aufzugeben und findet mich daher unzuverlässig.;;Recibí una carta [displeased_participant.GetDelDela] estimad[displeased_participant.GetOA] [displeased_participant.GetTitledName]. Parece que le ha disgustado la decisión de desdecirme de mi promesa a la cruzada, y dice que no le parezco muy dign[Root.GetOA] de confianza.;;;;;x
EVTDESC_HFP_41043;One of my messengers brings me a letter from [displeased_participant.GetTitledName], where [displeased_participant.GetSheHe] declares me an unreliable swine and a traitor to all [Root.Religion.GetGroupName]s.;Un de mes messagers m'apporte une lettre [displeased_participant.Get_du_TitledName] dans laquelle [displeased_participant.GetIlElle] me dit que je suis un[Root.Get_E] traîtr[Root.GetEEsse] pour tous les [Root.GetReligiousGroupMascPl].;Einer meiner Boten bringt mir einen Brief von [displeased_participant.GetTitledName], in der [displeased_participant.GetSheHe] mich als unzuverlässiges Schwein betitelt und zu einem Verräter gegenüber dem [Root.Religion.GetGroupName]en Glauben erklärt.;;Un mensajero me trae una carta de [displeased_courtier.GetFirstName] donde me declara un[Root.GetXA] cerd[Root.GetOA] voluble, mal [Root.Religion.GetGroupName] y traidor[Root.GetXA].;;;;;x
EVTDESC_HFP_41045;Messengers are sent to every corner of the world, as the Pope furiously excommunicates the despicable and vile [unpledging_actor.GetTitledName]. [unpledging_actor.GetSheHeCap] is expelled from the faith for forsaking [unpledging_actor.GetHerHis] fellow [Root.Religion.GetGroupName]s in their righteous war for [crusade_title.GetName].\n\n[unpledging_actor.GetTitledName] should not be helped, cared for nor forgiven. A traitor to the faith as well as to the cause, the only thing [unpledging_actor.GetSheHe] deserves is to be justifiably overthrown. A true [Root.Religion.GetGroupName] would not betray [unpledging_actor.GetHerHis] allies to fight the heathens alone.;Des messagers sont envoyés dans tous les coins du monde, tandis que le pape excommunie [unpledging_actor.GetLeLa] méprisable [unpledging_actor.GetTitledName]. [unpledging_actor.GetIlElleCap] est exclu[unpledging_actor.Get_E] de la communauté pour avoir abandonné ses compagnons [Root.GetReligiousGroupMascPl] dans la guerre juste pour [crusade_title.Get_le_Realm].\n\n[unpledging_actor.Get_Le_TitledName] ne doit être ni aidé[unpledging_actor.Get_E], ni soigné[unpledging_actor.Get_E], ni pardonné[unpledging_actor.Get_E]. Traîtr[unpledging_actor.GetEEsse] à la foi aussi bien qu'à la cause, la seule chose qu'[unpledging_actor.GetIlElle] mérite est d'être renversé[unpledging_actor.Get_E]. Un vrai [Root.Religion.GetGroupName] ne trahit pas ses alliés pour combattre seul les infidèles.;Boten werden in alle Ecken der Welt geschickt als der Papst [unpledging_actor.Getdendie] verachtenswerte[unpledging_actor.GetnMale] und niederträchtige[unpledging_actor.GetnMale] [unpledging_actor.GetTitledName] exkommuniziert. [unpledging_actor.GetSheHeCap] wurde aus dem Glauben verbannt, da [unpledging_actor.GetSheHe] den [Root.Religion.GetGroupName]en Glauben mit dem Bruch des Versprechens um [crusade_title.GetName] in den Krieg zu ziehen aufgeben hat.\n\n[unpledging_actor.GetTitledName] sollte nicht geholfen, umsorgt oder vergeben werden. Als Verräter sowohl für den Glauben als auch für die Sache ist das einzige was [unpledging_actor.GetSheHe]  verdient gestürzt zu werden. Ein wahrer [Root.Religion.GetGroupName]er Gläubiger würde [unpledging_actor.GetHerHis]e Verbündeten nicht verraten gegen die Heiden alleine zu kämpfen.;;Se mandan mensajeros a todos los rincones del mundo cuando el papa excomulga furiosamente al despreciable y vil [unpledging_actor.GetTitledName]. Se le expulsa de la fe por abandonar a sus hermanos [Root.Religion.GetGroupName]s en su guerra justa por [crusade_title.GetName]. \n\n[unpledging_actor.GetTitledName] no recibirá ni ayuda, ni cuidado, ni perdón. Al traicionar la fe así como la causa, lo único que se merece es ser legítimamente destronado. Un verdadero [Root.Religion.GetGroupName] no traicionaría a sus aliados para que luchasen solos contra los paganos.;;;;;x
EVTDESC_HFP_41051;[Root.GetTitledName]\nI noticed you still have not pledged to the Cross. As a faithful [Root.Religion.GetGroupName] ruler, I hope and pray that you will reconsider your actions, and join in the righteous war for [crusade_title.GetName].\n\nSigned,\n[From.GetTitledName];[Root.GetTitledName]\nJ'ai remarqué que vous n'aviez toujours pas promis votre participation à la croisade. Puisque vous êtes un[Root.Get_E] fidèle [Root.GetReligiousGroupMascFem], j'espère et je prie pour que vous reconsidériez vos actions et que vous participiez à la guerre juste pour [crusade_title.Get_le_Realm].\n\nSigné,\n[From.GetTitledName];[Root.GetTitledName]\nIch hab bemerkt, dass ihr immer noch nicht dem Kreuz zugesagt habt. Als frommer [Root.Religion.GetGroupName]er Herrscher hoffe und bete ich, dass ihr eure Taten überdenkt und euch dem gerechten Krieg um [crusade_title.GetName] anschließen werden.\n\nGezeichnet,\n[From.GetTitledName];;[Root.GetTitledName]\nHe notado que aún no te has comprometido con la cruz. Como fiel gobernante [Root.Religion.GetGroupName], espero y ruego que reconsideres tus acciones y te unas a la guerra justa por [crusade_title.GetName]. \n\nFirmado,\n[From.GetTitledName];;;;;x
EVTDESC_HFP_41054;After the long fought battle for [new_crusader_king.PrimaryTitle.GetName], it has finally been restored to the faith. [new_crusader_king.GetDynName] has stepped up to the throne as the beneficiary of [Root.PrimaryTitle.GetName], becoming the [new_crusader_king.GetKingQueen] of the Crusader State. Surely it will be hard to continue fighting at the fringe of Christendom, but everyone can agree [new_crusader_king.GetTitledFirstName] is the right person for the task.\n\nThe Pope requests that the rest of the [Root.Religion.GetGroupName] world support this new Kingdom as best they can, and not let it once more fall to the infidels and heathens.;Après la longue bataille pour [new_crusader_king.PrimaryTitle.Get_le_Realm], les terres ont enfin été rendues à la foi. [new_crusader_king.GetDynName] a accédé au trône en tant que bénéficiaire [Root.PrimaryTitle.Get_du_Realm], devenant [new_crusader_king.GetLeLa] [new_crusader_king.GetKingQueen] de l'État croisé. Ce sera certainement difficile de continuer à se battre à la périphérie de la chrétienté, mais tout le monde s'accorde pour dire que [new_crusader_king.Get_le_TitledFirstName] est la bonne personne pour cette tâche.\n\nLe Pape demande que le reste du monde [Root.Religion.GetGroupName] soutienne ce nouveau royaume du mieux qu'il le peut et ne le laisse plus tomber entre des mains des infidèles.;Nach einem langen Kampf um [new_crusader_king.PrimaryTitle.GetName] wurde dies endlich wieder zum wahren Glauben gebracht.  [new_crusader_king.GetDynName] hat als Begünstigter von [Root.PrimaryTitle.GetName] den Thron erklommen und wurde [new_crusader_king.Getzumzur] neuen [new_crusader_king.GetKingQueen] des Kreuzritterstaates. Sicherlich wird es schwer sein am Rande des Christentums zu kämpfen, aber jeder wird zustimmten, dass [new_crusader_king.GetTitledFirstName] die richtige Person für diese Aufgabe ist.\n\nDer Papst bittet darum, dass der Rest der [Root.Religion.GetGroupName]en Welt dieses neue Königreich so gut wie möglich unterstützt und es nicht erneut in die Hände der Ungläubigen oder Heiden fällt.;;Tras una larga batalla librada por [new_crusader_king.PrimaryTitle.GetName], finalmente ha vuelto a la fe. [new_crusader_king.GetDynName] ha subido al trono como beneficiario de [Root.PrimaryTitle.GetName], convirtiéndose en [new_crusader_king.GetElLa] [new_crusader_king.GetKingQueen] del estado cruzado. Seguro que será difícil seguir luchando en el límite de la Cristiandad, pero todos coinciden que [new_crusader_king.GetTitledFirstName] es la persona adecuada para la tarea.\n\nEl papa solicita que el resto del mundo [Root.Religion.GetGroupName] apoye este nuevo reino lo mejor que pueda, para que no vuelva a caer en manos de infieles y paganos.;;;;;x
EVTDESC_HFP_41057;[Root.GetTitledName]\nI know we have had our differences, but it pleases me to hear you have decided to join our rightful cause. I have made the preparations to recant your excommunication from the church.\n\nSigned,\n[From.GetTitledName];[Root.GetTitledName]\nJe sais que nous avons eu des différends, mais cela me fait plaisir d'entendre que vous avez décidé de vous joindre à notre juste cause. J'ai fait les préparatifs pour mettre fin à votre excommunication de l'Église.\n\nSigné,\n[From.GetTitledName];[Root.GetTitledName]\nIch weiß, dass wir unsere Differenzen hatten, aber es freut mich zu hören, dass ihr euch entschieden habt der gerechten Sache anzuschließen. Ich habe bereits die nötigen Vorbereitungen getroffen, um eure Exkommunikation aus der Kirche zu widerrufen.\n\nGezeichnet,\n[From.GetTitledName];;[Root.GetTitledName]\nSé que hemos tenido nuestras diferencias, pero me place saber que has decidido unirte a nuestra causa justa. He hecho los preparativos para deshacer tu excomunión de la Iglesia.\n\nFirmado,\n[From.GetTitledName];;;;;x
EVTDESC_HFP_41061;The victories against the infidels were hard-fought, but things have finally settled down and the titles I fought for were given to [beneficiary_check_crusader_beneficiary.GetDynName]. It will surely be difficult to be a part of the new Kingdom, but I wish [beneficiary_check_crusader_beneficiary.GetHerHim] luck in [beneficiary_check_crusader_beneficiary.GetHerHis] future endeavors.\n\nI look back one last time as my men and I leave [beneficiary_check_crusader_beneficiary.PrimaryTitle.GetName]. I wonder what life would have been like if it had been me staying here, rather than [beneficiary_check_crusader_beneficiary.GetDynName].;Les victoires contre les infidèles ont été acharnées, mais les choses se sont finalement calmées et les titres pour lesquels j'ai combattu ont été donnés à [beneficiary_check_crusader_beneficiary.GetDynName]. Ce sera sûrement difficile de faire partie du nouveau Royaume, mais je lui souhaite bonne chance dans ses futures entreprises.\n\nJe regarde en arrière une dernière fois tandis que mes hommes et moi quittons [beneficiary_check_crusader_beneficiary.PrimaryTitle.Get_le_Realm]. Je me demande ce que la vie aurait été si j'étais resté[Root.Get_E] ici à la place de [beneficiary_check_crusader_beneficiary.GetDynName].;Die Siege gegen die Ungläubigen waren hart umkämpft, doch die Dinge haben sich schließlich beruhigt und die Titel, für die ich gekämpft habe, wurden an [beneficiary_check_crusader_beneficiary.GetDynName] übergeben. Es wird sicherlich schwierig sein ein Teil dieses neuen Königreichs zu sein, aber ich wünsche [beneficiary_check_crusader_beneficiary.GetHerHim] Glück bei [beneficiary_check_crusader_beneficiary.GetHerHis]en künftigen Bemühungen.\n\nIch schaue ein letztes Mal zurück, als meine Männer und ich [beneficiary_check_crusader_beneficiary.PrimaryTitle.GetName] verlassen. Ich frage mich, wie das Leben gewesen wäre, wenn ich hier geblieben wäre anstatt [beneficiary_check_crusader_beneficiary.GetDynName].;;Las victorias contra los infieles fueron reñidas, pero al final todo se resolvió y los títulos por los que luché se entregaron a [beneficiary_check_crusader_beneficiary.GetDynName]. Seguro que será duro formar parte del nuevo reino, pero [beneficiary_check_crusader_beneficiary.GetLoLa] deseo buena suerte en sus empresas futuras.\n\nVuelvo a echar la vista atrás una última vez mientras mis hombres y yo nos marchamos de [beneficiary_check_crusader_beneficiary.PrimaryTitle.GetName]. Me pregunto cómo hubiera sido la vida si yo me hubiera quedado aquí en lugar de [beneficiary_check_crusader_beneficiary.GetDynName].;;;;;x
EVTDESC_HFP_41075;Greetings, [Root.GetTitledName]\n\nI was informed the heathen Pope have declared a will to bring a Crusade to your doorsteps. As a fellow [From.Religion.GetName], I pledge to stand by your side when the unfaithful come to take your lands.\n\nSigned,\n[From.GetTitledName];Salutations, [Root.GetTitledName]\nJ'ai été informé[From.Get_E] que le pape païen a déclaré vouloir faire une croisade à vos portes. En tant que [From.GetReligionMascFem], je m'engage à rester à vos côtés lorsque les infidèles viendront pour prendre vos terres.\n\nSigné,\n[From.GetTitledName];[Root.GetTitledName]\nIch wurde informiert, dass der heidnische Papst plant einen Kreuzzug an eure Tür zu bringen. Als gleichgesinnter [From.Religion.GetName]er Anhänger verspreche ich, dass ich an eurer Seite stehen werde, wenn diese Ungläubigen kommen, um euer Land zu nehmen.\n\nGezeichnet,\n[From.GetTitledName];;[Root.GetTitledName]\nMe han informado que el papa infiel desea llevar una cruzada a tus fronteras. Como otro [From.Religion.GetName], prometo estar a tu lado cuando los infieles vengan a quitarte las tierras.\n\nFirmado,\n[From.GetTitledName];;;;;x
EVTDESC_HFP_41088;How much gold should I donate to the Crusade?;Combien d'or devrais-je donner à la croisade ?;Wie viel Gold sollte ich dem Kreuzzug spenden?;;¿Cuánto oro debo donar a la cruzada?;;;;;x
EVTDESC_HFP_41091;I need to make a decision, if I should comply with Papal will, or go my own way when it comes to the distribution of the titles in the case of a victory in the Crusades.;Je dois prendre une décision. Dois-je me plier à la volonté du pape ou faire à ma façon quand il s'agira de distribuer des titres en cas de victoire de la croisade.;Ich muss eine Entscheidung treffen, ob ich dem päpstlichen Willen folge oder meinen eigenen Weg gehe, wenn es darum geht die Titel im Fall eines Sieges des Kreuzzugs zu verteilen.;;Tengo que tomar una decisión a la hora de repartir los títulos en caso de una victoria en la cruzada. Cumplir con la voluntad papal, o seguir mi propio camino.;;;;;x
EVTDESC_HFP_41111;Sadly, my beneficiary §Y[old_crusade_beneficiary.GetDynName]§! seems to have died, I need to find a new one.;Malheureusement, m[old_crusade_beneficiary.GetOnA] bénéficiaire §Y[old_crusade_beneficiary.GetDynName]§! a trépassé. Je dois trouver quelqu'un pour [old_crusade_beneficiary.GetLeLa] remplacer.;Leider scheint mein Begünstigter §Y[old_crusade_beneficiary.GetDynName]§! gestorben zu sein und ich muss einen neuen finden.;;Por desgracia, parece que mi beneficiario, §Y[old_crusade_beneficiary.GetDynName]§!, ha fallecido y tengo que encontrar otro.;;;;;x
EVTDESC_HFP_41112;My beneficiary §Y[old_crusade_beneficiary.GetDynName]§! seems to have gained land, and is no longer an appropriate beneficiary.;§Y[old_crusade_beneficiary.GetDynName]§! possède des terres et n'est donc plus un[old_crusade_beneficiary.Get_E] bénéficiaire convenable.;Mein Begünstigter §Y[old_crusade_beneficiary.GetDynName]§! scheint Land erhalten zu haben und kann daher nicht länger begünstigt werden.;;Parece que mi beneficiario, §Y[old_crusade_beneficiary.GetDynName]§!, ha conseguido tierras y ya no es un beneficiario válido.;;;;;x
EVTDESC_HFP_41113;My beneficiary §Y[old_crusade_beneficiary.GetDynName]§! seems to have become an heir for a landed title, and is no longer an appropriate beneficiary.;§Y[old_crusade_beneficiary.GetDynName]§! est devenu[old_crusade_beneficiary.Get_E] l'hériti[old_crusade_beneficiary.GetErEre] de terres et n'est donc plus un[old_crusade_beneficiary.Get_E] bénéficiaire convenable.;Mein Begünstigter §Y[old_crusade_beneficiary.GetDynName]§! scheint Erbe eines Titels geworden zu sein und kann daher nicht länger begünstigt werden.;;Parece que mi beneficiario, §Y[old_crusade_beneficiary.GetDynName]§!, se ha convertido en heredero de un título con tierras y ya no es un beneficiario válido.;;;;;x
EVTDESC_HFP_41114;My beneficiary §Y[old_crusade_beneficiary.GetDynName]§! seems to have become a mercenary, and is no longer an appropriate beneficiary.;§Y[old_crusade_beneficiary.GetDynName]§! est devenu[old_crusade_beneficiary.Get_E] un[old_crusade_beneficiary.Get_E] mercenaire et n'est donc plus un[old_crusade_beneficiary.Get_E] bénéficiaire convenable.;Mein Begünstigter §Y[old_crusade_beneficiary.GetDynName]§! scheint ein Söldner geworden zu sein und kann daher nicht länger begünstigt werden.;;Parece que mi beneficiario, §Y[old_crusade_beneficiary.GetDynName]§!, se ha convertido en mercenario y ya no es un beneficiario válido.;;;;;x
EVTDESC_HFP_41115;My beneficiary §Y[old_crusade_beneficiary.GetDynName]§! seems to have joined a holy order, and is no longer an appropriate beneficiary.;§Y[old_crusade_beneficiary.GetDynName]§! a rejoint un ordre sacré et n'est donc plus un[old_crusade_beneficiary.Get_E] bénéficiaire convenable.;Mein Begünstigter §Y[old_crusade_beneficiary.GetDynName]§! scheint einem Ritterorden beigetreten zu sein und kann daher nicht länger begünstigt werden.;;Parece que mi beneficiario, §Y[old_crusade_beneficiary.GetDynName]§!, se ha unido a una orden sagrada y ya no es un beneficiario válido.;;;;;x
EVTDESC_HFP_41116;My beneficiary §Y[old_crusade_beneficiary.GetDynName]§! is not old enough, and is therefore not an appropriate beneficiary.;§Y[old_crusade_beneficiary.GetDynName]§! n'est pas assez âgé[old_crusade_beneficiary.Get_E] pour être un bénéficiaire convenable.;Mein Begünstigter §Y[old_crusade_beneficiary.GetDynName]§! ist nicht alt genug, um begünstigt zu werden.;;Mi beneficiario, §Y[old_crusade_beneficiary.GetDynName]§!, no es lo bastante mayor, así que no es un beneficiario válido.;;;;;x
EVTDESC_HFP_41117;My beneficiary §Y[old_crusade_beneficiary.GetDynName]§! is not healthy enough to be an appropriate beneficiary.;§Y[old_crusade_beneficiary.GetDynName]§! n'est plus en assez bonne santé pour être un[old_crusade_beneficiary.Get_E] bénéficiaire convenable.;Mein Begünstigter §Y[old_crusade_beneficiary.GetDynName]§! ist nicht gesund genug, um begünstigt zu werden.;;Mi beneficiario, §Y[old_crusade_beneficiary.GetDynName]§!, no está lo bastante sano para ser un beneficiario válido.;;;;;x
EVTDESC_HFP_41118;My beneficiary §Y[old_crusade_beneficiary.GetDynName]§! have become a [old_crusade_beneficiary.GetAscetic], and is no longer an appropriate beneficiary.;§Y[old_crusade_beneficiary.GetDynName]§! est devenu[old_crusade_beneficiary.Get_E] un[old_crusade_beneficiary.GetAscetic] et n'est donc plus un[old_crusade_beneficiary.Get_E] bénéficiaire convenable.;Mein Begünstigter §Y[old_crusade_beneficiary.GetDynName]§! ist ein [old_crusade_beneficiary.GetAscetic] geworden und kann daher nicht länger begünstigt werden.;;Mi beneficiario, §Y[old_crusade_beneficiary.GetDynName]§!, se ha convertido en [old_crusade_beneficiary.GetAscetic] y ya no es un beneficiario válido.;;;;;x
EVTDESC_HFP_41120_1;[Root.GetTitledName]\nI write to inform you that the Holy See no longer supports [old_crusade_recipient.GetDynName] for the lands of [current_crusade_target_title.GetName], but rather [new_crusade_recipient.GetDynName].\n\nSigned,\n[From.GetTitledName];[Root.GetTitledName]\nJe vous informe que le Saint-Siège ne soutient plus [old_crusade_recipient.GetDynName] pour les terres [current_crusade_target_title.Get_du_Realm] et lui préfère [new_crusade_recipient.GetDynName].\n\nSigné,\n[From.GetTitledName];[Root.GetTitledName]\nIch schreibe euch um euch mitzuteilen, dass der Heilige Stuhl nicht länger [old_crusade_recipient.GetDynName] für die Ländereien von [current_crusade_target_title.GetName] begünstigt, sondern [new_crusade_recipient.GetDynName].\n\nGezeichnet,\n[From.GetTitledName];;[Root.GetTitledName]\nOs escribo para deciros que la Santa Sede ya no apoya a [old_crusade_recipient.GetDynName] para recibir las tierras de [current_crusade_target_title.GetName], sino a [new_crusade_recipient.GetDynName]. \n\nFirmado,\n[From.GetTitledName];;;;;x
EVTDESC_HFP_41120_2;[Root.GetTitledName]\nI write to inform you that the Holy See can no longer support [old_crusade_recipient.GetDynName] for the lands of [current_crusade_target_title.GetName], as [old_crusade_recipient.GetSheHe] has passed away. The Holy See now support [new_crusade_recipient.GetDynName] to be granted the titles.\n\nSigned,\n[From.GetTitledName];[Root.GetTitledName]\nJe vous informe que le Saint-Siège ne peut plus soutenir [old_crusade_recipient.GetDynName] pour les terres [current_crusade_target_title.Get_du_Realm], puisqu'[old_crusade_recipient.GetIlElle] a trépassé. Le Saint-Siège soutient à présent [new_crusade_recipient.GetDynName] pour recevoir les titres.\n\nSigné,\n[From.GetTitledName];[Root.GetTitledName]\nIch schreibe euch um euch mitzuteilen, dass der Heilige Stuhl nicht länger [old_crusade_recipient.GetDynName] für die Ländereien von [current_crusade_target_title.GetName] begünstigt, da [old_crusade_recipient.GetSheHe] verstorben ist. Der Heilige Stuhl unterstützt nun [new_crusade_recipient.GetDynName].\n\nGezeichnet,\n[From.GetTitledName];;[Root.GetTitledName]\nOs escribo para deciros que, al morir [old_crusade_recipient.GetDynName], la Santa Sede ya no puede seguir apoyándo[old_crusade_recipient.GetLoLa] para las tierras de [current_crusade_target_title.GetName]. De modo que ahora apoya que [new_crusade_recipient.GetDynName] reciba los títulos.\n\nFirmado,\n[From.GetTitledName];;;;;x
EVTDESC_HFP_41120_3;[Root.GetTitledName]\nI write to inform you that the Holy See can no longer support [old_crusade_recipient.GetDynName] for the lands of [current_crusade_target_title.GetName], as [old_crusade_recipient.GetSheHe] has passed away. The Holy See now supports [old_crusade_recipient.GetHerHis] heir [new_crusade_recipient.GetDynName] for the throne.\n\nSigned,\n[From.GetTitledName];[Root.GetTitledName]\nJe vous informe que le Saint-Siège ne peut plus soutenir [old_crusade_recipient.GetDynName] pour les terres [current_crusade_target_title.Get_du_Realm], puisqu'[old_crusade_recipient.GetIlElle] a trépassé. Le Saint-Siège soutient à présent son hériti[new_crusade_recipient.GetErEre] [new_crusade_recipient.GetDynName] pour le trône.\n\nSigné,\n[From.GetTitledName];[Root.GetTitledName]\nIch schreibe euch um euch mitzuteilen, dass der Heilige Stuhl nicht länger [old_crusade_recipient.GetDynName] für die Ländereien von [current_crusade_target_title.GetName] begünstigt, da [old_crusade_recipient.GetSheHe] verstorben ist. Der Heilige Stuhl unterstützt nun [old_crusade_recipient.GetHerHis]en Erben [new_crusade_recipient.GetDynName] für den Thron.\n\nGezeichnet,\n[From.GetTitledName];;[Root.GetTitledName]\nOs escribo para deciros que, al morir [old_crusade_recipient.GetDynName], la Santa Sede ya no puede seguir apoyándo[old_crusade_recipient.GetLoLa] para las tierras de [current_crusade_target_title.GetName]. De modo que ahora apoya a su heredero al trono.\n\nFirmado,\n[From.GetTitledName];;;;;x
EVTDESC_HFP_41120_4;[Root.GetTitledName]\nI write to inform you that the Holy See has decided to start supporting you as the recipient for the lands of [current_crusade_target_title.GetName], after the death of [old_crusade_recipient.GetDynName].\n\nSigned,\n[From.GetTitledName];[Root.GetTitledName]\nJe vous informe que le Saint-Siège a décidé de vous soutenir comme bénéficiaire des terres [current_crusade_target_title.Get_du_Realm], après la mort de [old_crusade_recipient.GetDynName].\n\nSigné,\n[From.GetTitledName];[Root.GetTitledName]\nIch schreibe euch um euch mitzuteilen, dass der Heilige Stuhl nun EUCH nach dem Tod von [old_crusade_recipient.GetDynName] als Begünstigter für die Ländereien von [current_crusade_target_title.GetName] unterstützt.\n\nGezeichnet,\n[From.GetTitledName];;[Root.GetTitledName]\nOs escribo para deciros que tras la muerte de [current_crusade_target_title.GetName], la Santa Sede ha decidido empezar a apoyaros como receptor de las tierras de [current_crusade_target_title.GetName]. \n\nFirmado,\n[From.GetTitledName];;;;;x
EVTDESC_HFP_41120_5;[Root.GetTitledName]\nI write to inform you that the Holy See has decided to start supporting you as the recipient for the lands of [current_crusade_target_title.GetName].\n\nSigned,\n[From.GetTitledName];[Root.GetTitledName]\nJe vous informe que le Saint-Siège a décidé de vous soutenir comme bénéficiaire des terres [current_crusade_target_title.Get_du_Realm].\n\nSigné,\n[From.GetTitledName];[Root.GetTitledName]\nIch schreibe euch um euch mitzuteilen, dass der Heilige Stuhl nun EUCH als Begünstigter für die Ländereien von [current_crusade_target_title.GetName] unterstützt.\n\nGezeichnet,\n[From.GetTitledName];;[Root.GetTitledName]\nOs escribo para deciros que la Santa Sede ha decidido empezar a apoyaros como receptor de las tierras de [current_crusade_target_title.GetName]. \n\nFirmado,\n[From.GetTitledName];;;;;x
EVTDESC_HFP_41121_1;[Root.GetTitledName]\nI write to inform you that the Holy See no longer supports [old_crusade_recipient.GetDynName] for the lands of [current_crusade_target_title.GetName]. With no fitting ruler, I will let you faithful men and women of the Cross decide who these titles might befit.\n\nSigned,\n[From.GetTitledName];[Root.GetTitledName]\nJe vous informe que le Saint-Siège ne soutient plus [old_crusade_recipient.GetDynName] pour les terres [current_crusade_target_title.Get_du_Realm]. Puisque je n'ai pas de dirigeant qui convienne, je vous laisse, vous, fidèles hommes et femmes de la Croix, décider qui recevra ces titres.\n\nSigné,\n[From.GetTitledName];[Root.GetTitledName]\nIch schreibe euch um euch mitzuteilen, dass der Heilige Stuhl nicht länger [old_crusade_recipient.GetDynName] für die Ländereien von [current_crusade_target_title.GetName] unterstützt. Ohne geeigneten Herrscher werde ich euch glaubenstreue Männer und Frauen des Kreuzes entscheiden lassen, wem diese Titel gebühren.\n\nGezeichnet,\n[From.GetTitledName];;[Root.GetTitledName]\nEscribo para informarte que la Santa Sede ya no apoya a [old_crusade_recipient.GetDynName] para las tierras de [current_crusade_target_title.GetName]. Al carecer de un gobernante apropiado, dejaré que los fieles hombres y mujeres de la cruz decidáis a quién deben pertenecer estos títulos.\n\nFirmado,\n[From.GetTitledName];;;;;x
EVTDESC_HFP_41121_2;[Root.GetTitledName]\nI write to inform you that the Holy See can no longer support [old_crusade_recipient.GetDynName] for the lands of [current_crusade_target_title.GetName], as [old_crusade_recipient.GetSheHe] has passed away. With no fitting ruler available, I will let you faithful men and women of the Cross decide who will receive these titles.\n\nSigned,\n[From.GetTitledName];[Root.GetTitledName]\nJe vous informe que le Saint-Siège ne peut plus soutenir [old_crusade_recipient.GetDynName] pour les terres [current_crusade_target_title.Get_du_Realm], puisqu'[old_crusade_recipient.GetIlElle] a trépassé. Puisque je n'ai pas de dirigeant qui convienne, je vous laisse, vous, fidèles hommes et femmes de la Croix, décider qui recevra ces titres.\n\nSigné,\n[From.GetTitledName];[Root.GetTitledName]\nIch schreibe euch um euch mitzuteilen, dass der Heilige Stuhl nicht länger [old_crusade_recipient.GetDynName] für die Ländereien von [current_crusade_target_title.GetName] unterstützt, da [old_crusade_recipient.GetSheHe] verstorben ist. Ohne geeigneten Herrscher werde ich euch glaubenstreue Männer und Frauen des Kreuzes entscheiden lassen, wem diese Titel gebühren.\n\nGezeichnet,\n[From.GetTitledName];;[Root.GetTitledName]\nEscribo para informarte que la Santa Sede ya no puede apoyar a [old_crusade_recipient.GetDynName] para las tierras de [current_crusade_target_title.GetName], puesto que ha fallecido. al carecer de un gobernante apropiado, dejaré que los fieles hombres y mujeres de la cruz decidáis a quién deben pertenecer estos títulos.\n\nFirmado,\n[From.GetTitledName];;;;;x
EVTDESC_HFP_41131;[Root.GetTitledFirstName]\nThe Vatican is deeply disappointed in your decision to not join the Crusade. Your lack of faith is shocking, and I thought one could think better of a ruler such as you. \n\nSigned,\n[From.GetTitledFirstName];[Root.GetTitledFirstName]\nLe Vatican est profondément déçu par votre décision de ne pas rejoindre la croisade. Votre manque de foi est choquant et je pensais qu'on pouvait attendre mieux de quelqu'un comme vous.\n\nSigné,\n[From.GetTitledFirstName];[Root.GetTitledFirstName]\nDer Vatikan ist tief enttäuscht von eurer Entscheidung nicht dem Kreuzzug beizutreten. Euer Mangel an Glaube ist schockierend und ich dachte, man könnte sich auf einen Herrscher wie euch verlassen.\n\nGezeichnet,\n[From.GetTitledFirstName];;[Root.GetTitledFirstName]\nEl Vaticano está sumamente decepcionado con tu decisión de no unirte a la cruzada. Tu falta de fe es escandalosa y habría esperado algo mejor de un[Root.GetXA] gobernante como tú.\n\nFirmado,\n[From.GetTitledName];;;;;x
EVTDESC_HFP_41144;[Root.GetTitledFirstName]\nI have noticed that neither you nor your troops have partaken in the Crusade you pledged to join. I am disgusted that you would dare to lie about something like this, and expect your troops to show up soon.\n\nSigned,\n[From.GetTitledName];[Root.GetTitledFirstName]\nJ'ai remarqué que ni vous ni vos troupes n'avez participé à la croisade que vous vous étiez engagé à rejoindre. Je suis écoeuré[Root.Get_E] que vous osiez mentir sur ce genre de sujet et suis dans l'attente de voir vos troupes bientôt.\n\nSigné,\n[From.GetTitledName];[Root.GetTitledFirstName]\nIch habe bemerkt, dass weder ihr, noch eure Truppen am Kreuzzug teilgenommen haben, zu dem ihr euch verpflichtet habt. Ich bin angewidert, dass ihr über so etwas lügen könnt und erwarte, dass eure Truppen bald auftauchen.\n\nGezeichnet,\n[From.GetTitledName];;[Root.GetTitledName]\nHe notado que ni tus tropas ni tú habéis tomado parte en la cruzada en la que os comprometisteis a formar parte. Me disgusta que te hayas atrevido a mentir sobre algo como esto y espero que tus tropas aparezcan pronto.\n\nFirmado,\n[From.GetTitledName];;;;;x
EVTDESC_HFP_41147;[Root.GetTitledFirstName]\nYou have already received one warning, and clearly not taken heed. I consider your lack of faith and interest in keeping your promise to be unbecoming of a Christian ruler.\n\nSigned,\n[From.GetTitledName].;[Root.GetTitledFirstName]\nVous avez déjà reçu un avertissement et vous n'en avez manifestement pas tenu compte. Je considère votre manque de foi et de volonté à tenir votre promesse indigne d'un dirigeant chrétien.\n\nSigné,\n[From.GetTitledName].;[Root.GetTitledFirstName]\nIhr habt bereits eine Warnung erhalten und diese offensichtlich nicht beachtet. Ich werte euren Mangel an Glauben und Interesse daran, dass euer gebrochenes Versprechen es unwürdig macht ein christlicher Herrscher zu bleiben.\n\nGezeichnet,\n[From.GetTitledName].;;[Root.GetTitledName]\nYa has recibido una advertencia y es obvio que no la escuchaste. Considero que tu falta de fe e interés en mantener la promesa es impropia de un gobernante cristiano.\n\nFirmado,\n[From.GetTitledName];;;;;x
EVTDESC_HFP_41160;[From.Religion.GetHighGodName] has granted [new_crusade_most_participating_member.GetTitledName] victory in the Crusade for [new_crusade_title.GetBaseName]. [new_crusade_target_char.GetTitledName] has been beaten at every turn through the war, and [new_crusade_target_char.GetSheHe] has finally had to give up on [new_crusade_target_char.GetHerHis] holdings in [new_crusade_title.GetBaseName].\n\n[Root.GetCrusadeSelfishOrNot]\n\nWith the [new_crusade_target_char.Religion.GetGroupName]s being pushed out of their old lands, there are certainly more conflicts to come.;La victoire a été accordée par [From.Get_le_HighGod] [new_crusade_most_participating_member.Get_au_TitledName] dans la croisade pour [new_crusade_title.GetBaseName]. [new_crusade_target_char.Get_Le_TitledName] a été battu[new_crusade_target_char.Get_E] à chaque occasion durant la guerre et a finalement dû renoncer à ses propriétés.\n\n[Root.GetCrusadeSelfishOrNot]\n\nMaintenant que les [new_crusade_target_char.GetReligiousGroupMascPl] ont été chassés de leurs terres, on peut s'attendre à plus de conflits dans les prochains temps.;[From.Religion.GetHighGodName] hat [new_crusade_most_participating_member.GetTitledName] im Kreuzzug um [new_crusade_title.GetBaseName] den Sieg gewährt. [new_crusade_target_char.GetTitledName] wurde bei jeder Phase des Krieges besiegt und musste schließlich auf [new_crusade_target_char.GetHerHis]e Besitztümer in [new_crusade_title.GetBaseName] verzichten.\n\n[Root.GetCrusadeSelfishOrNot]\n\nJetzt, wo die Anhänger des [new_crusade_target_char.Religion.GetGroupName]en Glaubens aus ihren alten Ländern verdrängt wurden, gibt es sichere weitere Konflikte.;;[From.Religion.GetHighGodName] ha concedido a [new_crusade_most_participating_member.GetTitledName] la victoria en la cruzada por [new_crusade_title.GetBaseName]. [new_crusade_target_char.GetTitledName] fue totalmente derrotado en todas las fases de la guerra, y finalmente ha tenido que renunciar a sus dominios en [new_crusade_title.GetBaseName]. \n\n[Root.GetCrusadeSelfishOrNot]\n\nCon el pueblo [new_crusade_target_char.Religion.GetGroupName] expulsado de sus viejas tierras, está claro que habrá más conflictos por llegar.;;;;;x

EVTOPTA_HFP_41004;I should consider preparing my men.;Je devrais préparer mes hommes.;Ich sollte meine Männer vorbereiten.;;Debo pensar en preparar a mis hombres.;;;;;x
EVTOPTA_HFP_41004_TT;The preparations for the next Crusade begins.;Les préparatifs pour la prochaine croisade commencent.;Die Vorbereitungen für den nächsten Kreuzzug beginnen.;;Comienzan los preparativos para la próxima cruzada.;;;;;x
EVTOPTA_HFP_41009;Deus Vult!;Deus Vult !;Deus Vult!;;Deus Vult!;;;;;x
EVTOPTA_HFP_41009_TT;The Crusade for [crusade_title.GetName] begins.;La croisade pour [crusade_title.Get_le_Realm] commence.;Der Kreuzzug um [crusade_title.GetName] beginnt.;;Empieza la cruzada por [crusade_title.GetName];;;;;x
EVTOPTA_HFP_41011;A terrible day for all of us.;Un jour terrible pour nous tous.;Ein schrecklicher Tag für uns alle.;;Un día terrible para todos nosotros.;;;;;x
EVTOPTA_HFP_41011_TT;The Crusade has been canceled.;La croisade a été annulée.;Der Kreuzzug wurde abgesagt.;;Se ha cancelado la cruzada.;;;;;x
EVTOPTA_HFP_41022;I guess I will go then...;Je suppose que je vais y aller alors...;Dann werde ich wohl gehen...;;Entonces supongo que iré;;;;;x
EVTOPTA_HFP_41031;Thanks, I appreciate it.;Merci.;Danke, ich weiß das zu schätzen.;;Gracias, lo agradezco.;;;;;x
EVTOPTA_HFP_41032;I appreciate the gesture.;J'apprécie le geste.;Ich weiß diese Geste zu schätzen.;;Agradezco el gesto.;;;;;x
EVTOPTA_HFP_41033;Maybe it is for the better.;Peut-être que c'est pour le mieux.;Vielleicht ist das zum Besseren.;;Tal vez sea lo mejor.;;;;;x
EVTOPTA_HFP_41034;Da pacem Domine.;Da pacem Domine.;Da pacem Domine.;;Da pacem Domine.;;;;;x
EVTOPTA_HFP_41035;I am inspired to do my utmost.;Cela m'incite à faire tout mon possible.;Ich werde mein Äußerstes tun!;;Me ha inspirado a hacer todo lo posible.;;;;;x
EVTOPTA_HFP_41041;How dare [displeased_courtier.GetSheHe]?!;Comment ose-t-[displeased_courtier.GetIlElle] ?!;Wie kann [displeased_courtier.GetSheHe] es wagen!?;;¿Cómo osa?;;;;;x
EVTOPTA_HFP_41042;That is none of [displeased_participant.GetHerHis] business.;Ce ne sont pas ses affaires.;Das geht [displeased_participant.Getihnsie] ja mal gar nichts an.;;Eso no es asunto suyo.;;;;;x
EVTOPTA_HFP_41043;Well, I don't like [displeased_participant.GetHerHim] either!;Eh bien, je ne l'aime pas non plus !;Nun, ich konnte [displeased_participant.Getihnsie] noch nie leiden!;;¡Pues a mí tampoco me gusta [displeased_participant.GetElElla]!;;;;;x
EVTOPTA_HFP_41045;Unfaithful and despicable.;Déloyal[unpledging_actor.Get_E] et méprisable.;Ungläubig und verachtenswert.;;Desleal y despreciable.;;;;;x
EVTOPTA_HFP_41051;Yes, you are right your Holiness.;Vous avez raison, Votre Sainteté.;Ja, ihr habt Recht, eure Heiligkeit.;;Sí, tenéis razón, Su Santidad.;;;;;x
EVTOPTA_HFP_41054;I wish [new_crusader_king.GetHerHim] luck.;Je lui souhaite bonne chance.;Ich wünsche [new_crusader_king.GetHerHim] Glück.;;Le deseo buena suerte.;;;;;x
EVTOPTA_HFP_41057;Thank you, Your Holiness.;Merci, Votre Sainteté.;Vielen Dank, eure Heiligkeit.;;Gracias, Su Santidad.;;;;;x
EVTOPTA_HFP_41061;No, [Root.PrimaryTitle.GetName] is my home.;Non, [Root.PrimaryTitle.Get_le_Realm], c'est chez moi.;[Root.PrimaryTitle.GetName] ist meine Heimat.;;[Root.PrimaryTitle.GetName] es mi hogar.;;;;;x
EVTOPTA_HFP_41075;I thank you, [From.GetTitledFirstName].;Je vous remercie, [From.GetTitledFirstName].;Ich danke euch, [From.GetTitledFirstName].;;Te lo agradezco, [From.GetTitledFirstName].;;;;;x
EVTOPTA_HFP_41088;I hope the Pope will appreciate this gesture.;J'espère que le Pape appréciera ce geste.;Ich hoffe, dass der Papst diese Geste zu schätzen weiß.;;Espero que el papa aprecie este gesto.;;;;;x
EVTOPTA_HFP_41091;I will let the Pope decide.;Je vais laisser le Pape décider.;Der Papst soll entscheiden.;;Dejaré que decida el papa.;;;;;x
EVTOPTA_HFP_41091_TT;If the Crusade is won, the Pope will grant the titles to the §YPapal Crusade Recipient§!. If there is none, it will pass down to the §YBeneficiary§! of the most participating member of the Crusade.;Si la croisade est victorieuse, le pape accordera les titres au §Ybénéficiaire papal de la croisade§!. S'il n'y en a aucun, ce sera le §Ybénéficiaire§! du principal contributeur de la croisade.;Wenn der Kreuzzug gewonnen wird, wird der Papst die Titel an den §YBegünstigten des Papstes§! verteilen. Wenn es keinen gibt, wird es auf den §YBegünstigten§! übertragen, der am meisten am Kreuzzug teilgenommen hat.;;Si se gana la cruzada, el papa otorgará los títulos al §Yreceptor de la cruzada papal§!. Si no hay ninguno, pasará al §Ybeneficiario§! del miembro que más haya participado en la cruzada.;;;;;x
EVTOPTA_HFP_41121;I might have someone in mind.;Je peux donc choisir qui je veux.;Ich habe da jemanden im Kopf.;;Puede se me ocurra alguien.;;;;;x
EVTOPTA_HFP_41121_TT;Any pledged participant with the §YPapal Recipient Stance§! will have their stance changed to §YBeneficiary Recipient Stance§!;Tout participant engagé avec la §YPosition en faveur du bénéficiaire papal§! aura sa position changée en §YPosition en faveur du bénéficiaire désigné§!;Jeder verschworene Teilnehmer mit der §YHaltung Päpstlicher Begünstigter§! ändert seine Haltung zu einem eigenen §YBegünstigten§!;;Cualquier participante comprometido con la §Ypostura del receptor papal§! la cambiará a la §Ypostura del receptor beneficiario§!;;;;;x
EVTOPTA_HFP_41131;I decide what is best for my people, not you.;Je décide de ce qui est le mieux pour mon peuple, pas vous.;Ich entscheide, was das Beste für meine Leute ist, nicht ihr.;;Yo, y no tú, decidiré qué es lo mejor para mi pueblo.;;;;;x
EVTOPTA_HFP_41144;I guess... I should?;Je suppose que... je devrais ?;Ich denke... ich sollte?;;Supongo que ¿debo?;;;;;x
EVTOPTA_HFP_41147;[From.GetSheHeCap] does not sound pleased...;[From.GetIlElleCap] ne semble pas content[From.Get_E]...;[From.GetSheHeCap] scheint nicht sonderlich erfreut...;;No parece muy feliz;;;;;x
EVTOPTA_HFP_41160;Praise [From.Religion.GetHighGodName]!;Louons [From.Get_le_HighGod] !;Hoch lebe [From.Religion.GetHighGodName]!;;¡Alabemos a [From.Religion.GetHighGodName]!;;;;;x

EVTOPTB_HFP_41004;My men are ready! To [crusade_title.GetBaseName]!;Mes hommes sont prêts ! En avant vers [crusade_title.GetBaseName] !;Meine Männer sind bereit! Auf nach [crusade_title.GetBaseName]!;;¡Mis hombres están listos! ¡A [crusade_title.GetBaseName]!;;;;;x
EVTOPTB_HFP_41009;Those [From.Religion.GetGroupName] heathens!;Maudits [From.GetReligiousGroupMascPl] !;Diese [From.Religion.GetGroupName]en Heiden!;;¡Malditos paganos [From.Religion.GetGroupName]s!;;;;;x
EVTOPTB_HFP_41032;Let us fight the heathens together!;Combattons les païens ensemble !;Lasst uns die Heiden gemeinsam bekämpfen!;;¡Luchemos juntos contra los paganos!;;;;;x
EVTOPTB_HFP_41033;I think not!;Je ne pense pas !;Das denke ich nicht!;;¡Creo que no!;;;;;x
EVTOPTB_HFP_41035;An eye for your wisdom, you say?;Un oeil pour votre sagesse, dites-vous ?;Ein Auge für eure Weisheit, sagt ihr?;;¿Dar un ojo por tu sabiduría?;;;;;x
EVTOPTB_HFP_41041;Maybe it wasn't the right decision after all.;Peut-être que ce n'était pas la bonne décision après tout.;Vielleicht war es doch nicht die richtige Entscheidung.;;Puede que no fuera la decisión correcta.;;;;;x
EVTOPTB_HFP_41045;What did [From.GetSheHe] call me!?;Comment m'a-t-[From.GetIlElle] appelé !?;Wie hat [From.GetSheHe] mich genannt!?;;¿Qué me ha llamado?;;;;;x
EVTOPTB_HFP_41051;I need time to reconsider.;J'ai besoin de temps pour y réfléchir.;Ich muss das überdenken.;;Necesito tiempo para reconsiderarlo.;;;;;x
EVTOPTB_HFP_41051_TT;Not joining nor supporting the Crusade might have dire consequences.;Ne pas rejoindre ni soutenir la croisade pourrait avoir des conséquences désastreuses.;Dem Kreuzzug weder beizutreten noch diesen anderweitig zu unterstützen kann schlimme Folgen haben.;;No unirse o apoyar la cruzada puede tener graves consecuencias.;;;;;x
EVTOPTB_HFP_41054;If only it could have been me...;Si seulement ça pouvait être moi...;Wenn dies nur ich gewesen wäre...;;Ojalá hubiera sido yo;;;;;x
EVTOPTB_HFP_41061;Maybe in another life, it could have been me.;Peut-être dans une autre vie, cela aurait pu être moi.;In einem anderen Leben hätte ich es vielleicht sein können.;;En otra vida pude haber sido yo.;;;;;x
EVTOPTB_HFP_41088;I know just how much.;Je sais combien.;Ich weiß genau wie viel.;;Sé exactamente cuánto.;;;;;x
EVTOPTB_HFP_41091;My beneficiary will get the titles.;Mon bénéficiaire aura les titres.;Mein Begünstigter soll die Titel bekommen.;;Mi beneficiario se quedará los títulos.;;;;;x
EVTOPTB_HFP_41091_TT;If the Crusade is won, and I am the most participating member of the war, the Crusade title will be granted to my §YBeneficiary§!.;Si la croisade est victorieuse et que je suis le principal contributeur de la guerre, les titres seront accordés à mon §Ybénéficiaire§!.;Wenn der Kreuzzug gewonnen wird und ich am meisten zum Krieg beigetragen habe, wird der Titel des Kreuzzugs an meinen §YBegünstigten§! gegeben§!.;;Si se gana la cruzada y soy el miembro que más ha participado en la guerra, mi §Ybeneficiario§! recibirá el título de la cruzada.;;;;;x
EVTOPTB_HFP_41120;I thank you, my friend.;Je vous remercie.;Ich danke euch, Freund.;;Gracias, amigo mío.;;;;;x
EVTOPTB_HFP_41160;Cursed infidels!;Maudits infidèles !;Verfluchte Ungläubige!;;¡Malditos infieles!;;;;;x

EVTOPTC_HFP_41004;I wish my fellow [Root.Religion.GetGroupName]s luck!;Je souhaite bonne chance à mes coreligionnaires [Root.GetReligiousGroupMascPl] !;Ich wünsche meinen Glaubensbrüdern und Schwestern Glück!;;¡Deseo buena suerte a mis hermanos [Root.Religion.GetGroupName]s!;;;;;x
EVTOPTC_HFP_41022;I will support the Crusade.;Je soutiendrai la croisade.;Ich werde den Kreuzzug unterstützen.;;Apoyaré la cruzada.;;;;;x
EVTOPTC_HFP_41035;We will see each other again!;Nous nous reverrons !;Wir werden uns wiedersehen!;;¡Nos volveremos a ver!;;;;;x
EVTOPTC_HFP_41088;A grand gift befitting my station!;Un grand cadeau qui sied à mon rang !;Eine großzügige Spende meines Ranges entsprechen.;;¡Un gran regalo digno de mi posición!;;;;;x
EVTOPTC_HFP_41091;Why would I give MY titles away?;Pourquoi distribuerais-je mes titres ?;Warum sollte ich MEINE Titel abgeben?;;¿Por qué voy a regalar MIS títulos?;;;;;x
EVTOPTC_HFP_41091_TT;If the Crusade is won, and I am the most participating member of the war, I will take the titles for myself.;Si la croisade est victorieuse et que je suis le principal contributeur de la guerre, les titres me seront accordés.;Wenn der Kreuzzug gewonnen wird und ich am meisten zum Krieg beigetragen habe, werde ich die Titel für mich selbst nehmen.;;Si se gana la cruzada y soy el miembro que más ha participado en la guerra, me quedaré con todos los títulos.;;;;;x

EVTOPTD_HFP_41088;I simply can not afford to donate anything...;Je ne peux tout simplement pas me permettre de faire un don...;Ich kann es mir einfach nicht leisten etwas zu spenden...;;Sencillamente, no me puedo permitir donar nada;;;;;x
EVTOPTD_HFP_41091;I will stick to my previous decision.;Je vais m'en tenir à ma précédente décision.;Ich werde bei meiner vorherigen Entscheidung bleiben.;;Me atendré a mi decisión previa.;;;;;x

EVTTITLE_HFP_41004;The Faithful Prepare for War;Les fidèles se préparent à la guerre;Gläubige bereiten Krieg vor;;Los fieles se preparan para la guerra;;;;;x
EVTTITLE_HFP_41009;Crusade for [crusade_title.GetBaseName];Croisade pour [crusade_title.GetBaseName];Kreuzzug um [crusade_title.GetBaseName];;Cruzada por [crusade_title.GetBaseName];;;;;x
EVTTITLE_HFP_41011;[Root.Religion.GetGroupName] Failure;L'échec [Root.Religion.GetGroupName];[Root.Religion.GetGroupName]er Fehlschlag;;Fracaso [Root.Religion.GetGroupName];;;;;x
EVTTITLE_HFP_41045;Traitor to the Faith;Traître à la foi;Verräter des Glaubens;;Traidor a la fe;;;;;x
EVTTITLE_HFP_41054;The Crusader [new_crusader_king.GetKingQueen];Le Croisé [new_crusader_king.GetKingQueen];[new_crusader_king.GetDerDie] Kreuzritter-[new_crusader_king.GetKingQueen];;[new_crusader_king.GetKingQueen] cruzad[new_crusader_king.GetOA];;;;;x
EVTTITLE_HFP_41061;The [beneficiary_check_crusader_beneficiary.GetLordLady] in [beneficiary_check_crusader_beneficiary.PrimaryTitle.GetName];[beneficiary_check_crusader_beneficiary.GetLeLaCap] [beneficiary_check_crusader_beneficiary.GetLordLady] [beneficiary_check_crusader_beneficiary.PrimaryTitle.Get_en_Realm];[beneficiary_check_crusader_beneficiary.GetDerDie] [beneficiary_check_crusader_beneficiary.GetLordLady] in [beneficiary_check_crusader_beneficiary.PrimaryTitle.GetName];;[beneficiary_check_crusader_beneficiary.GetElLaCap] [beneficiary_check_crusader_beneficiary.GetLordLady] en [beneficiary_check_crusader_beneficiary.PrimaryTitle.GetName];;;;;x
EVTTITLE_HFP_41160;Victorious Crusaders;Croisés victorieux;Siegreiche Kreuzritter;;Cruzados victoriosos;;;;;x
